Million_Plus_Cities,Age_band_of_driver,Accident_severity,Cause_of_accident,Weather Conditions,Road Type,Road Condition,Lighting Conditions,Latitude,Longitude,Time_Block,Vehicle Type Involved
0,0,0,0,0,0,0,0,26.9124,75.7873,0,0
1,1,1,1,1,1,1,1,27.1767,78.0081,0,1
1,0,1,2,2,2,2,2,27.1767,78.0081,1,2
1,0,1,3,0,0,0,0,27.1767,78.0081,0,3
1,0,1,1,2,1,3,1,27.1767,78.0081,1,0
1,1,1,4,3,3,1,0,27.1767,78.0081,1,4
1,2,1,5,2,1,2,1,27.1767,78.0081,2,5
1,0,1,6,0,4,4,3,27.1767,78.0081,1,4
1,2,0,3,0,0,0,2,27.1767,78.0081,1,4
1,0,1,0,2,4,2,0,27.1767,78.0081,0,1
1,0,0,2,0,0,0,1,27.1767,78.0081,0,2
1,1,1,7,0,2,3,1,27.1767,78.0081,3,3
1,0,1,8,1,0,0,0,27.1767,78.0081,0,0
1,1,1,6,0,4,3,1,27.1767,78.0081,1,1
2,1,1,8,2,0,0,0,19.076,72.8777,2,3
1,0,1,8,0,4,2,1,27.1767,78.0081,3,0
1,0,1,0,4,3,4,0,27.1767,78.0081,3,0
3,0,0,3,0,0,0,3,20.5937,78.9629,2,1
1,0,1,7,4,2,2,2,27.1767,78.0081,1,6
4,0,0,0,2,0,0,0,20.5937,78.9629,1,1
1,0,1,9,0,0,0,0,27.1767,78.0081,1,5
1,0,1,1,1,1,1,1,27.1767,78.0081,0,1
1,2,1,4,0,2,3,0,27.1767,78.0081,2,5
1,2,0,3,0,0,0,0,27.1767,78.0081,3,0
1,0,1,10,2,1,4,2,27.1767,78.0081,0,5
1,0,1,5,3,2,3,0,27.1767,78.0081,1,6
1,0,1,2,0,4,2,0,27.1767,78.0081,3,2
1,2,1,3,3,2,4,1,27.1767,78.0081,0,1
1,2,1,7,0,3,3,0,27.1767,78.0081,3,1
1,2,0,11,1,0,0,1,27.1767,78.0081,1,5
5,0,1,2,3,0,0,0,23.0225,72.5714,3,1
6,0,0,6,0,0,0,3,20.5937,78.9629,1,3
5,0,1,3,0,0,0,2,23.0225,72.5714,0,3
7,1,1,8,0,0,0,0,22.5726,88.3639,3,6
5,0,1,7,3,2,1,2,23.0225,72.5714,2,2
7,0,0,8,0,0,0,3,22.5726,88.3639,1,0
5,0,1,6,0,0,0,2,23.0225,72.5714,3,1
5,2,1,5,0,0,0,0,23.0225,72.5714,2,1
5,0,1,12,2,1,2,0,23.0225,72.5714,2,4
8,2,1,2,0,0,0,1,20.5937,78.9629,1,4
5,1,1,12,4,2,2,0,23.0225,72.5714,2,1
7,1,1,2,2,0,0,0,22.5726,88.3639,2,6
5,0,0,6,0,0,0,2,23.0225,72.5714,1,6
9,0,0,8,0,0,0,3,20.5937,78.9629,1,0
5,0,1,3,0,2,4,2,23.0225,72.5714,1,4
5,1,0,3,4,0,0,0,23.0225,72.5714,0,1
5,1,0,13,0,0,0,3,23.0225,72.5714,1,6
10,1,1,8,4,0,0,0,20.5937,78.9629,2,0
5,0,1,3,0,3,0,0,23.0225,72.5714,1,1
5,0,1,2,1,2,1,0,23.0225,72.5714,0,6
9,0,0,9,4,0,0,1,20.5937,78.9629,0,5
5,1,1,5,4,2,3,0,23.0225,72.5714,2,5
5,2,1,5,0,2,2,0,23.0225,72.5714,0,5
5,2,1,8,0,4,4,2,23.0225,72.5714,1,6
5,2,1,6,0,4,1,1,23.0225,72.5714,1,2
5,0,1,1,0,4,2,3,23.0225,72.5714,2,3
5,0,1,7,3,0,0,3,23.0225,72.5714,0,1
5,1,1,8,0,4,0,0,23.0225,72.5714,0,5
5,2,1,3,0,0,0,2,23.0225,72.5714,0,0
11,0,0,12,2,0,0,0,20.5937,78.9629,1,5
8,2,1,3,1,4,1,0,20.5937,78.9629,1,5
8,1,0,1,0,0,0,2,20.5937,78.9629,1,2
8,1,1,5,0,1,1,0,20.5937,78.9629,1,3
12,1,1,14,2,0,0,0,28.6139,77.209,1,0
8,0,1,13,1,3,1,0,20.5937,78.9629,0,5
8,1,1,15,0,2,0,2,20.5937,78.9629,1,1
8,1,1,3,0,1,3,3,20.5937,78.9629,2,6
8,0,1,8,0,3,4,2,20.5937,78.9629,3,6
8,0,0,5,0,0,0,1,20.5937,78.9629,2,6
8,1,1,6,0,4,3,0,20.5937,78.9629,1,2
13,2,0,2,1,0,0,0,20.5937,78.9629,0,2
8,1,1,7,0,3,1,3,20.5937,78.9629,3,4
8,1,1,1,2,1,3,0,20.5937,78.9629,3,4
14,1,0,12,0,0,0,2,13.0827,80.2707,0,6
8,1,1,6,3,3,3,3,20.5937,78.9629,1,3
8,1,1,7,0,4,3,0,20.5937,78.9629,3,3
8,0,1,3,0,0,0,1,20.5937,78.9629,0,5
8,0,1,12,0,4,1,3,20.5937,78.9629,0,0
8,1,1,3,0,3,4,3,20.5937,78.9629,2,1
8,0,1,3,0,0,0,0,20.5937,78.9629,1,0
8,1,1,2,3,0,0,3,20.5937,78.9629,3,1
8,1,1,16,4,1,0,3,20.5937,78.9629,2,0
8,0,1,12,0,2,1,0,20.5937,78.9629,1,2
15,0,0,8,0,0,0,0,20.5937,78.9629,3,1
8,0,1,12,0,1,3,0,20.5937,78.9629,1,5
16,0,0,2,1,0,0,0,20.5937,78.9629,3,5
8,1,1,6,4,3,4,1,20.5937,78.9629,2,1
8,0,1,3,0,1,0,2,20.5937,78.9629,0,1
8,0,0,8,1,0,0,0,20.5937,78.9629,0,1
8,1,2,0,2,4,2,1,20.5937,78.9629,0,0
17,1,2,0,0,3,2,0,20.5937,78.9629,1,3
17,0,1,8,0,3,1,1,20.5937,78.9629,0,3
4,0,1,8,3,0,0,0,20.5937,78.9629,3,1
17,0,0,8,4,0,0,0,20.5937,78.9629,3,0
17,0,1,7,0,1,4,2,20.5937,78.9629,1,6
18,0,1,12,0,0,0,0,21.1702,72.8311,0,1
17,0,0,3,0,0,0,0,20.5937,78.9629,3,5
17,1,1,2,0,2,1,1,20.5937,78.9629,3,0
17,0,1,12,3,3,4,0,20.5937,78.9629,3,1
17,0,0,12,2,0,0,0,20.5937,78.9629,3,1
17,0,1,8,0,4,0,0,20.5937,78.9629,3,1
19,1,0,5,0,0,0,0,20.5937,78.9629,1,6
16,0,1,3,4,0,0,1,20.5937,78.9629,1,0
4,2,0,3,0,0,0,1,20.5937,78.9629,1,5
17,2,1,8,1,0,0,0,20.5937,78.9629,1,1
17,0,1,8,0,3,3,3,20.5937,78.9629,3,6
17,1,0,16,0,0,0,0,20.5937,78.9629,1,2
20,2,0,13,3,0,0,0,20.5937,78.9629,1,1
17,0,1,6,1,0,0,1,20.5937,78.9629,2,3
17,0,1,7,0,3,2,3,20.5937,78.9629,1,1
17,0,1,6,0,4,4,0,20.5937,78.9629,2,6
17,0,0,5,0,0,0,0,20.5937,78.9629,0,6
17,1,1,5,0,1,2,3,20.5937,78.9629,0,2
17,1,1,0,1,2,2,1,20.5937,78.9629,1,6
17,0,1,8,0,0,0,0,20.5937,78.9629,0,4
17,1,1,0,0,4,4,0,20.5937,78.9629,2,5
17,1,1,6,0,2,1,0,20.5937,78.9629,0,1
17,0,1,12,0,3,1,2,20.5937,78.9629,3,6
17,0,1,8,3,1,0,0,20.5937,78.9629,0,5
21,0,1,5,4,0,0,0,20.5937,78.9629,2,1
10,0,1,3,0,4,0,0,20.5937,78.9629,0,0
10,0,1,8,0,2,2,3,20.5937,78.9629,2,1
10,1,1,12,0,2,0,0,20.5937,78.9629,0,1
10,0,0,8,0,0,0,0,20.5937,78.9629,3,1
10,0,1,6,0,1,3,0,20.5937,78.9629,1,3
10,1,1,3,0,1,2,3,20.5937,78.9629,0,0
10,0,1,7,0,4,2,0,20.5937,78.9629,2,3
10,0,0,6,4,0,0,0,20.5937,78.9629,0,5
10,0,1,2,0,3,3,0,20.5937,78.9629,0,2
10,0,1,17,0,1,3,0,20.5937,78.9629,1,0
10,2,1,14,0,2,1,0,20.5937,78.9629,2,0
10,0,0,12,0,0,0,3,20.5937,78.9629,2,2
10,0,0,14,0,0,0,0,20.5937,78.9629,0,3
10,0,1,12,4,2,3,3,20.5937,78.9629,0,5
3,2,0,7,0,0,0,1,20.5937,78.9629,1,0
22,0,0,12,0,0,0,0,20.5937,78.9629,0,4
10,0,1,3,2,4,3,0,20.5937,78.9629,0,1
10,1,1,0,3,4,2,0,20.5937,78.9629,1,1
10,0,1,12,3,3,4,0,20.5937,78.9629,1,5
10,1,1,3,1,1,3,2,20.5937,78.9629,2,1
10,1,1,12,0,4,2,2,20.5937,78.9629,1,3
10,1,1,12,2,3,1,0,20.5937,78.9629,0,6
10,0,1,12,3,4,1,0,20.5937,78.9629,1,1
10,0,1,3,0,4,2,0,20.5937,78.9629,0,2
10,0,1,3,0,0,0,3,20.5937,78.9629,1,2
10,0,1,12,4,3,3,0,20.5937,78.9629,0,5
10,0,1,1,0,1,3,0,20.5937,78.9629,0,4
10,0,1,3,0,2,2,0,20.5937,78.9629,0,0
10,0,1,8,0,2,2,3,20.5937,78.9629,3,4
22,0,0,5,0,0,0,3,20.5937,78.9629,1,1
23,0,0,3,1,0,0,2,17.385,78.4867,3,4
24,1,1,3,2,2,4,0,20.5937,78.9629,1,5
24,1,1,1,0,4,4,3,20.5937,78.9629,0,3
24,0,1,5,1,4,2,3,20.5937,78.9629,3,0
24,0,1,14,3,2,1,0,20.5937,78.9629,2,1
24,2,1,1,0,4,2,0,20.5937,78.9629,0,1
24,1,1,6,1,4,1,0,20.5937,78.9629,2,1
24,1,1,0,0,0,0,0,20.5937,78.9629,2,2
24,2,1,5,3,1,2,0,20.5937,78.9629,1,5
24,0,1,6,4,2,2,0,20.5937,78.9629,1,1
24,0,1,7,4,1,1,2,20.5937,78.9629,0,1
24,1,1,3,0,1,2,0,20.5937,78.9629,2,2
24,0,1,3,0,3,1,1,20.5937,78.9629,3,6
24,1,1,3,1,2,1,3,20.5937,78.9629,3,1
24,1,1,14,1,4,3,1,20.5937,78.9629,3,0
24,2,1,2,0,3,1,1,20.5937,78.9629,3,5
24,0,1,0,3,3,3,3,20.5937,78.9629,3,1
24,0,0,13,0,0,0,3,20.5937,78.9629,2,4
24,0,1,0,0,0,0,1,20.5937,78.9629,2,4
8,1,0,8,0,0,0,3,20.5937,78.9629,1,6
24,1,1,5,0,3,2,3,20.5937,78.9629,0,2
24,0,1,6,0,3,1,0,20.5937,78.9629,0,1
24,0,1,3,2,4,0,0,20.5937,78.9629,0,0
23,0,1,5,4,0,0,0,17.385,78.4867,2,0
24,1,1,8,2,2,1,0,20.5937,78.9629,2,3
24,0,1,12,4,3,0,3,20.5937,78.9629,0,3
24,0,1,8,2,2,4,3,20.5937,78.9629,2,2
25,0,0,0,4,0,0,0,20.5937,78.9629,3,0
24,2,1,8,3,2,4,0,20.5937,78.9629,0,2
24,1,1,0,0,4,4,1,20.5937,78.9629,1,5
12,1,0,7,0,0,0,1,28.6139,77.209,2,1
26,1,0,2,0,0,0,3,12.9716,77.5946,1,2
26,1,1,8,2,1,4,3,12.9716,77.5946,0,0
26,2,1,5,2,2,4,1,12.9716,77.5946,1,0
26,0,1,8,1,1,1,0,12.9716,77.5946,2,6
26,0,0,7,4,0,0,1,12.9716,77.5946,1,5
26,0,1,0,0,1,2,0,12.9716,77.5946,1,0
26,1,1,7,3,3,2,0,12.9716,77.5946,0,6
26,0,0,8,0,0,0,0,12.9716,77.5946,1,1
26,1,1,7,0,2,4,3,12.9716,77.5946,0,0
26,0,1,12,0,4,2,3,12.9716,77.5946,0,6
26,0,1,9,0,3,3,1,12.9716,77.5946,0,1
26,0,1,12,2,2,4,2,12.9716,77.5946,2,3
26,0,1,2,2,2,3,0,12.9716,77.5946,2,3
26,0,1,6,1,1,2,2,12.9716,77.5946,3,1
26,2,1,3,3,4,3,2,12.9716,77.5946,1,5
26,0,1,3,0,2,4,0,12.9716,77.5946,0,2
26,0,1,8,0,3,3,3,12.9716,77.5946,0,1
26,0,1,8,0,4,2,3,12.9716,77.5946,0,2
26,0,1,2,2,1,0,0,12.9716,77.5946,3,2
27,0,0,3,1,0,0,2,20.5937,78.9629,3,6
26,0,1,6,4,2,4,0,12.9716,77.5946,0,3
26,0,1,2,1,4,4,1,12.9716,77.5946,3,0
26,0,1,6,3,4,1,1,12.9716,77.5946,2,1
26,0,1,0,1,1,2,2,12.9716,77.5946,3,5
26,1,1,17,0,4,4,3,12.9716,77.5946,3,0
26,0,1,8,1,1,3,0,12.9716,77.5946,0,1
26,0,1,8,0,3,2,1,12.9716,77.5946,1,0
26,0,1,8,3,4,2,0,12.9716,77.5946,3,1
26,1,1,2,0,0,0,0,12.9716,77.5946,1,5
17,1,0,6,0,0,0,0,20.5937,78.9629,0,5
28,0,1,13,0,0,0,0,20.5937,78.9629,0,0
28,0,1,1,3,0,0,0,20.5937,78.9629,0,6
28,2,1,5,3,1,3,0,20.5937,78.9629,3,5
5,1,0,2,0,0,0,0,23.0225,72.5714,0,5
28,0,1,7,0,1,1,2,20.5937,78.9629,0,3
4,1,1,2,3,0,0,3,20.5937,78.9629,1,5
29,1,0,8,3,0,0,1,20.5937,78.9629,2,1
30,1,0,0,2,0,0,0,20.5937,78.9629,3,5
28,0,1,2,0,1,3,3,20.5937,78.9629,0,5
28,0,1,5,0,3,4,0,20.5937,78.9629,2,2
25,0,1,8,0,0,0,0,20.5937,78.9629,0,6
28,0,0,0,1,0,0,2,20.5937,78.9629,1,1
28,0,1,8,0,1,2,2,20.5937,78.9629,3,0
28,0,1,2,0,3,4,0,20.5937,78.9629,3,1
28,0,1,2,0,1,2,2,20.5937,78.9629,2,4
28,0,1,7,0,4,1,2,20.5937,78.9629,3,1
28,2,0,2,4,0,0,0,20.5937,78.9629,1,2
28,0,1,12,4,3,4,0,20.5937,78.9629,3,0
28,0,1,12,2,4,0,0,20.5937,78.9629,2,6
28,0,1,7,0,0,0,0,20.5937,78.9629,0,6
28,0,1,9,2,4,2,0,20.5937,78.9629,0,1
28,0,1,8,1,2,1,0,20.5937,78.9629,2,5
28,0,1,2,0,0,0,3,20.5937,78.9629,3,0
28,0,1,6,0,4,3,1,20.5937,78.9629,3,6
28,0,1,8,0,3,2,0,20.5937,78.9629,0,6
28,1,1,7,4,3,2,0,20.5937,78.9629,1,2
28,1,1,7,0,1,4,2,20.5937,78.9629,0,3
28,0,1,6,2,4,2,3,20.5937,78.9629,0,2
28,0,1,12,4,0,0,3,20.5937,78.9629,1,5
29,0,1,3,1,2,3,0,20.5937,78.9629,3,6
29,0,1,2,2,2,2,0,20.5937,78.9629,3,6
29,1,1,0,3,4,3,1,20.5937,78.9629,1,1
29,0,1,12,1,4,3,0,20.5937,78.9629,1,2
29,0,1,14,0,1,3,0,20.5937,78.9629,1,4
28,0,1,14,2,0,0,0,20.5937,78.9629,1,6
29,0,1,7,0,3,1,0,20.5937,78.9629,0,1
14,2,0,2,0,0,0,0,13.0827,80.2707,0,2
12,0,1,3,0,0,0,1,28.6139,77.209,0,3
29,1,1,12,0,2,1,0,20.5937,78.9629,3,5
29,1,1,8,0,2,3,1,20.5937,78.9629,1,0
15,2,1,9,1,0,0,3,20.5937,78.9629,2,6
29,0,1,18,2,0,0,0,20.5937,78.9629,2,1
29,0,1,3,0,3,1,0,20.5937,78.9629,0,5
29,0,1,12,1,2,2,0,20.5937,78.9629,0,5
29,0,1,0,0,2,3,0,20.5937,78.9629,3,5
29,0,1,17,0,2,2,2,20.5937,78.9629,2,5
29,0,1,3,1,3,4,0,20.5937,78.9629,1,5
29,1,1,12,0,4,3,0,20.5937,78.9629,1,5
29,0,1,6,1,0,0,1,20.5937,78.9629,1,0
29,0,1,0,0,1,2,0,20.5937,78.9629,0,6
29,0,1,2,0,2,1,3,20.5937,78.9629,2,3
29,1,1,16,0,3,2,0,20.5937,78.9629,2,2
31,1,1,8,1,0,0,0,26.8467,80.9462,0,2
29,0,1,12,3,3,4,1,20.5937,78.9629,0,1
29,0,0,8,0,0,0,2,20.5937,78.9629,2,6
29,0,0,2,4,0,0,2,20.5937,78.9629,3,5
29,0,0,7,0,0,0,0,20.5937,78.9629,2,5
29,0,1,8,0,2,2,2,20.5937,78.9629,1,0
29,0,1,8,0,2,4,1,20.5937,78.9629,1,2
14,0,1,2,0,4,3,1,13.0827,80.2707,1,1
14,1,1,8,0,2,4,0,13.0827,80.2707,0,3
14,1,1,2,0,2,1,0,13.0827,80.2707,0,5
14,0,1,8,0,2,2,0,13.0827,80.2707,1,1
14,0,0,8,0,0,0,0,13.0827,80.2707,2,1
14,2,1,8,3,2,3,3,13.0827,80.2707,0,1
14,0,1,2,0,1,4,0,13.0827,80.2707,3,0
14,0,1,3,1,3,1,0,13.0827,80.2707,0,3
14,0,1,0,0,1,2,1,13.0827,80.2707,3,5
14,1,1,3,0,3,4,2,13.0827,80.2707,1,3
14,0,1,8,0,0,0,1,13.0827,80.2707,1,1
14,1,1,1,0,3,3,1,13.0827,80.2707,0,1
14,1,1,5,2,1,1,3,13.0827,80.2707,3,3
14,1,1,5,0,2,3,1,13.0827,80.2707,1,0
14,0,1,3,0,1,1,3,13.0827,80.2707,0,2
14,0,1,7,0,4,1,3,13.0827,80.2707,0,2
14,0,0,6,0,0,0,0,13.0827,80.2707,0,0
14,1,1,2,4,2,4,0,13.0827,80.2707,0,5
14,2,0,2,2,0,0,0,13.0827,80.2707,0,4
14,0,1,1,3,2,2,3,13.0827,80.2707,3,2
30,0,0,8,0,0,0,0,20.5937,78.9629,3,0
18,2,1,6,2,0,0,0,21.1702,72.8311,1,5
14,1,0,3,0,0,0,1,13.0827,80.2707,0,6
7,0,0,2,0,0,0,0,22.5726,88.3639,3,0
14,0,1,8,0,1,4,3,13.0827,80.2707,3,5
14,1,0,12,0,0,0,0,13.0827,80.2707,3,1
14,1,1,7,0,4,1,0,13.0827,80.2707,0,1
14,1,1,12,0,2,2,0,13.0827,80.2707,3,4
14,0,1,0,2,4,1,0,13.0827,80.2707,1,3
21,0,1,8,0,0,0,2,20.5937,78.9629,1,5
32,0,1,8,0,1,2,0,20.5937,78.9629,0,0
32,1,1,8,2,4,2,0,20.5937,78.9629,2,4
32,0,1,2,4,1,2,0,20.5937,78.9629,3,2
9,0,0,2,2,0,0,1,20.5937,78.9629,3,0
33,1,0,0,2,0,0,0,20.5937,78.9629,2,6
32,0,1,3,3,4,3,0,20.5937,78.9629,1,1
32,1,1,6,0,2,3,0,20.5937,78.9629,0,2
32,0,1,0,1,1,1,0,20.5937,78.9629,2,6
32,0,1,12,3,4,2,1,20.5937,78.9629,0,1
32,1,1,12,4,2,0,3,20.5937,78.9629,3,0
32,1,1,18,1,4,1,3,20.5937,78.9629,3,0
6,0,0,7,2,0,0,3,20.5937,78.9629,1,2
32,0,1,6,0,2,3,3,20.5937,78.9629,1,5
32,2,1,12,0,4,0,0,20.5937,78.9629,1,0
32,2,1,0,2,3,1,0,20.5937,78.9629,2,5
32,1,0,12,0,0,0,0,20.5937,78.9629,2,3
32,1,0,6,0,0,0,0,20.5937,78.9629,0,0
32,0,1,3,0,2,2,0,20.5937,78.9629,3,4
13,1,0,2,0,0,0,1,20.5937,78.9629,1,2
32,0,1,6,4,1,0,0,20.5937,78.9629,0,6
32,0,1,12,0,2,2,0,20.5937,78.9629,0,3
8,0,0,0,2,0,0,2,20.5937,78.9629,3,6
32,0,1,8,0,4,2,1,20.5937,78.9629,3,6
32,0,1,2,0,0,0,0,20.5937,78.9629,3,5
32,1,1,2,0,1,3,3,20.5937,78.9629,0,5
32,0,1,8,3,3,4,3,20.5937,78.9629,1,3
32,0,1,2,0,3,3,1,20.5937,78.9629,3,6
32,0,1,12,1,3,2,0,20.5937,78.9629,1,1
32,0,1,2,3,1,4,0,20.5937,78.9629,3,5
32,0,1,8,0,2,4,0,20.5937,78.9629,0,4
34,0,0,3,0,0,0,0,25.5941,85.1376,3,0
12,2,1,8,0,1,3,0,28.6139,77.209,0,5
12,0,1,14,4,4,0,0,28.6139,77.209,2,2
35,1,1,8,0,0,0,0,18.5204,73.8567,0,5
12,0,1,1,0,0,0,3,28.6139,77.209,2,6
12,1,0,18,4,0,0,2,28.6139,77.209,1,2
12,1,1,7,0,3,2,3,28.6139,77.209,1,5
12,0,1,0,3,0,0,0,28.6139,77.209,1,2
12,0,1,3,4,2,4,2,28.6139,77.209,0,6
12,1,1,2,0,3,1,2,28.6139,77.209,3,0
12,0,1,3,4,2,4,0,28.6139,77.209,3,1
12,1,1,18,0,4,2,2,28.6139,77.209,1,5
12,0,1,6,2,1,2,0,28.6139,77.209,2,3
12,0,1,6,0,4,1,0,28.6139,77.209,3,0
12,1,1,2,1,3,2,1,28.6139,77.209,3,1
12,1,1,3,4,2,4,3,28.6139,77.209,0,1
0,0,1,3,2,0,0,0,26.9124,75.7873,3,1
12,0,1,2,1,0,0,3,28.6139,77.209,0,3
12,0,1,2,1,1,3,2,28.6139,77.209,1,3
12,1,1,9,0,0,0,1,28.6139,77.209,3,6
12,1,1,1,2,4,0,3,28.6139,77.209,0,0
12,0,1,2,0,4,1,0,28.6139,77.209,3,4
12,1,1,18,0,3,3,3,28.6139,77.209,2,0
12,0,1,12,0,0,0,0,28.6139,77.209,3,3
12,0,1,0,4,1,0,0,28.6139,77.209,3,1
12,1,1,8,4,2,0,0,28.6139,77.209,2,0
12,1,0,6,2,0,0,0,28.6139,77.209,0,4
0,0,0,16,1,0,0,1,26.9124,75.7873,2,5
12,0,1,2,2,2,1,2,28.6139,77.209,0,5
12,0,1,8,0,3,1,3,28.6139,77.209,1,6
36,1,0,0,4,0,0,0,25.3176,82.9739,0,2
37,1,1,6,1,4,0,0,20.5937,78.9629,0,3
37,1,1,6,4,1,4,2,20.5937,78.9629,0,5
37,0,1,8,2,4,3,3,20.5937,78.9629,1,1
37,0,1,8,4,3,2,0,20.5937,78.9629,3,0
37,2,1,1,3,2,1,3,20.5937,78.9629,3,3
37,2,1,18,0,1,2,0,20.5937,78.9629,0,6
5,0,0,3,1,0,0,3,23.0225,72.5714,0,5
37,1,1,2,0,0,0,0,20.5937,78.9629,1,6
37,2,1,12,1,2,3,0,20.5937,78.9629,2,4
37,1,1,0,0,4,2,2,20.5937,78.9629,3,6
37,2,1,0,0,4,3,2,20.5937,78.9629,2,0
37,1,1,3,0,1,1,3,20.5937,78.9629,3,3
38,2,1,6,0,0,0,3,20.5937,78.9629,3,1
37,1,1,13,0,1,1,1,20.5937,78.9629,2,2
37,2,1,18,2,4,4,3,20.5937,78.9629,3,2
37,1,0,3,0,0,0,0,20.5937,78.9629,1,6
37,0,1,12,0,3,1,3,20.5937,78.9629,0,0
37,0,1,8,2,1,4,1,20.5937,78.9629,1,5
3,0,0,2,4,0,0,1,20.5937,78.9629,1,1
37,2,1,8,3,2,1,3,20.5937,78.9629,0,5
37,0,0,8,0,0,0,3,20.5937,78.9629,1,5
37,1,1,9,3,3,1,1,20.5937,78.9629,2,0
37,1,1,1,4,2,2,2,20.5937,78.9629,3,3
37,2,1,12,0,2,1,3,20.5937,78.9629,0,4
10,0,1,18,0,0,0,3,20.5937,78.9629,0,2
37,0,1,0,2,1,3,0,20.5937,78.9629,1,1
37,2,1,16,0,4,1,0,20.5937,78.9629,3,0
37,0,1,18,0,0,0,1,20.5937,78.9629,0,4
37,2,1,3,1,3,2,0,20.5937,78.9629,3,5
39,0,1,2,1,4,3,0,20.5937,78.9629,3,0
39,2,1,8,0,4,2,2,20.5937,78.9629,2,2
39,0,1,8,1,4,2,0,20.5937,78.9629,3,2
39,0,0,6,1,0,0,0,20.5937,78.9629,1,6
39,0,0,0,0,0,0,2,20.5937,78.9629,1,6
39,1,1,0,4,1,4,0,20.5937,78.9629,2,3
27,0,0,9,0,0,0,0,20.5937,78.9629,0,5
39,1,1,2,0,3,2,1,20.5937,78.9629,1,3
27,0,0,2,1,0,0,0,20.5937,78.9629,3,1
25,1,0,6,2,0,0,3,20.5937,78.9629,0,4
39,0,1,3,0,0,0,0,20.5937,78.9629,1,3
39,0,0,3,0,0,0,0,20.5937,78.9629,0,5
39,0,1,12,0,2,4,0,20.5937,78.9629,1,1
39,0,1,2,3,4,0,0,20.5937,78.9629,3,1
39,1,1,3,0,4,4,2,20.5937,78.9629,3,1
39,1,1,18,0,4,2,0,20.5937,78.9629,1,0
39,0,1,12,1,2,1,0,20.5937,78.9629,2,3
39,1,1,8,0,0,0,2,20.5937,78.9629,0,1
1,0,0,6,0,0,0,3,27.1767,78.0081,1,5
39,0,1,6,0,0,0,1,20.5937,78.9629,3,2
15,0,0,6,0,0,0,3,20.5937,78.9629,2,3
39,1,0,2,0,0,0,0,20.5937,78.9629,3,3
39,1,1,0,0,1,1,0,20.5937,78.9629,1,6
39,1,1,12,0,4,1,2,20.5937,78.9629,1,0
26,1,0,18,4,0,0,2,12.9716,77.5946,0,2
39,1,0,3,0,0,0,0,20.5937,78.9629,2,6
39,0,0,6,0,0,0,3,20.5937,78.9629,0,5
39,0,1,3,4,2,4,0,20.5937,78.9629,2,0
39,0,1,14,0,4,2,2,20.5937,78.9629,0,0
39,1,1,0,0,4,2,1,20.5937,78.9629,2,3
20,0,1,6,1,0,0,0,20.5937,78.9629,3,3
20,1,1,8,0,2,2,2,20.5937,78.9629,1,6
20,0,1,12,0,3,1,0,20.5937,78.9629,0,1
20,2,1,2,2,2,2,1,20.5937,78.9629,2,3
22,0,0,6,0,0,0,0,20.5937,78.9629,1,0
20,0,1,6,0,3,1,0,20.5937,78.9629,3,5
20,0,0,8,0,0,0,3,20.5937,78.9629,0,0
40,0,1,14,0,0,0,0,20.5937,78.9629,0,0
41,0,0,12,3,0,0,0,20.5937,78.9629,0,4
31,0,0,12,0,0,0,0,26.8467,80.9462,0,5
20,1,1,3,2,2,4,3,20.5937,78.9629,3,1
20,1,1,12,4,0,0,1,20.5937,78.9629,0,1
20,1,1,2,0,2,1,1,20.5937,78.9629,0,3
20,1,1,12,4,3,2,3,20.5937,78.9629,3,0
42,0,0,12,4,0,0,3,20.5937,78.9629,1,6
20,0,1,18,4,3,3,1,20.5937,78.9629,1,1
20,2,1,12,3,3,2,0,20.5937,78.9629,3,2
20,1,1,8,0,3,3,0,20.5937,78.9629,0,2
20,0,1,12,4,0,0,2,20.5937,78.9629,0,0
20,0,0,14,0,0,0,0,20.5937,78.9629,0,4
20,2,0,1,0,0,0,2,20.5937,78.9629,0,0
20,0,1,8,3,4,2,0,20.5937,78.9629,0,5
20,0,1,12,0,2,4,0,20.5937,78.9629,1,6
20,1,1,6,0,2,3,0,20.5937,78.9629,3,0
20,1,1,6,0,0,0,1,20.5937,78.9629,0,6
20,0,1,6,0,4,1,0,20.5937,78.9629,1,1
20,0,1,6,2,3,1,2,20.5937,78.9629,3,2
20,0,0,8,0,0,0,0,20.5937,78.9629,0,1
20,0,1,0,0,2,3,0,20.5937,78.9629,2,1
20,1,0,8,0,0,0,2,20.5937,78.9629,0,1
2,1,0,2,0,0,0,0,19.076,72.8777,3,1
41,1,1,2,0,4,1,0,20.5937,78.9629,1,5
41,0,1,7,0,4,4,2,20.5937,78.9629,1,6
41,0,2,0,2,0,0,0,20.5937,78.9629,3,0
41,0,1,2,4,1,2,3,20.5937,78.9629,0,4