Million_Plus_Cities,Age_band_of_driver,Accident_severity,Cause_of_accident,Weather Conditions,Road Type,Road Condition,Lighting Conditions,Latitude,Longitude,Time_Block,Vehicle Type Involved
41,0,1,8,2,0,0,0,20.5937,78.9629,2,1
41,0,1,6,0,0,0,0,20.5937,78.9629,3,6
18,2,1,3,0,0,0,2,21.1702,72.8311,2,3
41,0,1,8,2,1,4,0,20.5937,78.9629,1,3
41,1,1,8,0,3,4,0,20.5937,78.9629,0,5
41,0,1,9,0,4,0,0,20.5937,78.9629,0,0
5,1,1,7,4,0,0,1,23.0225,72.5714,2,6
41,0,0,2,0,0,0,1,20.5937,78.9629,1,1
41,0,1,8,4,1,1,0,20.5937,78.9629,1,6
41,0,1,12,0,1,3,2,20.5937,78.9629,0,6
3,2,0,8,1,0,0,3,20.5937,78.9629,2,5
41,0,1,3,3,3,2,1,20.5937,78.9629,3,4
41,0,0,1,1,0,0,1,20.5937,78.9629,2,5
0,0,0,12,0,0,0,1,26.9124,75.7873,1,2
41,0,0,0,2,0,0,1,20.5937,78.9629,3,5
41,0,1,8,0,1,2,2,20.5937,78.9629,0,2
41,0,1,1,0,4,2,3,20.5937,78.9629,0,1
41,1,0,12,4,0,0,0,20.5937,78.9629,2,6
17,0,0,12,4,0,0,1,20.5937,78.9629,3,4
41,0,1,0,1,0,0,0,20.5937,78.9629,2,5
41,2,1,12,2,4,3,3,20.5937,78.9629,0,1
41,0,0,14,3,0,0,0,20.5937,78.9629,3,3
41,2,1,2,0,1,4,0,20.5937,78.9629,1,4
41,0,1,8,0,2,3,0,20.5937,78.9629,1,3
41,0,1,8,3,3,4,0,20.5937,78.9629,1,2
23,2,0,3,4,0,0,0,17.385,78.4867,1,4
23,0,1,18,0,2,2,2,17.385,78.4867,0,5
23,0,1,3,4,1,2,0,17.385,78.4867,0,6
15,0,0,2,0,0,0,0,20.5937,78.9629,2,5
28,0,0,0,0,0,0,0,20.5937,78.9629,0,4
23,0,1,8,0,2,0,0,17.385,78.4867,3,2
23,2,0,3,0,0,0,2,17.385,78.4867,2,1
15,1,0,0,0,0,0,3,20.5937,78.9629,2,4
23,0,1,8,3,2,2,1,17.385,78.4867,0,6
23,0,1,14,0,4,1,2,17.385,78.4867,0,3
23,2,1,14,0,4,1,2,17.385,78.4867,2,2
23,2,1,0,4,3,3,0,17.385,78.4867,0,2
23,0,1,0,0,4,2,1,17.385,78.4867,1,5
26,2,0,1,3,0,0,1,12.9716,77.5946,0,0
23,0,1,12,2,3,4,2,17.385,78.4867,3,6
23,1,1,2,0,4,4,0,17.385,78.4867,1,1
23,0,0,18,4,0,0,2,17.385,78.4867,3,1
23,0,1,8,0,4,2,0,17.385,78.4867,0,5
23,0,1,0,4,2,1,0,17.385,78.4867,2,3
23,0,1,2,0,0,0,1,17.385,78.4867,0,1
23,0,1,3,3,0,0,2,17.385,78.4867,0,5
23,0,1,8,0,1,4,0,17.385,78.4867,0,5
23,0,1,13,2,3,4,2,17.385,78.4867,2,3
23,0,1,3,1,2,1,0,17.385,78.4867,1,4
23,0,1,6,3,2,3,2,17.385,78.4867,1,1
23,0,1,8,0,3,3,2,17.385,78.4867,0,1
23,2,1,17,0,1,4,0,17.385,78.4867,0,3
23,2,1,8,4,2,3,0,17.385,78.4867,2,5
23,1,1,3,2,3,4,0,17.385,78.4867,0,1
23,1,1,8,0,0,0,0,17.385,78.4867,3,1
38,1,0,2,1,0,0,1,20.5937,78.9629,0,4
9,2,1,12,4,0,0,1,20.5937,78.9629,0,2
9,1,1,3,0,3,3,1,20.5937,78.9629,0,2
9,1,0,6,0,0,0,0,20.5937,78.9629,2,2
9,1,1,8,0,4,2,1,20.5937,78.9629,1,4
9,1,1,7,0,4,2,2,20.5937,78.9629,3,1
9,1,1,7,2,4,0,3,20.5937,78.9629,3,1
9,0,1,6,1,4,4,2,20.5937,78.9629,0,5
28,0,1,2,3,0,0,0,20.5937,78.9629,0,0
9,0,1,2,4,4,4,0,20.5937,78.9629,3,4
9,0,1,8,0,0,0,2,20.5937,78.9629,0,3
9,1,1,6,0,1,1,0,20.5937,78.9629,2,4
9,1,1,8,0,1,3,0,20.5937,78.9629,1,2
9,1,2,8,0,4,4,0,20.5937,78.9629,1,6
9,0,2,3,0,2,0,0,20.5937,78.9629,2,3
9,1,1,2,3,4,4,3,20.5937,78.9629,1,6
9,0,1,8,3,4,1,3,20.5937,78.9629,2,1
9,1,1,16,0,3,0,1,20.5937,78.9629,1,1
9,1,1,6,0,4,1,0,20.5937,78.9629,0,3
9,0,1,0,0,4,2,2,20.5937,78.9629,1,6
9,0,0,18,0,0,0,1,20.5937,78.9629,0,5
9,0,1,0,2,2,4,0,20.5937,78.9629,0,3
32,0,0,3,0,0,0,0,20.5937,78.9629,0,0
36,1,1,11,2,0,0,3,25.3176,82.9739,0,6
9,1,1,18,0,4,4,2,20.5937,78.9629,0,6
9,0,0,12,0,0,0,3,20.5937,78.9629,1,6
9,2,1,8,4,3,4,3,20.5937,78.9629,3,6
9,0,1,6,4,2,1,0,20.5937,78.9629,3,2
40,2,1,11,0,0,0,1,20.5937,78.9629,1,1
9,0,1,18,0,1,2,0,20.5937,78.9629,1,5
40,0,1,3,0,3,0,3,20.5937,78.9629,0,0
40,0,1,3,2,2,4,0,20.5937,78.9629,3,5
14,0,0,3,0,0,0,1,13.0827,80.2707,3,6
5,1,0,3,3,0,0,0,23.0225,72.5714,0,1
40,2,2,0,0,4,2,0,20.5937,78.9629,0,0
40,2,1,8,0,1,1,3,20.5937,78.9629,0,1
40,0,1,11,0,4,4,1,20.5937,78.9629,0,1
40,0,1,8,0,3,1,0,20.5937,78.9629,1,1
40,0,1,12,0,3,4,2,20.5937,78.9629,1,3
40,1,0,8,1,0,0,0,20.5937,78.9629,0,5
40,0,1,8,0,0,0,0,20.5937,78.9629,2,6
40,0,1,8,0,1,2,1,20.5937,78.9629,3,5
40,0,1,3,2,2,1,1,20.5937,78.9629,0,5
40,0,1,8,0,1,4,0,20.5937,78.9629,2,4
7,2,0,6,4,0,0,3,22.5726,88.3639,0,1
40,1,1,2,0,2,2,1,20.5937,78.9629,0,1
40,1,1,0,4,2,1,2,20.5937,78.9629,2,3
40,1,1,12,0,4,1,0,20.5937,78.9629,0,4
40,0,1,2,0,1,3,2,20.5937,78.9629,0,5
40,0,1,7,0,2,1,0,20.5937,78.9629,0,0
40,0,1,8,0,2,1,1,20.5937,78.9629,3,0
40,0,1,8,0,0,0,0,20.5937,78.9629,3,1
26,0,1,16,0,0,0,3,12.9716,77.5946,3,3
40,0,0,8,0,0,0,2,20.5937,78.9629,1,1
40,0,1,19,4,3,0,0,20.5937,78.9629,0,5
40,0,0,0,0,0,0,0,20.5937,78.9629,0,3
40,2,1,7,0,4,1,0,20.5937,78.9629,0,4
40,0,0,2,0,0,0,0,20.5937,78.9629,2,2
40,0,0,2,0,0,0,3,20.5937,78.9629,1,0
40,0,1,9,0,3,4,2,20.5937,78.9629,0,6
0,0,1,8,4,2,2,3,26.9124,75.7873,0,2
0,0,1,3,1,1,3,0,26.9124,75.7873,1,6
0,1,1,3,2,3,1,1,26.9124,75.7873,0,1
2,1,0,0,2,0,0,0,19.076,72.8777,0,3
0,1,1,13,1,3,2,0,26.9124,75.7873,0,2
0,1,1,2,0,2,1,1,26.9124,75.7873,0,1
0,0,0,3,4,0,0,2,26.9124,75.7873,1,6
43,1,0,8,0,0,0,0,20.5937,78.9629,0,4
32,1,0,3,4,0,0,2,20.5937,78.9629,3,2
0,1,1,3,0,2,2,2,26.9124,75.7873,2,3
0,0,1,8,3,3,3,0,26.9124,75.7873,0,5
0,0,1,3,4,1,4,2,26.9124,75.7873,0,4
1,1,1,12,1,0,0,2,27.1767,78.0081,2,2
0,0,1,12,0,4,4,1,26.9124,75.7873,3,6
0,0,1,3,4,2,1,0,26.9124,75.7873,1,0
0,1,1,16,0,2,1,2,26.9124,75.7873,0,0
8,0,1,3,4,0,0,3,20.5937,78.9629,1,5
0,1,1,0,0,3,3,3,26.9124,75.7873,0,1
0,2,1,8,2,1,1,3,26.9124,75.7873,0,1
0,1,1,16,2,1,2,2,26.9124,75.7873,0,2
0,1,0,12,2,0,0,0,26.9124,75.7873,1,6
0,1,1,3,0,0,0,0,26.9124,75.7873,1,5
4,1,0,13,0,0,0,3,20.5937,78.9629,0,5
0,1,1,2,0,4,3,0,26.9124,75.7873,0,0
0,0,0,12,3,0,0,1,26.9124,75.7873,0,4
0,2,1,8,0,4,3,1,26.9124,75.7873,1,1
0,0,1,0,3,2,1,2,26.9124,75.7873,1,4
0,2,1,7,0,1,1,3,26.9124,75.7873,3,1
0,0,1,0,0,1,3,3,26.9124,75.7873,1,5
0,0,1,3,0,4,4,3,26.9124,75.7873,0,5
11,1,1,8,1,2,1,0,20.5937,78.9629,1,1
11,0,1,19,0,4,0,0,20.5937,78.9629,1,1
11,0,1,3,0,3,1,3,20.5937,78.9629,0,5
11,0,0,12,0,0,0,0,20.5937,78.9629,1,1
11,0,1,14,0,3,0,0,20.5937,78.9629,3,4
11,0,0,3,0,0,0,1,20.5937,78.9629,3,5
11,0,1,3,2,4,1,0,20.5937,78.9629,0,6
11,0,1,12,0,4,1,0,20.5937,78.9629,0,2
8,2,1,2,0,0,0,2,20.5937,78.9629,0,5
11,0,1,6,0,3,1,0,20.5937,78.9629,0,6
11,0,1,12,0,4,3,1,20.5937,78.9629,2,6
11,0,1,3,1,0,0,2,20.5937,78.9629,1,4
11,0,1,12,0,2,3,3,20.5937,78.9629,1,6
1,1,0,18,0,0,0,0,27.1767,78.0081,1,1
11,0,1,8,3,1,3,2,20.5937,78.9629,1,2
11,0,1,2,4,4,3,0,20.5937,78.9629,0,1
11,0,1,6,0,3,1,0,20.5937,78.9629,1,1
11,2,1,0,3,0,0,2,20.5937,78.9629,2,2
11,1,1,0,0,1,0,0,20.5937,78.9629,2,2
11,0,1,8,0,4,2,0,20.5937,78.9629,1,1
11,1,0,3,0,0,0,1,20.5937,78.9629,0,1
11,1,0,3,0,0,0,3,20.5937,78.9629,0,6
11,0,1,0,3,1,3,2,20.5937,78.9629,3,6
11,1,0,12,3,0,0,0,20.5937,78.9629,1,5
31,0,0,18,3,0,0,1,26.8467,80.9462,0,1
11,1,0,8,0,0,0,0,20.5937,78.9629,0,1
11,1,1,8,4,4,3,0,20.5937,78.9629,0,0
11,0,1,6,1,4,2,3,20.5937,78.9629,3,0
11,0,1,14,0,1,1,0,20.5937,78.9629,3,6
11,0,1,6,0,3,2,0,20.5937,78.9629,2,1
30,0,1,6,0,3,3,1,20.5937,78.9629,1,5
30,0,1,6,0,3,2,3,20.5937,78.9629,2,5
30,0,1,8,2,4,3,0,20.5937,78.9629,1,1
30,1,1,0,3,0,0,0,20.5937,78.9629,0,1
30,1,2,3,2,4,3,0,20.5937,78.9629,0,1
30,0,2,12,0,4,3,2,20.5937,78.9629,3,5
30,0,2,2,1,2,2,0,20.5937,78.9629,0,0
30,0,0,8,4,0,0,0,20.5937,78.9629,2,1
30,2,1,3,0,2,2,0,20.5937,78.9629,3,5
30,0,1,18,0,2,0,0,20.5937,78.9629,0,1
30,1,1,8,1,3,2,0,20.5937,78.9629,1,1
30,1,1,16,3,1,4,0,20.5937,78.9629,0,4
30,0,2,8,1,1,4,1,20.5937,78.9629,3,4
30,1,1,3,3,2,3,0,20.5937,78.9629,2,0
30,0,1,6,1,3,1,0,20.5937,78.9629,0,4
30,0,1,3,0,4,3,0,20.5937,78.9629,3,5
30,0,1,2,0,4,2,2,20.5937,78.9629,3,1
29,0,1,8,0,0,0,3,20.5937,78.9629,2,0
30,1,1,7,0,0,0,1,20.5937,78.9629,1,1
30,0,1,12,3,4,1,1,20.5937,78.9629,1,0
30,0,1,8,0,4,2,0,20.5937,78.9629,3,1
8,0,0,12,4,0,0,3,20.5937,78.9629,3,0
30,0,2,12,4,3,3,0,20.5937,78.9629,3,1
30,0,2,0,0,0,0,0,20.5937,78.9629,2,0
30,0,1,1,1,1,1,0,20.5937,78.9629,0,2
30,0,0,6,0,0,0,1,20.5937,78.9629,3,2
30,1,1,6,0,1,4,1,20.5937,78.9629,3,3
30,0,1,2,0,1,3,0,20.5937,78.9629,1,4
30,0,1,6,0,1,1,3,20.5937,78.9629,3,1
30,0,1,8,1,2,2,0,20.5937,78.9629,0,2
44,1,1,0,0,2,1,0,20.5937,78.9629,1,1
44,0,1,3,3,3,3,1,20.5937,78.9629,0,5
44,0,1,8,1,1,2,2,20.5937,78.9629,0,0
44,2,1,1,1,3,2,0,20.5937,78.9629,2,6
44,1,1,8,0,0,0,3,20.5937,78.9629,3,2
44,0,1,2,4,3,3,1,20.5937,78.9629,2,1
44,0,1,18,4,3,1,0,20.5937,78.9629,3,6
44,0,1,8,0,2,1,0,20.5937,78.9629,0,3
45,0,0,8,1,0,0,2,26.4499,80.3319,3,3
44,1,1,3,2,3,3,1,20.5937,78.9629,1,4
44,1,1,2,0,3,4,0,20.5937,78.9629,2,6
44,0,1,0,0,4,3,0,20.5937,78.9629,1,5
44,1,1,8,0,2,4,1,20.5937,78.9629,0,6
3,1,0,8,4,0,0,0,20.5937,78.9629,2,0
44,0,1,12,0,3,2,0,20.5937,78.9629,2,6
44,1,1,0,0,4,0,3,20.5937,78.9629,1,2
46,0,1,8,2,0,0,1,20.5937,78.9629,1,1
44,2,1,3,0,3,1,0,20.5937,78.9629,1,2
44,0,1,12,0,3,3,3,20.5937,78.9629,0,1
44,1,1,14,0,1,2,2,20.5937,78.9629,0,0
44,0,1,3,0,1,2,3,20.5937,78.9629,3,5
44,0,1,12,0,4,2,2,20.5937,78.9629,3,5
44,1,1,3,3,4,0,0,20.5937,78.9629,1,2
3,0,1,6,0,0,0,2,20.5937,78.9629,3,0
44,0,1,3,3,2,4,0,20.5937,78.9629,0,6
44,0,1,17,0,1,3,0,20.5937,78.9629,1,1
44,0,1,6,3,1,4,0,20.5937,78.9629,2,1
44,1,1,13,0,1,1,0,20.5937,78.9629,0,2
44,0,1,8,2,2,1,2,20.5937,78.9629,0,6
44,0,1,8,1,3,1,0,20.5937,78.9629,1,0
45,0,1,12,0,3,4,2,26.4499,80.3319,3,1
45,0,1,12,0,4,1,3,26.4499,80.3319,0,3
45,0,1,0,0,3,4,2,26.4499,80.3319,0,1
45,1,1,8,3,2,1,1,26.4499,80.3319,3,2
45,0,0,3,0,0,0,0,26.4499,80.3319,0,1
45,0,1,1,4,3,2,0,26.4499,80.3319,0,1
47,1,1,8,0,0,0,0,20.5937,78.9629,0,0
45,2,1,1,0,2,2,0,26.4499,80.3319,2,1
45,2,1,0,0,1,2,1,26.4499,80.3319,1,1
45,0,1,8,0,1,2,0,26.4499,80.3319,0,4
46,2,0,8,0,0,0,1,20.5937,78.9629,3,0
45,0,1,6,2,2,0,0,26.4499,80.3319,1,3
45,1,1,6,1,1,3,1,26.4499,80.3319,0,2
45,0,1,2,0,1,2,2,26.4499,80.3319,0,0
42,2,0,8,0,0,0,2,20.5937,78.9629,3,1
45,1,0,18,3,0,0,0,26.4499,80.3319,3,4
45,0,1,2,3,2,4,0,26.4499,80.3319,3,5
45,2,1,3,3,3,1,3,26.4499,80.3319,0,1
48,2,0,14,1,0,0,0,20.5937,78.9629,3,4
45,1,1,13,3,3,1,2,26.4499,80.3319,0,0
45,1,0,1,0,0,0,0,26.4499,80.3319,0,3
45,0,1,3,0,0,0,2,26.4499,80.3319,3,5
45,1,1,3,3,0,0,0,26.4499,80.3319,1,1
45,0,0,0,0,0,0,2,26.4499,80.3319,2,6
45,1,0,0,0,0,0,0,26.4499,80.3319,1,6
45,1,0,2,0,0,0,0,26.4499,80.3319,1,6
45,1,1,0,0,3,1,0,26.4499,80.3319,1,6
45,1,1,8,0,4,3,1,26.4499,80.3319,2,5
45,2,1,0,1,0,0,0,26.4499,80.3319,0,1
45,0,1,3,0,2,3,0,26.4499,80.3319,1,6
12,0,0,2,0,0,0,2,28.6139,77.209,1,6
47,0,1,6,4,1,3,0,20.5937,78.9629,1,5
47,2,1,8,4,1,3,0,20.5937,78.9629,1,0
47,0,1,6,2,2,3,0,20.5937,78.9629,1,3
9,0,0,18,2,0,0,0,20.5937,78.9629,2,6
47,2,1,3,0,1,2,0,20.5937,78.9629,1,3
47,0,1,8,0,1,2,0,20.5937,78.9629,1,6
47,1,1,8,1,1,2,0,20.5937,78.9629,2,5
47,0,1,2,0,3,4,0,20.5937,78.9629,1,5
47,1,1,3,1,2,1,1,20.5937,78.9629,1,3
47,0,0,3,0,0,0,1,20.5937,78.9629,3,5
47,0,1,18,0,1,4,0,20.5937,78.9629,1,2
47,2,1,0,4,2,1,0,20.5937,78.9629,3,1
48,0,0,2,4,0,0,1,20.5937,78.9629,3,0
47,0,1,7,2,4,1,0,20.5937,78.9629,3,5
47,1,0,8,4,0,0,0,20.5937,78.9629,1,2
8,1,1,8,0,0,0,0,20.5937,78.9629,2,2
47,1,1,2,2,2,4,0,20.5937,78.9629,2,3
47,0,0,3,2,0,0,3,20.5937,78.9629,3,2
47,1,1,12,0,3,3,2,20.5937,78.9629,1,1
44,0,0,8,0,0,0,0,20.5937,78.9629,1,5
35,0,1,2,0,0,0,0,18.5204,73.8567,0,5
47,0,1,0,1,0,0,0,20.5937,78.9629,0,5
47,1,1,8,2,0,0,0,20.5937,78.9629,1,1
11,1,0,7,2,0,0,2,20.5937,78.9629,3,5
47,1,1,2,0,0,0,3,20.5937,78.9629,3,6
47,0,1,8,0,3,3,0,20.5937,78.9629,1,1
19,0,1,12,0,0,0,0,20.5937,78.9629,1,0
47,0,1,6,0,0,0,0,20.5937,78.9629,3,0
29,0,0,3,0,0,0,0,20.5937,78.9629,2,4
22,0,0,0,4,0,0,3,20.5937,78.9629,1,5
22,0,1,6,0,2,4,3,20.5937,78.9629,0,2
22,0,1,7,4,3,0,1,20.5937,78.9629,1,1
22,0,1,2,0,2,1,0,20.5937,78.9629,0,1
22,1,1,2,0,1,0,1,20.5937,78.9629,0,5
22,2,2,18,4,4,4,2,20.5937,78.9629,0,1
22,0,1,0,3,0,0,0,20.5937,78.9629,0,5
22,1,1,3,2,1,2,0,20.5937,78.9629,0,3
43,0,0,3,1,0,0,1,20.5937,78.9629,2,4
22,0,1,8,1,2,3,1,20.5937,78.9629,1,1
22,1,1,0,0,3,2,0,20.5937,78.9629,0,4
42,2,0,8,0,0,0,2,20.5937,78.9629,3,3
22,0,1,12,1,4,1,3,20.5937,78.9629,0,1
22,2,1,7,0,0,0,0,20.5937,78.9629,1,5
14,0,0,6,0,0,0,1,13.0827,80.2707,0,1
22,0,0,0,0,0,0,0,20.5937,78.9629,3,1
22,2,1,3,0,0,0,0,20.5937,78.9629,1,0
22,1,1,8,4,4,4,0,20.5937,78.9629,0,1
22,0,1,12,1,3,3,1,20.5937,78.9629,1,1
22,0,1,2,3,2,3,3,20.5937,78.9629,1,5
22,0,1,0,3,1,3,0,20.5937,78.9629,0,0
22,2,1,8,2,1,1,0,20.5937,78.9629,0,2
31,2,0,3,0,0,0,1,26.8467,80.9462,1,5
22,1,1,6,3,2,3,3,20.5937,78.9629,2,5
22,1,0,9,0,0,0,3,20.5937,78.9629,1,1
22,1,1,8,3,3,2,1,20.5937,78.9629,1,5
22,2,1,8,3,3,3,1,20.5937,78.9629,1,1
22,0,0,2,0,0,0,0,20.5937,78.9629,0,1
22,1,1,6,0,1,3,0,20.5937,78.9629,1,6
22,1,1,12,0,3,2,1,20.5937,78.9629,2,4
7,0,1,3,4,1,2,1,22.5726,88.3639,3,6
7,2,1,8,0,3,3,0,22.5726,88.3639,3,2
7,1,1,3,0,0,0,0,22.5726,88.3639,0,2
7,0,1,8,0,4,4,0,22.5726,88.3639,3,6
7,0,1,18,0,4,1,3,22.5726,88.3639,3,2
7,0,1,2,0,4,3,2,22.5726,88.3639,3,1
7,2,1,9,0,3,2,1,22.5726,88.3639,0,0
7,0,1,4,0,4,4,2,22.5726,88.3639,2,5
7,2,0,12,0,0,0,3,22.5726,88.3639,2,4
7,0,0,1,0,0,0,0,22.5726,88.3639,2,3
7,0,1,8,2,2,1,0,22.5726,88.3639,3,0
7,0,1,16,2,2,1,0,22.5726,88.3639,1,5
7,1,1,12,1,0,0,0,22.5726,88.3639,3,2
7,0,1,7,1,4,4,1,22.5726,88.3639,0,0
7,0,0,8,3,0,0,3,22.5726,88.3639,1,5
9,1,0,6,1,0,0,0,20.5937,78.9629,2,2
9,1,0,9,0,0,0,0,20.5937,78.9629,2,4
7,0,1,7,0,2,4,2,22.5726,88.3639,0,0
7,0,1,3,3,1,2,3,22.5726,88.3639,1,2
30,2,1,0,3,0,0,2,20.5937,78.9629,2,1
7,0,1,2,2,3,1,2,22.5726,88.3639,2,1
7,0,0,8,0,0,0,3,22.5726,88.3639,2,5
7,0,1,12,4,1,3,0,22.5726,88.3639,0,2
7,1,1,18,2,1,3,0,22.5726,88.3639,0,4
7,1,1,12,4,4,3,3,22.5726,88.3639,0,0
7,1,1,12,0,3,3,0,22.5726,88.3639,0,6
7,0,1,3,0,1,3,2,22.5726,88.3639,1,2
7,0,1,8,2,1,4,0,22.5726,88.3639,1,2
7,1,1,12,2,1,4,1,22.5726,88.3639,3,1
7,1,0,7,4,0,0,0,22.5726,88.3639,1,1
33,0,1,8,0,4,0,0,20.5937,78.9629,2,3
40,1,0,0,3,0,0,2,20.5937,78.9629,3,2
13,0,0,0,0,0,0,2,20.5937,78.9629,3,1
33,1,1,6,0,2,1,2,20.5937,78.9629,1,0
33,0,1,8,1,1,1,0,20.5937,78.9629,1,0
33,1,1,0,4,4,3,0,20.5937,78.9629,2,3
33,1,1,3,3,3,2,1,20.5937,78.9629,0,5
33,0,1,0,3,1,1,0,20.5937,78.9629,0,0
33,1,1,3,0,0,0,0,20.5937,78.9629,1,5
33,1,0,12,0,0,0,0,20.5937,78.9629,1,2
33,0,0,3,0,0,0,3,20.5937,78.9629,1,5
33,0,1,8,1,4,0,0,20.5937,78.9629,0,3
33,0,1,0,4,4,3,0,20.5937,78.9629,2,2
33,0,1,12,3,2,1,2,20.5937,78.9629,0,5
33,0,1,8,3,1,2,0,20.5937,78.9629,0,1
33,1,1,6,1,2,1,0,20.5937,78.9629,1,3
33,1,1,3,0,1,4,2,20.5937,78.9629,3,1
33,1,1,0,1,1,3,0,20.5937,78.9629,1,0
38,0,0,18,2,0,0,2,20.5937,78.9629,1,0
33,0,1,3,2,1,4,3,20.5937,78.9629,1,6
33,1,1,6,0,2,2,0,20.5937,78.9629,2,1
33,1,1,2,0,1,0,2,20.5937,78.9629,0,5
33,0,1,12,0,3,1,2,20.5937,78.9629,1,4
33,1,0,7,3,0,0,0,20.5937,78.9629,1,1
33,1,1,7,4,4,0,3,20.5937,78.9629,2,4
33,0,1,3,0,3,1,0,20.5937,78.9629,2,2
33,1,0,19,3,0,0,0,20.5937,78.9629,1,6
33,0,0,2,3,0,0,0,20.5937,78.9629,0,1
33,1,1,2,1,4,4,1,20.5937,78.9629,1,5
12,0,0,14,2,0,0,2,28.6139,77.209,1,5
16,2,1,2,0,3,1,0,20.5937,78.9629,0,3
16,1,1,18,1,0,0,0,20.5937,78.9629,3,1
16,0,1,7,0,0,0,2,20.5937,78.9629,1,6
16,0,1,2,0,2,3,0,20.5937,78.9629,1,2
16,1,1,0,4,2,1,1,20.5937,78.9629,3,2
16,0,1,8,0,1,2,0,20.5937,78.9629,1,1
16,1,1,3,0,3,4,0,20.5937,78.9629,3,1
16,0,1,6,3,4,0,3,20.5937,78.9629,3,6
16,0,1,0,2,3,1,0,20.5937,78.9629,3,1
16,1,1,1,0,3,2,0,20.5937,78.9629,1,2
17,1,0,2,0,0,0,0,20.5937,78.9629,3,3
16,1,1,3,0,4,3,0,20.5937,78.9629,1,6
16,1,1,1,0,0,0,0,20.5937,78.9629,1,4
16,0,1,4,0,4,3,0,20.5937,78.9629,0,1
16,0,1,5,4,4,2,1,20.5937,78.9629,1,2
16,0,1,6,1,4,1,1,20.5937,78.9629,3,0
15,1,0,3,4,0,0,0,20.5937,78.9629,2,0
16,1,1,0,0,4,1,2,20.5937,78.9629,3,6
16,0,1,2,1,0,0,1,20.5937,78.9629,3,2
16,0,1,7,0,2,3,0,20.5937,78.9629,2,2
16,0,1,8,0,3,1,0,20.5937,78.9629,1,2
16,1,1,6,3,1,3,2,20.5937,78.9629,0,4
24,0,0,8,4,0,0,3,20.5937,78.9629,1,6
16,1,1,8,3,2,4,2,20.5937,78.9629,0,2
16,0,2,0,1,3,3,0,20.5937,78.9629,2,5
16,0,1,3,0,2,1,3,20.5937,78.9629,3,0
10,0,1,7,0,0,0,1,20.5937,78.9629,2,5
16,1,1,0,0,3,3,2,20.5937,78.9629,1,2
36,0,0,9,4,0,0,0,25.3176,82.9739,3,6
16,0,1,1,0,2,2,2,20.5937,78.9629,1,3
31,0,1,4,1,2,3,3,26.8467,80.9462,3,5
31,0,1,3,4,0,0,0,26.8467,80.9462,3,3
31,0,0,10,1,0,0,0,26.8467,80.9462,0,1
31,0,1,5,0,1,1,2,26.8467,80.9462,1,6
31,0,1,2,0,4,2,0,26.8467,80.9462,1,1
31,0,1,3,3,3,3,0,26.8467,80.9462,0,0
31,1,1,7,4,4,1,2,26.8467,80.9462,0,1
31,2,1,11,0,3,2,2,26.8467,80.9462,3,4
31,1,1,2,0,1,3,3,26.8467,80.9462,1,0
31,0,0,6,0,0,0,3,26.8467,80.9462,0,6
31,0,1,3,0,4,3,0,26.8467,80.9462,3,0
31,0,0,8,3,0,0,0,26.8467,80.9462,1,5
31,1,1,7,0,1,2,1,26.8467,80.9462,1,6
30,0,0,8,3,0,0,3,20.5937,78.9629,1,2
31,0,1,6,0,1,1,2,26.8467,80.9462,3,4
31,0,1,5,0,4,0,1,26.8467,80.9462,0,2
31,0,1,12,0,3,3,2,26.8467,80.9462,2,4
31,2,1,2,0,1,2,0,26.8467,80.9462,0,1
31,0,1,12,0,4,3,2,26.8467,80.9462,0,5
31,0,1,2,0,2,4,1,26.8467,80.9462,1,1
31,1,1,6,4,4,1,0,26.8467,80.9462,0,3
31,0,1,8,0,3,4,2,26.8467,80.9462,2,2
31,1,1,3,2,3,3,1,26.8467,80.9462,0,2
31,1,1,3,0,3,2,1,26.8467,80.9462,0,4
31,0,1,13,3,4,2,0,26.8467,80.9462,2,0
20,1,0,8,0,0,0,0,20.5937,78.9629,1,6
31,1,1,3,0,3,3,1,26.8467,80.9462,1,1
31,0,1,2,1,4,2,2,26.8467,80.9462,2,1
31,1,0,9,4,0,0,1,26.8467,80.9462,3,1
31,0,1,5,1,1,2,1,26.8467,80.9462,0,0
48,1,1,5,0,0,0,1,20.5937,78.9629,1,0
43,0,1,8,0,4,2,0,20.5937,78.9629,3,2
27,1,1,6,1,0,0,0,20.5937,78.9629,0,6
43,1,1,1,0,2,2,0,20.5937,78.9629,0,6
43,2,1,7,0,3,1,0,20.5937,78.9629,0,0
43,0,1,8,3,1,4,0,20.5937,78.9629,0,0
43,0,1,3,4,0,0,0,20.5937,78.9629,3,0
43,0,1,12,2,1,3,0,20.5937,78.9629,0,3
0,0,0,3,0,0,0,1,26.9124,75.7873,3,2
43,1,0,1,1,0,0,1,20.5937,78.9629,1,0