Million_Plus_Cities,Age_band_of_driver,Accident_severity,Cause_of_accident,Weather Conditions,Road Type,Road Condition,Lighting Conditions,Latitude,Longitude,Time_Block,Vehicle Type Involved
43,1,1,5,0,2,4,0,20.5937,78.9629,0,6
43,0,1,14,4,1,4,3,20.5937,78.9629,2,1
43,0,1,13,0,4,1,1,20.5937,78.9629,1,0
43,0,1,15,4,4,4,2,20.5937,78.9629,1,1
24,1,1,3,2,0,0,2,20.5937,78.9629,0,6
43,0,1,8,0,4,3,3,20.5937,78.9629,0,1
43,1,1,5,0,0,0,0,20.5937,78.9629,3,1
43,0,1,6,4,1,2,2,20.5937,78.9629,1,1
43,1,1,2,0,3,3,0,20.5937,78.9629,1,2
43,0,1,7,0,3,2,0,20.5937,78.9629,0,5
43,0,1,1,0,3,4,1,20.5937,78.9629,2,0
34,2,0,12,0,0,0,0,25.5941,85.1376,0,1
43,0,1,6,0,1,3,1,20.5937,78.9629,2,2
43,1,1,7,4,1,1,1,20.5937,78.9629,0,3
43,2,1,3,0,4,4,0,20.5937,78.9629,0,1
43,1,1,12,4,1,1,0,20.5937,78.9629,3,3
43,1,1,3,0,4,4,0,20.5937,78.9629,3,3
33,0,0,3,0,0,0,1,20.5937,78.9629,1,5
43,0,2,2,0,1,1,0,20.5937,78.9629,0,1
43,0,2,16,0,3,3,0,20.5937,78.9629,2,1
39,0,0,12,0,0,0,0,20.5937,78.9629,1,2
19,0,1,8,0,1,3,1,20.5937,78.9629,0,3
39,2,0,12,0,0,0,1,20.5937,78.9629,1,6
19,0,1,2,1,1,1,3,20.5937,78.9629,1,1
19,1,1,6,0,0,0,3,20.5937,78.9629,0,4
19,0,1,3,0,3,3,1,20.5937,78.9629,3,2
19,0,1,8,0,2,2,1,20.5937,78.9629,0,1
16,0,1,0,0,0,0,0,20.5937,78.9629,3,0
19,0,1,0,0,4,3,1,20.5937,78.9629,1,1
19,1,1,8,0,1,1,0,20.5937,78.9629,2,6
19,0,1,8,0,0,0,2,20.5937,78.9629,1,5
19,0,1,8,0,2,3,0,20.5937,78.9629,0,5
19,2,1,7,0,4,1,3,20.5937,78.9629,1,6
19,0,1,12,0,3,1,0,20.5937,78.9629,0,2
19,0,1,3,0,1,1,0,20.5937,78.9629,2,6
19,0,1,2,2,2,0,0,20.5937,78.9629,0,1
19,2,1,12,0,4,1,1,20.5937,78.9629,3,5
19,1,1,12,1,4,0,0,20.5937,78.9629,1,5
19,1,1,8,0,4,4,1,20.5937,78.9629,0,1
19,0,1,5,0,4,4,3,20.5937,78.9629,1,4
19,0,1,3,3,3,2,1,20.5937,78.9629,1,5
19,0,1,3,0,3,4,0,20.5937,78.9629,3,6
19,0,1,8,4,0,0,0,20.5937,78.9629,1,3
19,0,1,8,0,1,3,0,20.5937,78.9629,0,5
19,1,1,16,0,4,2,0,20.5937,78.9629,0,4
19,0,1,13,0,1,3,3,20.5937,78.9629,1,0
19,0,1,6,0,2,3,3,20.5937,78.9629,0,1
19,0,0,7,0,0,0,3,20.5937,78.9629,0,2
2,0,0,6,0,0,0,2,19.076,72.8777,2,0
19,0,1,5,2,1,4,0,20.5937,78.9629,0,4
33,0,0,5,1,0,0,1,20.5937,78.9629,0,6
3,2,1,0,2,4,2,0,20.5937,78.9629,2,1
3,1,1,8,1,4,2,3,20.5937,78.9629,1,0
3,0,1,0,0,1,2,0,20.5937,78.9629,1,0
3,0,1,6,1,2,0,0,20.5937,78.9629,0,6
3,2,1,12,0,0,0,0,20.5937,78.9629,0,3
3,0,1,8,2,1,1,0,20.5937,78.9629,1,1
40,2,0,5,0,0,0,0,20.5937,78.9629,1,5
3,1,1,3,0,3,4,1,20.5937,78.9629,3,1
3,1,1,8,3,3,2,0,20.5937,78.9629,2,6
19,0,0,12,4,0,0,3,20.5937,78.9629,3,1
21,1,1,8,4,0,0,1,20.5937,78.9629,3,3
3,1,1,6,2,3,3,2,20.5937,78.9629,1,0
3,1,0,3,0,0,0,2,20.5937,78.9629,1,1
3,1,1,7,3,3,2,0,20.5937,78.9629,2,4
3,0,1,6,0,1,1,3,20.5937,78.9629,1,0
3,0,1,2,1,0,0,3,20.5937,78.9629,3,1
3,1,1,17,0,2,3,3,20.5937,78.9629,2,2
3,1,1,14,0,1,2,1,20.5937,78.9629,3,5
3,0,1,12,3,0,0,2,20.5937,78.9629,0,2
3,2,1,14,3,3,3,0,20.5937,78.9629,3,5
3,0,0,12,3,0,0,2,20.5937,78.9629,0,0
3,1,1,7,0,1,1,3,20.5937,78.9629,0,0
3,0,1,12,0,4,1,1,20.5937,78.9629,1,1
3,2,1,3,2,3,3,0,20.5937,78.9629,0,5
3,0,1,0,0,1,3,1,20.5937,78.9629,3,2
3,0,1,12,0,3,3,3,20.5937,78.9629,1,1
3,0,1,3,0,3,3,0,20.5937,78.9629,2,6
3,1,1,12,3,2,1,3,20.5937,78.9629,0,1
3,0,1,12,2,2,4,1,20.5937,78.9629,0,4
13,0,1,12,0,1,4,0,20.5937,78.9629,0,0
13,2,1,3,2,1,1,0,20.5937,78.9629,0,5
13,1,1,3,4,3,4,0,20.5937,78.9629,1,4
5,0,0,12,0,0,0,3,23.0225,72.5714,2,2
13,1,1,1,0,0,0,0,20.5937,78.9629,2,6
13,0,1,3,4,3,4,0,20.5937,78.9629,1,5
13,1,1,8,0,3,2,0,20.5937,78.9629,3,1
13,0,1,5,2,2,2,3,20.5937,78.9629,0,6
13,0,1,3,0,2,4,3,20.5937,78.9629,1,1
13,1,1,3,0,1,2,0,20.5937,78.9629,0,6
13,0,1,1,0,3,3,2,20.5937,78.9629,0,1
13,0,1,5,0,4,2,0,20.5937,78.9629,1,4
45,0,0,14,0,0,0,0,26.4499,80.3319,2,5
13,1,1,1,4,1,1,0,20.5937,78.9629,0,3
13,1,1,6,0,1,2,0,20.5937,78.9629,0,3
13,1,1,0,1,4,0,0,20.5937,78.9629,1,3
36,1,1,5,1,0,0,0,25.3176,82.9739,2,1
13,0,1,6,0,1,1,2,20.5937,78.9629,0,5
13,0,1,7,0,1,2,0,20.5937,78.9629,1,0
13,1,1,3,1,0,0,0,20.5937,78.9629,0,1
25,1,0,3,4,0,0,1,20.5937,78.9629,1,1
13,0,0,3,2,0,0,3,20.5937,78.9629,0,0
13,0,1,14,0,4,1,0,20.5937,78.9629,1,3
13,0,1,2,0,1,4,0,20.5937,78.9629,1,5
13,1,1,0,0,2,3,0,20.5937,78.9629,0,1
13,2,1,13,0,4,2,0,20.5937,78.9629,0,6
13,0,1,0,0,1,3,0,20.5937,78.9629,3,2
13,1,1,8,4,1,0,0,20.5937,78.9629,0,5
13,0,1,5,0,0,0,1,20.5937,78.9629,2,5
13,0,1,6,0,4,1,3,20.5937,78.9629,0,6
2,1,0,3,4,0,0,3,19.076,72.8777,2,2
2,0,1,5,0,4,4,0,19.076,72.8777,1,5
42,0,0,8,3,0,0,3,20.5937,78.9629,1,3
2,0,1,12,0,0,0,0,19.076,72.8777,3,5
2,0,1,8,2,2,4,0,19.076,72.8777,1,0
2,0,1,0,3,3,0,1,19.076,72.8777,2,2
2,0,0,8,3,0,0,0,19.076,72.8777,3,6
2,1,1,0,0,3,3,3,19.076,72.8777,2,4
2,0,1,7,1,1,3,0,19.076,72.8777,1,6
2,0,1,2,4,3,4,0,19.076,72.8777,1,5
2,0,1,8,4,2,3,0,19.076,72.8777,0,4
2,1,1,5,2,0,0,0,19.076,72.8777,1,2
2,1,1,8,4,1,2,0,19.076,72.8777,3,1
2,0,1,7,1,2,3,0,19.076,72.8777,2,1
2,0,1,0,0,0,0,0,19.076,72.8777,1,1
9,1,1,7,0,0,0,0,20.5937,78.9629,3,0
2,0,1,8,0,3,3,0,19.076,72.8777,0,0
2,0,1,7,2,3,1,1,19.076,72.8777,1,1
2,0,1,0,4,0,0,1,19.076,72.8777,2,2
23,0,0,1,0,0,0,0,17.385,78.4867,2,6
2,1,1,2,0,1,2,1,19.076,72.8777,1,2
38,2,0,3,2,0,0,1,20.5937,78.9629,0,2
2,0,0,1,0,0,0,2,19.076,72.8777,1,6
19,2,0,4,0,0,0,3,20.5937,78.9629,0,5
2,1,1,5,0,4,0,0,19.076,72.8777,0,0
2,1,1,6,1,3,3,0,19.076,72.8777,2,1
2,1,1,3,0,0,0,0,19.076,72.8777,1,1
4,0,0,0,2,0,0,0,20.5937,78.9629,3,6
2,0,1,2,3,1,3,2,19.076,72.8777,2,4
2,0,1,7,2,4,1,2,19.076,72.8777,1,1
46,1,1,8,0,2,3,0,20.5937,78.9629,1,0
46,1,1,6,0,3,2,2,20.5937,78.9629,3,1
46,0,1,8,0,4,0,0,20.5937,78.9629,3,5
23,1,0,8,2,0,0,3,17.385,78.4867,3,6
46,1,1,0,4,3,1,1,20.5937,78.9629,2,0
46,0,1,3,4,3,0,2,20.5937,78.9629,0,1
46,1,0,7,0,0,0,1,20.5937,78.9629,0,6
46,0,0,0,3,0,0,0,20.5937,78.9629,0,6
46,1,1,9,0,3,4,2,20.5937,78.9629,0,1
46,1,1,1,0,3,4,0,20.5937,78.9629,0,2
46,2,1,4,4,3,3,3,20.5937,78.9629,0,6
46,0,0,3,0,0,0,1,20.5937,78.9629,3,5
46,0,2,10,0,4,3,0,20.5937,78.9629,0,5
46,0,2,5,3,1,3,0,20.5937,78.9629,1,0
46,0,1,2,0,0,0,1,20.5937,78.9629,0,1
46,1,1,3,4,1,3,2,20.5937,78.9629,1,4
46,0,1,7,3,4,3,0,20.5937,78.9629,2,3
46,1,1,11,0,2,1,0,20.5937,78.9629,0,6
24,1,0,2,3,0,0,1,20.5937,78.9629,1,5
46,0,1,6,0,1,4,0,20.5937,78.9629,0,1
46,0,1,3,0,4,1,2,20.5937,78.9629,1,2
46,1,0,8,4,0,0,1,20.5937,78.9629,0,1
46,2,1,7,0,3,2,3,20.5937,78.9629,0,3
46,1,1,8,1,2,2,0,20.5937,78.9629,1,5
46,0,1,6,1,2,4,2,20.5937,78.9629,3,4
46,1,1,5,4,4,0,0,20.5937,78.9629,1,5
46,1,1,12,0,0,0,3,20.5937,78.9629,0,1
46,1,1,2,2,3,3,2,20.5937,78.9629,3,6
44,0,0,12,0,0,0,0,20.5937,78.9629,0,1
46,0,1,2,3,2,1,0,20.5937,78.9629,2,3
27,0,1,6,0,1,3,0,20.5937,78.9629,3,2
27,0,1,8,0,4,1,0,20.5937,78.9629,3,0
27,1,1,3,0,0,0,3,20.5937,78.9629,0,2
27,0,1,3,4,1,4,0,20.5937,78.9629,0,4
28,0,0,13,0,0,0,0,20.5937,78.9629,0,3
37,0,1,8,3,0,0,0,20.5937,78.9629,0,3
27,0,1,3,3,1,4,0,20.5937,78.9629,0,1
27,0,1,2,0,0,0,0,20.5937,78.9629,3,5
27,2,1,9,0,4,3,0,20.5937,78.9629,0,3
27,0,1,5,4,2,4,0,20.5937,78.9629,1,1
9,0,0,5,2,0,0,2,20.5937,78.9629,2,5
24,1,0,8,2,0,0,0,20.5937,78.9629,1,5
27,0,1,6,4,0,0,2,20.5937,78.9629,1,1
27,0,1,1,0,4,2,1,20.5937,78.9629,0,1
27,1,1,7,4,1,2,0,20.5937,78.9629,0,4
27,1,1,8,0,4,0,3,20.5937,78.9629,0,3
27,1,1,3,0,4,4,0,20.5937,78.9629,3,0
27,0,1,12,2,0,0,0,20.5937,78.9629,1,0
27,0,1,3,0,1,3,1,20.5937,78.9629,0,0
27,1,1,1,1,1,1,0,20.5937,78.9629,0,6
27,1,1,5,0,1,1,3,20.5937,78.9629,0,2
27,1,1,14,2,3,0,2,20.5937,78.9629,0,1
27,1,1,13,3,3,2,1,20.5937,78.9629,2,3
27,2,1,15,0,0,0,0,20.5937,78.9629,0,1
27,2,1,3,3,3,2,0,20.5937,78.9629,0,1
27,1,1,8,1,3,2,2,20.5937,78.9629,1,0
27,1,1,5,4,4,1,3,20.5937,78.9629,2,6
18,2,0,6,1,0,0,3,21.1702,72.8311,0,0
27,0,1,2,1,0,0,0,20.5937,78.9629,1,1
27,0,1,7,3,0,0,2,20.5937,78.9629,0,1
34,2,0,1,1,0,0,2,25.5941,85.1376,0,2
16,1,1,12,0,0,0,2,20.5937,78.9629,3,6
34,0,0,6,0,0,0,1,25.5941,85.1376,3,4
34,1,0,7,0,0,0,2,25.5941,85.1376,2,1
34,1,1,3,1,4,3,0,25.5941,85.1376,0,1
34,0,1,0,2,1,0,0,25.5941,85.1376,1,4
34,1,1,1,0,2,2,1,25.5941,85.1376,2,0
34,0,1,2,2,3,4,2,25.5941,85.1376,0,1
34,2,0,3,4,0,0,2,25.5941,85.1376,3,2
34,0,1,1,0,2,4,0,25.5941,85.1376,0,3
34,0,1,4,1,1,1,3,25.5941,85.1376,1,0
34,1,0,5,0,0,0,2,25.5941,85.1376,1,3
34,0,1,6,4,4,4,2,25.5941,85.1376,3,2
34,0,0,3,0,0,0,2,25.5941,85.1376,1,1
34,0,1,0,1,3,2,0,25.5941,85.1376,3,2
34,1,1,2,3,2,1,1,25.5941,85.1376,1,6
34,0,1,7,1,4,0,2,25.5941,85.1376,1,1
34,1,0,8,0,0,0,0,25.5941,85.1376,0,1
34,1,1,6,2,1,4,1,25.5941,85.1376,1,2
34,0,1,8,0,3,1,0,25.5941,85.1376,3,3
34,0,1,8,0,2,3,1,25.5941,85.1376,1,1
34,0,1,0,0,3,3,0,25.5941,85.1376,0,5
34,0,1,3,4,1,4,0,25.5941,85.1376,1,1
34,1,1,7,0,1,3,3,25.5941,85.1376,1,2
34,1,1,0,2,1,2,0,25.5941,85.1376,0,6
34,1,1,9,0,2,4,0,25.5941,85.1376,2,1
34,0,1,1,3,4,3,2,25.5941,85.1376,0,2
34,0,1,4,4,4,4,0,25.5941,85.1376,0,0
34,0,1,3,2,1,3,1,25.5941,85.1376,3,5
37,1,1,10,2,0,0,2,20.5937,78.9629,0,2
35,0,1,5,0,3,4,1,18.5204,73.8567,2,6
35,0,1,2,4,2,3,0,18.5204,73.8567,1,2
6,1,0,3,0,0,0,0,20.5937,78.9629,3,6
35,1,1,7,0,2,0,0,18.5204,73.8567,0,2
35,1,1,11,0,0,0,1,18.5204,73.8567,1,1
35,1,0,2,4,0,0,0,18.5204,73.8567,1,2
35,1,0,6,0,0,0,3,18.5204,73.8567,3,0
41,2,1,3,4,0,0,3,20.5937,78.9629,1,2
35,1,1,8,2,4,1,0,18.5204,73.8567,0,3
35,0,1,7,4,0,0,2,18.5204,73.8567,2,4
35,0,1,8,0,4,3,0,18.5204,73.8567,2,1
35,1,1,6,0,3,1,0,18.5204,73.8567,1,5
35,0,1,5,4,1,2,0,18.5204,73.8567,1,1
45,1,0,12,1,0,0,1,26.4499,80.3319,0,3
35,0,1,2,2,4,4,1,18.5204,73.8567,2,5
35,0,1,12,2,0,0,3,18.5204,73.8567,1,3
35,0,1,2,0,0,0,1,18.5204,73.8567,1,4
42,0,1,6,4,0,0,0,20.5937,78.9629,3,6
35,0,1,8,0,2,2,0,18.5204,73.8567,1,5
35,0,1,3,3,2,2,0,18.5204,73.8567,2,1
13,0,0,3,1,0,0,1,20.5937,78.9629,1,2
35,0,1,13,2,4,1,0,18.5204,73.8567,1,6
35,0,1,8,3,0,0,2,18.5204,73.8567,3,1
35,0,1,3,0,1,4,3,18.5204,73.8567,0,1
35,0,1,2,0,4,3,0,18.5204,73.8567,1,3
35,0,1,9,3,3,1,1,18.5204,73.8567,2,4
20,0,0,5,0,0,0,0,20.5937,78.9629,0,5
35,0,1,5,1,3,1,3,18.5204,73.8567,1,6
35,2,1,8,2,2,3,0,18.5204,73.8567,0,5
35,0,1,6,0,3,4,3,18.5204,73.8567,3,1
6,0,1,1,0,3,3,2,20.5937,78.9629,0,6
6,0,1,7,0,2,3,0,20.5937,78.9629,0,2
6,0,1,8,2,3,1,3,20.5937,78.9629,0,6
6,1,1,3,0,2,1,2,20.5937,78.9629,3,6
6,0,1,12,0,1,1,0,20.5937,78.9629,1,6
37,0,0,3,4,0,0,0,20.5937,78.9629,1,4
6,1,1,1,3,2,2,0,20.5937,78.9629,3,1
6,1,1,5,4,3,1,1,20.5937,78.9629,2,5
7,1,0,14,3,0,0,0,22.5726,88.3639,0,6
6,1,1,13,3,2,3,3,20.5937,78.9629,0,6
6,0,0,15,3,0,0,3,20.5937,78.9629,0,3
6,1,1,3,0,2,1,2,20.5937,78.9629,0,4
6,1,1,8,1,1,4,0,20.5937,78.9629,0,1
6,1,0,5,1,0,0,2,20.5937,78.9629,3,2
6,0,1,6,1,3,2,3,20.5937,78.9629,0,2
6,1,1,2,4,3,4,0,20.5937,78.9629,2,1
6,0,1,7,0,1,4,1,20.5937,78.9629,0,5
6,0,1,1,4,3,3,2,20.5937,78.9629,1,3
3,1,0,12,2,0,0,0,20.5937,78.9629,2,4
6,0,1,6,2,2,2,1,20.5937,78.9629,3,3
6,0,0,7,2,0,0,0,20.5937,78.9629,3,0
6,1,1,3,0,1,4,3,20.5937,78.9629,0,1
6,1,1,12,0,4,2,0,20.5937,78.9629,0,5
6,0,1,3,4,0,0,2,20.5937,78.9629,1,4
6,0,0,3,0,0,0,1,20.5937,78.9629,2,0
6,0,0,2,1,0,0,0,20.5937,78.9629,2,0
6,0,1,16,0,2,3,3,20.5937,78.9629,2,1
11,0,0,12,2,0,0,2,20.5937,78.9629,0,4
6,2,1,8,2,3,2,1,20.5937,78.9629,0,1
6,0,0,12,0,0,0,3,20.5937,78.9629,0,3
49,2,1,2,0,2,3,3,20.5937,78.9629,0,0
49,0,0,6,3,0,0,1,20.5937,78.9629,3,5
49,0,1,3,0,4,2,1,20.5937,78.9629,0,4
49,1,1,8,4,2,1,0,20.5937,78.9629,0,1
49,0,1,0,1,4,4,2,20.5937,78.9629,0,0
49,1,1,0,0,1,3,0,20.5937,78.9629,3,1
49,0,0,8,0,0,0,0,20.5937,78.9629,2,2
49,1,1,8,2,1,4,3,20.5937,78.9629,1,0
4,0,0,8,2,0,0,0,20.5937,78.9629,1,6
49,0,1,7,4,2,2,1,20.5937,78.9629,0,4
2,0,1,12,4,0,0,2,19.076,72.8777,2,4
49,2,1,3,3,3,4,1,20.5937,78.9629,1,4
49,1,1,2,4,3,4,1,20.5937,78.9629,0,6
17,0,0,12,0,0,0,0,20.5937,78.9629,0,6
49,1,1,12,2,2,1,0,20.5937,78.9629,3,2
49,1,1,8,3,1,4,1,20.5937,78.9629,0,1
49,1,1,5,3,2,2,0,20.5937,78.9629,1,1
5,2,0,3,0,0,0,0,23.0225,72.5714,1,4
49,0,1,3,0,3,2,2,20.5937,78.9629,0,4
6,0,0,8,0,0,0,1,20.5937,78.9629,1,2
49,1,1,8,3,0,0,0,20.5937,78.9629,1,1
49,0,1,16,0,1,3,0,20.5937,78.9629,1,1
49,2,1,13,4,0,0,0,20.5937,78.9629,3,1
49,0,1,6,2,3,1,2,20.5937,78.9629,3,5
49,0,0,7,2,0,0,3,20.5937,78.9629,0,5
49,0,1,6,1,4,1,1,20.5937,78.9629,1,6
49,1,1,5,2,0,0,1,20.5937,78.9629,0,0
49,0,1,5,4,2,4,0,20.5937,78.9629,1,4
49,0,1,0,2,3,1,1,20.5937,78.9629,3,3
49,0,1,8,0,1,3,3,20.5937,78.9629,0,4
15,1,2,0,3,2,3,0,20.5937,78.9629,1,2
15,1,1,6,1,3,4,2,20.5937,78.9629,0,5
15,0,1,12,0,4,1,2,20.5937,78.9629,3,2
15,0,0,8,0,0,0,1,20.5937,78.9629,0,2
15,0,1,5,0,3,2,3,20.5937,78.9629,1,1
15,0,1,3,1,4,4,2,20.5937,78.9629,0,3
5,1,0,8,0,0,0,0,23.0225,72.5714,3,1
15,0,0,12,0,0,0,0,20.5937,78.9629,0,0
15,1,1,8,0,1,2,2,20.5937,78.9629,2,3
15,0,1,6,1,2,1,3,20.5937,78.9629,2,0
15,1,1,3,3,3,2,3,20.5937,78.9629,3,2
15,2,1,7,0,4,4,2,20.5937,78.9629,1,2
15,0,1,6,1,0,0,0,20.5937,78.9629,0,1
15,0,1,2,0,4,1,1,20.5937,78.9629,0,1
15,2,1,17,1,3,2,2,20.5937,78.9629,1,2
15,2,1,14,0,0,0,0,20.5937,78.9629,3,3
15,0,1,12,0,3,4,2,20.5937,78.9629,3,2
15,1,1,14,0,0,0,0,20.5937,78.9629,3,6
15,0,1,12,3,1,2,0,20.5937,78.9629,3,3
15,0,1,7,4,1,1,1,20.5937,78.9629,2,5
43,2,0,12,0,0,0,3,20.5937,78.9629,1,1
15,0,1,3,3,2,1,3,20.5937,78.9629,0,5
15,0,1,0,3,2,1,0,20.5937,78.9629,0,4
15,1,0,12,0,0,0,2,20.5937,78.9629,0,1
15,2,0,3,3,0,0,0,20.5937,78.9629,0,0
9,1,0,12,0,0,0,2,20.5937,78.9629,2,6
15,1,1,12,0,2,2,0,20.5937,78.9629,3,1
15,0,1,12,0,4,2,2,20.5937,78.9629,1,0
15,0,1,3,1,3,2,0,20.5937,78.9629,3,5
15,0,1,3,4,0,0,0,20.5937,78.9629,0,0
18,0,1,12,2,1,2,2,21.1702,72.8311,0,6
46,1,0,1,2,0,0,2,20.5937,78.9629,0,0
18,1,1,3,3,2,4,0,21.1702,72.8311,0,1
18,0,1,8,2,0,0,2,21.1702,72.8311,3,2
18,2,1,5,0,4,1,2,21.1702,72.8311,1,1
18,0,1,3,0,1,4,2,21.1702,72.8311,2,6
18,1,2,3,0,3,1,2,21.1702,72.8311,1,5
18,0,1,1,1,4,2,0,21.1702,72.8311,1,2
18,1,1,5,0,3,4,0,21.1702,72.8311,2,5
18,2,1,14,4,3,1,0,21.1702,72.8311,1,6
18,0,1,1,0,2,3,0,21.1702,72.8311,1,1
18,1,1,6,4,1,1,0,21.1702,72.8311,0,1
49,0,0,0,0,0,0,3,20.5937,78.9629,3,6
18,0,1,5,0,4,1,3,21.1702,72.8311,1,5
18,0,1,6,0,2,4,0,21.1702,72.8311,3,1
45,0,0,7,4,0,0,1,26.4499,80.3319,3,6
18,0,1,3,0,2,3,3,21.1702,72.8311,1,0
9,0,0,3,0,0,0,1,20.5937,78.9629,2,0
18,0,1,3,4,2,3,0,21.1702,72.8311,3,1
18,1,1,14,3,2,1,3,21.1702,72.8311,1,5
18,1,1,2,0,3,0,1,21.1702,72.8311,0,6
18,1,0,0,0,0,0,0,21.1702,72.8311,0,2
34,1,0,13,0,0,0,3,25.5941,85.1376,1,6
18,2,1,0,4,3,4,3,21.1702,72.8311,1,5
18,1,0,8,4,0,0,3,21.1702,72.8311,0,1
18,0,0,5,0,0,0,1,21.1702,72.8311,0,0
18,2,1,6,0,4,2,3,21.1702,72.8311,2,5
18,1,1,3,2,2,0,3,21.1702,72.8311,1,2
18,1,1,5,2,4,1,2,21.1702,72.8311,1,0
18,0,1,8,4,4,4,2,21.1702,72.8311,2,5
42,1,1,12,0,4,2,2,20.5937,78.9629,0,4
42,0,1,8,0,2,1,1,20.5937,78.9629,0,2
42,1,1,0,0,1,3,3,20.5937,78.9629,0,1
42,0,1,8,2,3,2,0,20.5937,78.9629,2,6
42,1,1,0,0,1,1,0,20.5937,78.9629,3,1
42,0,1,7,0,0,0,3,20.5937,78.9629,2,2
42,0,1,2,4,1,3,0,20.5937,78.9629,3,6
42,1,0,8,0,0,0,2,20.5937,78.9629,1,0
42,0,1,5,1,3,0,0,20.5937,78.9629,1,1
42,1,1,8,0,1,1,0,20.5937,78.9629,0,3
42,1,1,7,0,3,2,0,20.5937,78.9629,2,4
42,0,1,0,4,1,4,3,20.5937,78.9629,0,6
42,1,1,7,3,1,2,2,20.5937,78.9629,1,2
42,0,0,8,4,0,0,1,20.5937,78.9629,3,2
42,1,1,7,2,3,4,3,20.5937,78.9629,3,0
42,0,1,12,0,3,3,0,20.5937,78.9629,3,2
42,0,1,9,0,4,2,0,20.5937,78.9629,0,3
42,0,1,12,4,1,4,1,20.5937,78.9629,1,2
42,1,1,2,0,3,1,0,20.5937,78.9629,0,2
42,0,0,6,0,0,0,0,20.5937,78.9629,3,1
42,1,1,3,0,0,0,0,20.5937,78.9629,0,3
42,2,1,3,1,4,2,2,20.5937,78.9629,2,1
42,0,1,8,0,1,1,0,20.5937,78.9629,0,6
42,1,1,8,2,0,0,0,20.5937,78.9629,3,0
42,0,1,2,1,0,0,0,20.5937,78.9629,3,0
42,0,1,3,0,0,0,1,20.5937,78.9629,0,1
42,0,1,6,2,4,3,0,20.5937,78.9629,0,5
42,0,1,2,0,1,3,0,20.5937,78.9629,0,6
42,1,0,6,3,0,0,0,20.5937,78.9629,3,4
42,1,1,0,2,2,1,1,20.5937,78.9629,0,0
37,1,0,17,4,0,0,2,20.5937,78.9629,2,3
4,0,1,8,1,4,1,1,20.5937,78.9629,0,5
4,0,1,8,1,4,0,0,20.5937,78.9629,3,5
15,0,1,8,0,0,0,0,20.5937,78.9629,0,4
4,0,1,2,3,3,2,0,20.5937,78.9629,1,5
4,0,1,6,4,3,2,1,20.5937,78.9629,2,1
4,0,1,13,0,4,2,1,20.5937,78.9629,1,5
4,1,1,1,3,0,0,3,20.5937,78.9629,1,3
4,0,1,5,3,0,0,3,20.5937,78.9629,0,2
4,0,1,2,0,3,2,2,20.5937,78.9629,3,4
4,0,0,7,0,0,0,1,20.5937,78.9629,0,4
4,2,1,2,0,2,1,1,20.5937,78.9629,1,4
4,0,1,8,0,2,2,0,20.5937,78.9629,0,0
4,0,1,0,0,1,4,0,20.5937,78.9629,1,4
4,0,1,2,3,3,2,1,20.5937,78.9629,1,6
4,0,1,5,0,4,2,1,20.5937,78.9629,1,6
4,0,1,8,0,0,0,2,20.5937,78.9629,1,2
4,0,1,0,3,2,1,1,20.5937,78.9629,0,2
4,1,1,8,1,3,2,3,20.5937,78.9629,3,2
4,0,1,2,0,0,0,1,20.5937,78.9629,0,3
4,0,1,2,0,1,4,0,20.5937,78.9629,1,5
4,2,1,7,0,4,4,3,20.5937,78.9629,0,1
4,0,1,2,3,3,2,2,20.5937,78.9629,2,1
4,2,1,12,0,2,4,3,20.5937,78.9629,3,1
4,1,1,12,0,2,2,1,20.5937,78.9629,3,6
4,1,0,7,4,0,0,2,20.5937,78.9629,0,6
23,0,0,9,4,0,0,0,17.385,78.4867,3,1
1,0,1,8,0,0,0,3,27.1767,78.0081,1,4
4,0,1,2,0,4,4,0,20.5937,78.9629,1,1
4,1,0,6,1,0,0,0,20.5937,78.9629,1,4
11,2,1,8,3,0,0,0,20.5937,78.9629,1,2
5,1,0,7,0,0,0,3,23.0225,72.5714,0,1
21,0,1,7,2,1,0,0,20.5937,78.9629,1,4
21,0,1,6,0,3,1,0,20.5937,78.9629,3,4
21,0,1,12,0,3,0,2,20.5937,78.9629,3,4
46,1,0,3,1,0,0,1,20.5937,78.9629,0,4
21,0,1,2,3,3,1,3,20.5937,78.9629,2,0
21,1,1,0,0,4,1,0,20.5937,78.9629,2,1
9,0,0,12,2,0,0,2,20.5937,78.9629,1,5
21,0,1,14,0,0,0,1,20.5937,78.9629,0,3
21,0,0,14,1,0,0,0,20.5937,78.9629,1,5
21,1,1,7,0,4,2,0,20.5937,78.9629,0,3
21,0,1,2,1,1,3,1,20.5937,78.9629,1,3
21,0,1,3,2,1,2,2,20.5937,78.9629,0,6
21,0,1,12,0,2,1,1,20.5937,78.9629,0,2