Million_Plus_Cities,Age_band_of_driver,Accident_severity,Cause_of_accident,Weather Conditions,Road Type,Road Condition,Lighting Conditions,Latitude,Longitude,Time_Block,Vehicle Type Involved
21,1,1,8,3,4,1,0,20.5937,78.9629,1,2
21,0,1,9,0,2,4,0,20.5937,78.9629,0,5
21,1,1,18,2,1,1,0,20.5937,78.9629,2,1
12,0,1,3,3,0,0,3,28.6139,77.209,2,0
14,0,1,12,2,0,0,2,13.0827,80.2707,2,3
21,0,1,0,0,3,3,3,20.5937,78.9629,0,1
21,2,1,17,0,1,2,0,20.5937,78.9629,3,0
21,0,1,3,0,0,0,2,20.5937,78.9629,2,2
31,1,1,12,0,0,0,0,26.8467,80.9462,3,0
21,0,0,6,4,0,0,3,20.5937,78.9629,1,2
21,0,1,0,0,2,3,0,20.5937,78.9629,1,3
21,0,1,2,0,4,2,2,20.5937,78.9629,0,1
21,1,1,16,0,3,1,0,20.5937,78.9629,3,0
21,0,1,8,0,1,3,0,20.5937,78.9629,3,4
21,0,1,12,0,0,0,2,20.5937,78.9629,1,2
25,1,1,8,0,1,2,0,20.5937,78.9629,2,5
25,1,1,2,3,3,3,1,20.5937,78.9629,2,4
25,1,1,7,0,2,4,0,20.5937,78.9629,3,6
31,0,0,8,1,0,0,2,26.8467,80.9462,2,1
25,1,1,8,1,4,1,0,20.5937,78.9629,1,3
25,1,0,2,0,0,0,0,20.5937,78.9629,3,1
25,1,1,8,3,4,3,2,20.5937,78.9629,0,1
25,1,1,2,1,2,1,0,20.5937,78.9629,0,1
25,1,1,8,1,3,3,2,20.5937,78.9629,0,6
25,1,1,8,3,1,3,1,20.5937,78.9629,0,6
25,0,1,8,0,2,2,0,20.5937,78.9629,0,0
25,0,1,2,0,2,4,0,20.5937,78.9629,1,1
25,0,1,3,4,2,0,0,20.5937,78.9629,1,2
12,0,0,0,2,0,0,0,28.6139,77.209,0,1
25,1,1,3,0,3,1,2,20.5937,78.9629,1,6
25,0,1,8,0,0,0,3,20.5937,78.9629,1,1
25,0,1,1,0,0,0,1,20.5937,78.9629,0,6
25,1,1,5,0,1,3,0,20.5937,78.9629,1,6
25,1,1,5,0,1,1,3,20.5937,78.9629,1,0
18,0,0,3,0,0,0,3,21.1702,72.8311,3,1
25,0,1,7,1,0,0,2,20.5937,78.9629,2,4
25,0,1,6,2,4,3,0,20.5937,78.9629,3,1
34,1,0,2,2,0,0,0,25.5941,85.1376,0,3
25,0,1,2,4,2,2,0,20.5937,78.9629,3,6
25,0,1,1,1,3,3,1,20.5937,78.9629,0,0
25,1,1,8,3,0,0,0,20.5937,78.9629,3,1
25,0,0,6,3,0,0,0,20.5937,78.9629,0,6
25,0,1,3,2,1,1,2,20.5937,78.9629,1,4
20,0,0,2,4,0,0,0,20.5937,78.9629,1,5
25,1,1,8,0,4,4,0,20.5937,78.9629,0,5
36,0,1,12,1,3,4,0,25.3176,82.9739,3,3
36,1,1,7,3,4,3,0,25.3176,82.9739,0,1
36,0,1,12,0,1,2,1,25.3176,82.9739,0,0
31,0,0,0,0,0,0,0,26.8467,80.9462,2,2
48,0,0,8,0,0,0,0,20.5937,78.9629,1,1
36,1,1,8,2,0,0,0,25.3176,82.9739,1,2
36,0,1,8,0,1,0,3,25.3176,82.9739,1,1
36,0,1,2,0,1,0,2,25.3176,82.9739,2,0
7,0,1,2,0,0,0,1,22.5726,88.3639,2,2
36,1,0,0,0,0,0,2,25.3176,82.9739,0,4
36,0,1,3,4,4,4,0,25.3176,82.9739,1,1
33,0,1,6,0,0,0,0,20.5937,78.9629,1,1
36,1,1,0,2,2,3,1,25.3176,82.9739,3,0
36,1,1,12,1,2,2,0,25.3176,82.9739,0,1
36,0,1,12,0,4,3,0,25.3176,82.9739,3,0
36,1,1,18,0,4,1,0,25.3176,82.9739,1,0
36,0,0,7,0,0,0,0,25.3176,82.9739,2,6
39,0,1,6,0,0,0,0,20.5937,78.9629,1,6
36,0,1,12,0,2,4,2,25.3176,82.9739,0,4
36,0,1,0,0,3,0,2,25.3176,82.9739,3,1
14,0,0,12,2,0,0,1,13.0827,80.2707,1,6
36,0,1,6,0,3,2,0,25.3176,82.9739,0,2
1,0,1,3,0,0,0,0,27.1767,78.0081,1,1
17,1,0,2,0,0,0,0,20.5937,78.9629,0,0
34,0,0,6,1,0,0,3,25.5941,85.1376,1,3
36,0,1,12,3,4,1,2,25.3176,82.9739,0,0
36,1,1,0,0,2,2,2,25.3176,82.9739,1,1
36,0,0,8,1,0,0,2,25.3176,82.9739,0,1
36,0,1,2,0,0,0,0,25.3176,82.9739,1,2
36,0,1,2,0,3,4,3,25.3176,82.9739,3,1
38,0,1,8,0,3,2,1,20.5937,78.9629,1,1
38,0,1,2,0,0,0,0,20.5937,78.9629,0,2
38,1,1,12,4,1,3,0,20.5937,78.9629,3,3
38,0,1,2,0,4,3,0,20.5937,78.9629,1,0
38,1,0,8,0,0,0,2,20.5937,78.9629,1,4
38,1,1,3,4,1,4,0,20.5937,78.9629,3,2
38,1,1,8,0,0,0,2,20.5937,78.9629,2,6
38,1,1,14,0,3,3,0,20.5937,78.9629,2,0
38,0,1,8,0,1,3,0,20.5937,78.9629,2,4
38,1,1,1,2,2,2,1,20.5937,78.9629,0,0
38,2,1,18,1,2,2,0,20.5937,78.9629,1,6
38,0,1,7,0,2,3,1,20.5937,78.9629,0,2
38,1,1,0,1,2,0,0,20.5937,78.9629,1,1
48,2,0,3,0,0,0,0,20.5937,78.9629,1,6
38,0,1,2,0,0,0,0,20.5937,78.9629,0,0
38,0,1,3,0,4,3,0,20.5937,78.9629,1,1
38,1,1,18,0,4,0,0,20.5937,78.9629,2,0
43,2,1,6,0,0,0,3,20.5937,78.9629,0,5
38,0,0,6,0,0,0,0,20.5937,78.9629,1,5
38,0,0,2,0,0,0,3,20.5937,78.9629,3,6
38,0,1,3,0,4,1,0,20.5937,78.9629,1,5
38,1,1,3,0,3,3,3,20.5937,78.9629,1,4
38,1,1,2,0,2,3,2,20.5937,78.9629,0,0
38,1,0,2,0,0,0,2,20.5937,78.9629,1,6
38,1,1,9,3,4,1,1,20.5937,78.9629,3,1
38,2,1,1,3,1,1,0,20.5937,78.9629,0,2
38,1,1,2,3,2,2,2,20.5937,78.9629,3,6
38,0,1,18,0,2,1,3,20.5937,78.9629,0,1
38,1,1,12,0,2,0,0,20.5937,78.9629,1,4
38,0,1,0,2,1,1,2,20.5937,78.9629,1,2
19,1,1,8,0,0,0,0,20.5937,78.9629,0,1
48,0,1,6,3,4,2,0,20.5937,78.9629,1,3
28,1,0,16,3,0,0,2,20.5937,78.9629,1,2
48,0,1,2,1,1,1,0,20.5937,78.9629,3,5
48,0,1,8,4,1,4,1,20.5937,78.9629,2,6
48,0,1,0,0,3,2,0,20.5937,78.9629,1,2
48,0,1,6,0,4,3,1,20.5937,78.9629,1,5
48,1,1,6,1,4,0,0,20.5937,78.9629,1,0
48,1,1,8,0,3,3,2,20.5937,78.9629,0,0
21,0,1,8,4,0,0,0,20.5937,78.9629,2,6
48,2,1,1,3,1,1,2,20.5937,78.9629,0,6
48,1,1,18,0,3,4,0,20.5937,78.9629,1,0
48,0,1,3,0,0,0,2,20.5937,78.9629,1,3
33,0,0,2,0,0,0,0,20.5937,78.9629,1,5
48,0,1,12,1,1,4,0,20.5937,78.9629,1,2
48,0,1,0,0,4,1,0,20.5937,78.9629,1,3
48,1,0,0,0,0,0,1,20.5937,78.9629,0,1
48,2,1,3,4,1,0,3,20.5937,78.9629,0,0
48,0,0,6,0,0,0,2,20.5937,78.9629,1,5
48,0,1,13,2,0,0,2,20.5937,78.9629,1,2
48,1,1,18,0,4,1,0,20.5937,78.9629,3,4
7,1,1,3,0,0,0,0,22.5726,88.3639,3,5
48,0,1,12,1,2,2,3,20.5937,78.9629,1,2
48,0,1,8,0,1,2,0,20.5937,78.9629,1,1
48,0,0,2,0,0,0,3,20.5937,78.9629,3,3
48,0,1,8,2,3,4,1,20.5937,78.9629,1,5
48,1,0,8,1,0,0,0,20.5937,78.9629,3,1
48,0,1,9,0,2,4,1,20.5937,78.9629,3,5
30,0,1,1,4,0,0,3,20.5937,78.9629,0,1
48,2,1,12,0,3,3,0,20.5937,78.9629,0,5
1,0,1,18,3,3,1,0,27.1767,78.0081,0,6
23,0,1,0,0,0,0,1,17.385,78.4867,2,0
1,1,1,16,3,2,2,2,27.1767,78.0081,3,5
1,1,1,18,0,0,0,0,27.1767,78.0081,0,0
1,0,1,3,4,4,4,0,27.1767,78.0081,1,3
1,1,1,2,2,3,2,1,27.1767,78.0081,0,2
1,0,1,8,0,0,0,0,27.1767,78.0081,2,1
1,0,1,8,0,3,0,2,27.1767,78.0081,0,0
1,1,0,6,2,0,0,0,27.1767,78.0081,2,6
1,0,0,0,0,0,0,2,27.1767,78.0081,0,1
1,0,1,0,3,2,4,1,27.1767,78.0081,0,5
7,2,0,9,0,0,0,0,22.5726,88.3639,2,1
31,0,1,2,0,0,0,3,26.8467,80.9462,2,6
1,1,1,2,0,0,0,3,27.1767,78.0081,3,6
1,0,1,6,0,3,3,3,27.1767,78.0081,0,2
1,0,1,3,0,4,1,2,27.1767,78.0081,0,6
5,0,0,3,0,0,0,0,23.0225,72.5714,1,5
1,1,1,12,1,3,4,0,27.1767,78.0081,0,4
1,0,1,2,0,3,4,1,27.1767,78.0081,3,6
1,0,1,3,3,1,4,0,27.1767,78.0081,1,5
1,1,1,18,2,2,1,3,27.1767,78.0081,1,6
1,0,1,12,1,3,3,0,27.1767,78.0081,0,5
1,1,1,8,2,1,1,0,27.1767,78.0081,2,1
1,1,0,6,1,0,0,0,27.1767,78.0081,1,1
1,2,1,6,1,1,3,0,27.1767,78.0081,2,1
1,1,1,6,0,4,4,0,27.1767,78.0081,3,5
1,2,1,2,1,4,4,0,27.1767,78.0081,3,6
1,0,1,0,4,0,0,0,27.1767,78.0081,3,1
1,0,1,12,0,1,2,0,27.1767,78.0081,0,4
1,1,1,18,1,4,1,3,27.1767,78.0081,3,1
44,2,0,3,4,0,0,0,20.5937,78.9629,1,2
5,0,1,6,3,2,1,0,23.0225,72.5714,1,2
5,0,1,3,1,1,1,0,23.0225,72.5714,2,0
5,0,0,14,1,0,0,1,23.0225,72.5714,3,1
5,1,1,0,1,1,3,0,23.0225,72.5714,1,6
5,1,1,6,0,2,3,2,23.0225,72.5714,0,1
5,1,0,8,0,0,0,0,23.0225,72.5714,0,3
5,0,1,12,2,3,3,2,23.0225,72.5714,2,6
5,0,1,2,0,4,1,0,23.0225,72.5714,2,3
5,0,1,6,0,2,4,0,23.0225,72.5714,0,1
5,0,1,6,4,3,3,2,23.0225,72.5714,1,0
5,1,1,8,0,3,2,2,23.0225,72.5714,3,2
5,0,1,14,0,2,3,1,23.0225,72.5714,0,1
5,1,0,12,0,0,0,3,23.0225,72.5714,0,2
5,0,1,12,3,1,0,0,23.0225,72.5714,3,2
5,1,1,3,2,1,3,0,23.0225,72.5714,0,4
5,1,1,12,0,3,3,0,23.0225,72.5714,1,2
5,1,1,2,1,3,2,2,23.0225,72.5714,1,0
5,1,1,12,1,3,2,0,23.0225,72.5714,2,3
5,1,1,12,0,3,4,0,23.0225,72.5714,0,6
5,0,1,18,0,0,0,1,23.0225,72.5714,2,4
5,1,1,12,3,1,4,1,23.0225,72.5714,0,6
5,1,1,8,3,4,1,0,23.0225,72.5714,3,0
5,0,1,12,3,4,4,0,23.0225,72.5714,1,4
5,1,1,14,0,0,0,3,23.0225,72.5714,0,0
5,1,1,1,3,2,4,0,23.0225,72.5714,1,5
5,0,1,8,0,2,4,0,23.0225,72.5714,1,4
5,2,1,12,0,4,0,0,23.0225,72.5714,0,1
5,2,0,6,3,0,0,0,23.0225,72.5714,0,6
5,0,1,6,0,1,0,2,23.0225,72.5714,1,2
8,0,1,6,0,3,4,0,20.5937,78.9629,1,0
8,0,1,6,4,3,0,2,20.5937,78.9629,1,1
0,1,0,8,0,0,0,3,26.9124,75.7873,1,1
8,1,1,0,2,0,0,0,20.5937,78.9629,3,5
8,1,1,8,1,1,2,0,20.5937,78.9629,0,4
8,0,1,2,0,1,2,1,20.5937,78.9629,3,2
8,0,1,2,4,0,0,0,20.5937,78.9629,2,5
8,0,1,7,3,1,3,0,20.5937,78.9629,2,4
8,0,0,0,3,0,0,0,20.5937,78.9629,1,3
8,0,1,2,3,0,0,0,20.5937,78.9629,1,4
8,1,0,8,1,0,0,0,20.5937,78.9629,1,0
8,0,1,6,3,3,3,1,20.5937,78.9629,3,4
8,0,1,3,0,0,0,3,20.5937,78.9629,0,3
8,0,1,8,3,4,4,0,20.5937,78.9629,3,2
8,1,1,8,2,2,2,0,20.5937,78.9629,3,1
8,0,1,9,3,0,0,3,20.5937,78.9629,0,5
8,1,0,7,4,0,0,0,20.5937,78.9629,0,1
8,1,1,2,0,1,4,0,20.5937,78.9629,3,0
8,1,0,8,0,0,0,1,20.5937,78.9629,3,3
10,1,0,12,0,0,0,0,20.5937,78.9629,3,1
8,1,1,8,3,1,1,1,20.5937,78.9629,3,3
8,1,1,3,0,2,2,0,20.5937,78.9629,2,1
8,0,1,1,0,4,0,3,20.5937,78.9629,0,2
8,0,1,12,0,3,1,0,20.5937,78.9629,0,1
8,1,0,0,0,0,0,3,20.5937,78.9629,1,1
8,0,1,8,0,2,2,0,20.5937,78.9629,0,6
9,0,0,1,4,0,0,0,20.5937,78.9629,3,1
8,0,1,12,4,4,1,1,20.5937,78.9629,3,1
8,0,1,12,0,1,2,0,20.5937,78.9629,2,1
8,0,1,0,4,1,4,3,20.5937,78.9629,0,3
17,1,1,12,0,1,3,0,20.5937,78.9629,0,6
17,1,1,14,0,3,1,0,20.5937,78.9629,2,5
17,2,1,2,1,0,0,1,20.5937,78.9629,3,1
0,1,0,8,3,0,0,0,26.9124,75.7873,0,6
17,0,0,8,3,0,0,0,20.5937,78.9629,0,2
31,1,1,3,3,0,0,0,26.8467,80.9462,0,0
17,0,1,18,1,1,2,3,20.5937,78.9629,1,6
17,1,1,3,0,0,0,2,20.5937,78.9629,3,0
17,0,1,2,4,0,0,1,20.5937,78.9629,0,0
17,0,0,0,1,0,0,0,20.5937,78.9629,0,4
17,1,1,8,0,1,0,1,20.5937,78.9629,1,0
17,1,1,3,1,3,1,1,20.5937,78.9629,3,4
14,1,1,0,0,0,0,0,13.0827,80.2707,0,1
17,0,1,8,0,3,0,0,20.5937,78.9629,1,6
17,0,1,14,2,3,4,0,20.5937,78.9629,1,5
17,1,1,14,0,1,2,0,20.5937,78.9629,1,1
17,0,0,0,4,0,0,1,20.5937,78.9629,3,0
17,0,1,0,1,2,2,3,20.5937,78.9629,0,2
17,0,0,1,0,0,0,1,20.5937,78.9629,1,5
17,1,1,12,1,3,1,2,20.5937,78.9629,3,0
17,1,1,2,2,2,2,0,20.5937,78.9629,0,6
17,0,1,18,4,1,1,0,20.5937,78.9629,1,1
17,0,0,8,0,0,0,0,20.5937,78.9629,1,5
17,0,1,0,0,0,0,1,20.5937,78.9629,0,6
5,0,1,2,3,0,0,1,23.0225,72.5714,3,4
17,1,1,3,2,4,0,1,20.5937,78.9629,2,1
17,0,1,8,4,0,0,0,20.5937,78.9629,3,5
3,1,1,13,4,0,0,0,20.5937,78.9629,1,0
17,0,1,3,0,0,0,0,20.5937,78.9629,3,4
17,1,1,6,3,1,1,1,20.5937,78.9629,0,2
10,1,1,8,4,2,3,0,20.5937,78.9629,1,0
14,1,0,17,0,0,0,0,13.0827,80.2707,2,1
10,2,1,8,0,4,3,3,20.5937,78.9629,0,0
22,1,1,3,0,0,0,0,20.5937,78.9629,1,5
10,0,0,8,1,0,0,0,20.5937,78.9629,1,1
10,0,1,2,0,1,2,2,20.5937,78.9629,1,2
30,0,0,12,0,0,0,0,20.5937,78.9629,1,5
10,1,1,3,0,4,3,1,20.5937,78.9629,3,4
10,1,1,6,4,4,2,0,20.5937,78.9629,0,5
10,0,1,8,0,4,4,1,20.5937,78.9629,2,3
10,0,1,7,0,2,1,0,20.5937,78.9629,2,0
10,1,0,7,0,0,0,2,20.5937,78.9629,3,1
10,0,1,6,0,1,1,0,20.5937,78.9629,1,2
10,0,1,2,2,2,4,0,20.5937,78.9629,1,3
39,0,1,2,3,0,0,0,20.5937,78.9629,3,5
10,2,1,8,1,3,1,1,20.5937,78.9629,1,2
10,0,1,6,3,2,3,2,20.5937,78.9629,0,2
10,2,1,8,0,2,1,2,20.5937,78.9629,3,5
10,0,1,8,0,3,3,2,20.5937,78.9629,0,2
10,0,1,3,0,3,4,3,20.5937,78.9629,1,2
10,1,1,2,0,4,3,0,20.5937,78.9629,1,0
10,0,1,8,0,4,1,0,20.5937,78.9629,1,4
10,0,0,16,2,0,0,0,20.5937,78.9629,1,0
31,1,0,6,0,0,0,3,26.8467,80.9462,0,5
10,0,1,0,4,4,4,1,20.5937,78.9629,1,5
10,1,1,18,0,4,2,3,20.5937,78.9629,0,1
10,1,1,0,0,4,3,3,20.5937,78.9629,1,0
10,0,1,3,2,1,4,0,20.5937,78.9629,0,0
10,2,1,11,3,4,3,3,20.5937,78.9629,1,4
10,0,1,18,2,0,0,0,20.5937,78.9629,1,0
44,0,0,12,0,0,0,3,20.5937,78.9629,2,6
24,0,1,8,0,4,3,2,20.5937,78.9629,0,6
24,1,1,6,0,4,4,0,20.5937,78.9629,0,5
24,0,1,11,3,4,2,0,20.5937,78.9629,2,1
24,1,1,18,2,4,3,0,20.5937,78.9629,3,0
32,0,0,3,0,0,0,3,20.5937,78.9629,3,5
24,0,1,3,4,0,0,0,20.5937,78.9629,0,1
24,0,1,3,1,3,2,0,20.5937,78.9629,0,5
24,0,1,3,0,0,0,0,20.5937,78.9629,0,6
24,0,0,0,0,0,0,0,20.5937,78.9629,1,1
24,0,0,8,0,0,0,0,20.5937,78.9629,0,1
24,1,1,11,0,4,4,2,20.5937,78.9629,3,6
48,1,0,8,3,0,0,0,20.5937,78.9629,1,1
24,0,1,12,0,2,2,1,20.5937,78.9629,0,1
24,0,1,8,0,1,4,2,20.5937,78.9629,1,0
18,0,1,8,0,0,0,0,21.1702,72.8311,1,2
24,0,1,8,0,4,2,3,20.5937,78.9629,0,3
24,0,1,3,0,1,2,2,20.5937,78.9629,0,4
24,0,1,8,0,1,2,1,20.5937,78.9629,1,4
48,0,0,6,2,0,0,1,20.5937,78.9629,1,0
24,1,0,2,0,0,0,0,20.5937,78.9629,1,6
24,0,1,0,0,0,0,2,20.5937,78.9629,3,1
24,1,1,12,1,0,0,0,20.5937,78.9629,0,6
24,0,1,2,1,1,1,3,20.5937,78.9629,2,6
24,0,1,7,2,3,4,1,20.5937,78.9629,1,2
24,0,1,8,0,2,1,3,20.5937,78.9629,3,0
24,0,1,8,0,3,1,1,20.5937,78.9629,1,5
24,1,1,16,0,4,2,3,20.5937,78.9629,0,1
24,0,1,8,0,1,2,0,20.5937,78.9629,0,6
24,1,1,19,0,4,4,0,20.5937,78.9629,2,1
26,1,1,0,3,3,3,0,12.9716,77.5946,0,0
26,0,1,7,1,2,3,1,12.9716,77.5946,1,0
26,0,1,2,0,3,4,3,12.9716,77.5946,0,5
9,0,1,2,0,0,0,0,20.5937,78.9629,0,6
26,0,0,9,4,0,0,0,12.9716,77.5946,2,5
26,0,1,8,4,2,2,0,12.9716,77.5946,2,0
26,2,1,3,3,1,4,0,12.9716,77.5946,0,1
26,0,1,3,0,1,3,3,12.9716,77.5946,3,4
34,1,1,0,2,0,0,0,25.5941,85.1376,0,6
26,0,1,13,3,2,2,2,12.9716,77.5946,3,4
26,1,1,2,0,4,2,0,12.9716,77.5946,1,1
26,0,0,3,0,0,0,3,12.9716,77.5946,1,2
20,1,0,8,0,0,0,3,20.5937,78.9629,1,1
26,1,1,3,1,4,4,2,12.9716,77.5946,3,0
26,0,1,3,0,1,1,3,12.9716,77.5946,0,5
26,0,1,8,0,3,3,3,12.9716,77.5946,3,2
26,1,1,3,0,3,2,2,12.9716,77.5946,1,2
19,1,1,12,0,0,0,3,20.5937,78.9629,0,3
26,0,1,12,0,4,4,0,12.9716,77.5946,0,0
26,0,0,3,0,0,0,0,12.9716,77.5946,1,5
26,1,1,16,0,3,3,0,12.9716,77.5946,1,6
31,1,0,3,0,0,0,1,26.8467,80.9462,0,4
26,1,0,0,1,0,0,1,12.9716,77.5946,1,4
26,0,0,8,2,0,0,1,12.9716,77.5946,3,0
26,1,1,16,0,4,3,3,12.9716,77.5946,2,6
26,1,1,12,2,4,3,0,12.9716,77.5946,2,1
26,1,1,3,0,4,3,1,12.9716,77.5946,1,1
26,0,1,13,0,2,4,0,12.9716,77.5946,0,3
26,1,1,2,4,4,2,0,12.9716,77.5946,2,4
26,0,1,12,3,4,2,1,12.9716,77.5946,2,5
28,0,0,8,4,0,0,0,20.5937,78.9629,1,6
28,2,1,0,0,4,4,0,20.5937,78.9629,0,3
28,1,1,7,3,3,2,1,20.5937,78.9629,0,3
23,1,0,0,0,0,0,0,17.385,78.4867,2,0
28,1,1,3,0,1,3,0,20.5937,78.9629,0,5
28,0,1,8,2,3,4,3,20.5937,78.9629,0,1
28,1,1,19,3,4,1,3,20.5937,78.9629,0,3
28,0,1,3,4,2,4,3,20.5937,78.9629,2,1
28,0,0,12,4,0,0,1,20.5937,78.9629,3,2
28,0,1,14,0,1,2,2,20.5937,78.9629,2,3
3,0,1,3,3,0,0,2,20.5937,78.9629,2,5
28,0,1,3,1,0,0,2,20.5937,78.9629,2,1
18,1,0,12,0,0,0,2,21.1702,72.8311,0,1
28,0,1,2,0,3,1,3,20.5937,78.9629,0,1
28,0,1,6,0,2,1,0,20.5937,78.9629,3,5
28,0,1,12,3,1,2,0,20.5937,78.9629,1,4
28,1,1,3,3,0,0,1,20.5937,78.9629,3,4
28,0,1,12,0,1,3,3,20.5937,78.9629,2,1
28,1,0,18,0,0,0,2,20.5937,78.9629,0,6
28,0,0,8,2,0,0,0,20.5937,78.9629,1,6
9,1,0,2,2,0,0,0,20.5937,78.9629,0,1
28,2,0,6,0,0,0,0,20.5937,78.9629,1,3
24,1,0,0,4,0,0,3,20.5937,78.9629,0,3
28,2,1,0,0,2,2,2,20.5937,78.9629,0,0
28,1,1,8,4,3,1,0,20.5937,78.9629,0,6
28,1,1,3,0,3,2,0,20.5937,78.9629,3,5
28,1,1,3,4,2,4,0,20.5937,78.9629,2,1
28,1,1,0,0,0,0,2,20.5937,78.9629,3,2
28,1,1,12,3,2,4,3,20.5937,78.9629,1,0
40,0,0,18,0,0,0,1,20.5937,78.9629,3,6
24,1,0,8,0,0,0,0,20.5937,78.9629,0,2
29,1,1,8,0,0,0,3,20.5937,78.9629,1,6
29,2,1,6,0,3,2,0,20.5937,78.9629,0,0
23,2,0,14,0,0,0,0,17.385,78.4867,2,2
29,1,0,6,0,0,0,0,20.5937,78.9629,3,0
29,2,0,6,4,0,0,0,20.5937,78.9629,0,1
29,1,0,6,3,0,0,2,20.5937,78.9629,1,0
44,0,0,8,1,0,0,1,20.5937,78.9629,0,6
29,0,1,0,4,3,1,0,20.5937,78.9629,0,6
29,1,1,3,0,4,3,2,20.5937,78.9629,1,6
29,1,1,12,0,1,1,2,20.5937,78.9629,2,5
29,2,1,2,0,3,3,1,20.5937,78.9629,0,3
29,1,1,8,0,4,0,0,20.5937,78.9629,3,1
29,1,1,3,4,3,2,2,20.5937,78.9629,1,1
29,1,1,18,0,1,3,0,20.5937,78.9629,0,1
29,0,1,8,0,2,2,0,20.5937,78.9629,3,1
29,2,1,16,0,1,2,0,20.5937,78.9629,3,3
29,2,1,8,0,1,1,3,20.5937,78.9629,0,4
29,1,0,3,4,0,0,0,20.5937,78.9629,3,4
29,1,1,6,0,4,1,0,20.5937,78.9629,0,1
29,0,1,3,0,0,0,1,20.5937,78.9629,2,5
29,0,1,2,0,4,4,0,20.5937,78.9629,0,3
29,0,1,8,3,4,2,0,20.5937,78.9629,2,6
29,0,1,7,3,3,3,1,20.5937,78.9629,1,3
29,0,1,12,4,2,4,3,20.5937,78.9629,2,4
29,0,1,8,0,0,0,3,20.5937,78.9629,0,3
47,0,0,12,0,0,0,0,20.5937,78.9629,3,2
29,1,1,12,0,2,2,0,20.5937,78.9629,0,1
1,0,0,0,2,0,0,3,27.1767,78.0081,2,1
27,0,0,1,0,0,0,0,20.5937,78.9629,0,6
14,0,1,6,0,4,0,3,13.0827,80.2707,3,4
14,0,1,6,2,1,2,0,13.0827,80.2707,0,4
14,2,1,2,0,4,1,2,13.0827,80.2707,1,1
14,0,1,6,0,4,3,3,13.0827,80.2707,0,0
14,1,1,8,0,2,4,3,13.0827,80.2707,0,6
14,0,0,0,0,0,0,3,13.0827,80.2707,1,4
14,2,1,3,3,2,2,2,13.0827,80.2707,0,0
14,0,1,8,3,3,0,3,13.0827,80.2707,1,5
14,0,1,1,0,4,4,3,13.0827,80.2707,3,6
14,0,1,8,0,3,3,0,13.0827,80.2707,0,2
14,0,0,2,1,0,0,1,13.0827,80.2707,0,2
14,0,1,18,2,1,2,0,13.0827,80.2707,1,6
14,1,1,8,0,4,3,0,13.0827,80.2707,0,0
10,0,0,8,0,0,0,0,20.5937,78.9629,0,0
14,0,1,3,1,4,4,0,13.0827,80.2707,1,3
14,0,0,2,0,0,0,0,13.0827,80.2707,2,1
13,1,0,0,4,0,0,2,20.5937,78.9629,1,3
14,0,1,8,0,4,2,0,13.0827,80.2707,1,1
14,1,1,8,2,4,1,0,13.0827,80.2707,0,5
14,0,1,12,0,2,3,2,13.0827,80.2707,0,1
14,0,1,0,0,4,0,0,13.0827,80.2707,1,2
31,0,1,8,2,0,0,0,26.8467,80.9462,0,3
14,0,1,3,0,2,4,0,13.0827,80.2707,0,3
43,0,0,12,2,0,0,0,20.5937,78.9629,1,5
14,2,1,14,1,0,0,0,13.0827,80.2707,1,2
12,1,1,3,0,0,0,3,28.6139,77.209,1,4
14,1,1,12,0,4,2,3,13.0827,80.2707,0,4
14,0,1,3,3,3,1,3,13.0827,80.2707,3,5
14,0,1,6,0,3,2,1,13.0827,80.2707,3,1
14,0,1,3,0,3,1,0,13.0827,80.2707,1,1
32,1,1,17,0,1,2,0,20.5937,78.9629,1,4
32,0,1,6,4,1,2,0,20.5937,78.9629,2,6
32,0,1,13,0,3,1,0,20.5937,78.9629,0,5
32,0,1,8,4,0,0,1,20.5937,78.9629,3,6
32,0,1,8,0,4,2,2,20.5937,78.9629,0,0
32,0,1,12,3,0,0,2,20.5937,78.9629,3,5
32,2,1,12,2,3,2,0,20.5937,78.9629,2,1
32,0,1,0,0,0,0,0,20.5937,78.9629,0,3
32,0,1,8,2,0,0,2,20.5937,78.9629,2,4
32,2,1,3,4,3,1,3,20.5937,78.9629,0,0
32,1,1,1,2,4,1,2,20.5937,78.9629,0,1
32,0,1,8,2,3,3,0,20.5937,78.9629,0,1
32,0,1,1,0,1,1,3,20.5937,78.9629,3,1
32,1,1,0,3,1,3,2,20.5937,78.9629,3,1
32,0,1,8,0,3,1,0,20.5937,78.9629,1,2
32,0,1,8,0,4,2,2,20.5937,78.9629,1,3
32,0,1,6,0,1,3,1,20.5937,78.9629,0,0
32,1,1,6,0,0,0,2,20.5937,78.9629,0,1
32,0,1,2,3,1,2,0,20.5937,78.9629,0,6