Million_Plus_Cities,Age_band_of_driver,Accident_severity,Cause_of_accident,Weather Conditions,Road Type,Road Condition,Lighting Conditions,Latitude,Longitude,Time_Block,Vehicle Type Involved
32,1,1,8,0,2,2,0,20.5937,78.9629,0,2
32,0,1,18,0,4,3,2,20.5937,78.9629,1,1
32,1,1,2,1,0,0,1,20.5937,78.9629,3,4
32,1,1,3,1,0,0,0,20.5937,78.9629,0,2
32,1,1,14,0,3,4,0,20.5937,78.9629,1,4
32,0,1,13,2,0,0,0,20.5937,78.9629,1,5
7,0,1,1,1,0,0,0,22.5726,88.3639,3,1
32,0,1,3,0,1,4,0,20.5937,78.9629,1,3
32,0,1,3,0,4,1,1,20.5937,78.9629,1,2
32,0,1,0,1,1,2,1,20.5937,78.9629,2,2
32,0,1,0,0,3,1,2,20.5937,78.9629,1,3
12,0,1,2,0,1,3,0,28.6139,77.209,3,0
12,0,1,0,2,2,4,3,28.6139,77.209,0,4
12,2,1,8,0,4,0,0,28.6139,77.209,0,1
12,1,1,0,0,0,0,0,28.6139,77.209,1,0
12,1,0,3,4,0,0,2,28.6139,77.209,1,1
12,1,0,2,1,0,0,3,28.6139,77.209,1,3
12,1,1,6,3,4,0,0,28.6139,77.209,0,0
12,0,1,8,0,4,2,0,28.6139,77.209,3,1
12,1,1,6,0,1,4,1,28.6139,77.209,1,0
29,0,0,18,0,0,0,2,20.5937,78.9629,1,0
12,1,1,3,0,4,0,2,28.6139,77.209,1,6
12,0,1,8,0,2,4,1,28.6139,77.209,3,6
12,0,1,8,1,1,3,2,28.6139,77.209,0,6
12,0,1,2,0,4,1,2,28.6139,77.209,2,1
26,0,0,3,2,0,0,3,12.9716,77.5946,1,3
12,1,0,3,0,0,0,1,28.6139,77.209,1,0
12,0,1,18,4,2,2,3,28.6139,77.209,1,6
12,0,1,0,3,3,4,0,28.6139,77.209,2,0
12,1,1,2,0,3,4,3,28.6139,77.209,3,4
12,0,1,7,0,4,4,0,28.6139,77.209,0,2
12,0,1,8,3,2,2,1,28.6139,77.209,2,6
12,0,1,8,0,0,0,0,28.6139,77.209,2,2
12,1,1,2,4,1,1,0,28.6139,77.209,3,0
12,0,1,3,4,4,1,0,28.6139,77.209,0,5
12,2,1,12,0,2,3,2,28.6139,77.209,0,5
12,0,1,8,0,1,1,1,28.6139,77.209,0,1
12,0,1,2,0,1,3,3,28.6139,77.209,2,1
12,0,1,0,2,4,3,1,28.6139,77.209,1,1
12,1,1,8,0,4,3,3,28.6139,77.209,2,6
12,2,1,7,3,3,3,2,28.6139,77.209,0,2
37,2,1,2,1,1,3,3,20.5937,78.9629,3,6
37,0,1,8,0,1,1,0,20.5937,78.9629,2,1
37,0,0,12,0,0,0,1,20.5937,78.9629,3,1
37,0,1,6,3,1,4,0,20.5937,78.9629,1,2
27,1,0,3,0,0,0,0,20.5937,78.9629,2,3
37,0,1,0,0,3,2,2,20.5937,78.9629,2,1
37,0,0,6,0,0,0,0,20.5937,78.9629,0,3
37,0,1,7,1,2,3,0,20.5937,78.9629,1,1
37,0,1,2,0,2,1,0,20.5937,78.9629,1,4
37,0,1,2,0,3,2,0,20.5937,78.9629,0,2
37,0,0,18,0,0,0,1,20.5937,78.9629,1,5
37,1,1,0,0,1,2,1,20.5937,78.9629,0,3
37,1,1,3,1,2,2,3,20.5937,78.9629,0,0
37,1,1,3,0,1,1,0,20.5937,78.9629,1,1
37,0,1,8,0,4,3,2,20.5937,78.9629,2,2
37,2,1,0,0,3,3,2,20.5937,78.9629,0,0
37,1,1,8,4,3,3,3,20.5937,78.9629,1,1
37,0,1,12,0,0,0,0,20.5937,78.9629,0,1
37,1,1,7,3,2,3,0,20.5937,78.9629,3,0
37,1,1,6,4,2,2,1,20.5937,78.9629,2,4
37,1,0,0,2,0,0,0,20.5937,78.9629,0,5
37,2,1,3,2,1,3,3,20.5937,78.9629,0,1
37,1,1,8,0,3,1,0,20.5937,78.9629,0,0
37,0,0,12,4,0,0,3,20.5937,78.9629,3,3
37,0,1,2,0,3,4,0,20.5937,78.9629,3,1
37,1,0,0,2,0,0,0,20.5937,78.9629,2,3
37,1,0,8,1,0,0,2,20.5937,78.9629,1,1
37,0,1,3,3,4,3,0,20.5937,78.9629,0,3
37,0,1,6,2,0,0,2,20.5937,78.9629,2,0
37,1,0,9,0,0,0,0,20.5937,78.9629,0,2
39,0,0,8,0,0,0,1,20.5937,78.9629,1,0
39,0,1,8,0,0,0,0,20.5937,78.9629,0,6
39,0,1,2,3,4,2,3,20.5937,78.9629,1,2
39,0,1,6,2,3,3,0,20.5937,78.9629,0,1
39,0,1,12,0,1,4,2,20.5937,78.9629,3,3
39,2,1,3,2,3,1,0,20.5937,78.9629,2,6
39,0,0,8,0,0,0,3,20.5937,78.9629,1,2
39,0,1,3,0,0,0,0,20.5937,78.9629,0,5
39,1,1,8,2,1,3,0,20.5937,78.9629,0,1
39,1,1,18,0,3,3,0,20.5937,78.9629,1,3
39,0,1,2,0,3,1,0,20.5937,78.9629,1,0
39,0,1,9,0,0,0,0,20.5937,78.9629,0,1
39,2,1,4,0,1,3,2,20.5937,78.9629,0,5
39,1,1,12,3,4,1,0,20.5937,78.9629,2,0
39,0,1,1,0,0,0,2,20.5937,78.9629,3,0
39,0,1,8,3,0,0,2,20.5937,78.9629,0,1
39,0,1,16,2,1,2,2,20.5937,78.9629,0,1
39,0,1,12,3,4,4,0,20.5937,78.9629,3,6
39,0,1,7,0,3,1,0,20.5937,78.9629,2,3
39,0,1,8,0,4,1,0,20.5937,78.9629,2,2
39,0,1,6,3,1,1,0,20.5937,78.9629,0,1
39,0,0,9,0,0,0,0,20.5937,78.9629,1,1
39,0,1,7,0,1,1,1,20.5937,78.9629,0,1
39,0,1,3,0,3,1,1,20.5937,78.9629,1,6
39,1,1,0,0,4,3,0,20.5937,78.9629,3,6
39,0,1,2,4,0,0,0,20.5937,78.9629,2,1
39,0,1,8,2,1,3,3,20.5937,78.9629,2,1
39,0,1,12,1,1,2,2,20.5937,78.9629,0,0
39,1,1,18,1,0,0,0,20.5937,78.9629,3,0
39,1,1,12,0,1,0,0,20.5937,78.9629,0,6
20,0,1,12,0,2,1,3,20.5937,78.9629,3,5
20,1,0,3,0,0,0,3,20.5937,78.9629,1,2
20,2,1,8,4,2,0,1,20.5937,78.9629,1,3
2,0,0,12,3,0,0,3,19.076,72.8777,3,4
20,0,1,7,1,3,0,0,20.5937,78.9629,1,4
20,0,1,8,0,4,4,0,20.5937,78.9629,0,1
20,0,1,0,2,3,4,3,20.5937,78.9629,1,6
20,0,1,0,1,4,4,0,20.5937,78.9629,3,1
20,0,1,6,0,2,0,0,20.5937,78.9629,1,5
20,0,1,8,0,4,2,0,20.5937,78.9629,3,6
20,1,1,0,0,1,4,0,20.5937,78.9629,0,3
20,1,1,3,0,3,2,1,20.5937,78.9629,1,0
20,1,1,0,0,2,2,0,20.5937,78.9629,3,1
20,0,1,3,3,4,1,1,20.5937,78.9629,0,0
41,1,0,12,0,0,0,0,20.5937,78.9629,1,0
20,2,1,3,0,0,0,0,20.5937,78.9629,0,3
20,0,1,8,0,3,1,2,20.5937,78.9629,0,5
20,1,1,0,0,0,0,3,20.5937,78.9629,0,1
20,0,1,12,1,3,1,0,20.5937,78.9629,3,4
20,0,1,8,0,4,4,0,20.5937,78.9629,1,5
20,0,1,6,0,2,4,3,20.5937,78.9629,1,1
16,0,0,3,0,0,0,0,20.5937,78.9629,2,1
20,0,1,0,4,3,2,3,20.5937,78.9629,1,1
20,0,1,18,0,3,1,0,20.5937,78.9629,3,4
20,0,1,3,0,3,3,1,20.5937,78.9629,0,5
43,0,0,6,0,0,0,0,20.5937,78.9629,2,5
20,0,1,2,0,4,3,3,20.5937,78.9629,3,2
20,0,1,12,0,2,4,0,20.5937,78.9629,0,2
20,1,1,7,0,4,3,1,20.5937,78.9629,2,5
20,0,1,7,0,3,4,0,20.5937,78.9629,0,1
23,0,0,3,4,0,0,0,17.385,78.4867,0,4
41,1,1,19,2,2,3,2,20.5937,78.9629,1,2
41,0,1,2,2,0,0,2,20.5937,78.9629,1,2
42,0,1,2,2,0,0,0,20.5937,78.9629,0,1
24,2,0,14,0,0,0,1,20.5937,78.9629,1,1
19,0,0,2,0,0,0,0,20.5937,78.9629,2,0
41,2,1,18,1,3,4,2,20.5937,78.9629,1,5
41,0,0,7,0,0,0,2,20.5937,78.9629,2,3
41,0,1,2,0,3,4,3,20.5937,78.9629,2,6
41,1,1,0,1,2,1,2,20.5937,78.9629,0,4
41,1,1,8,2,2,2,0,20.5937,78.9629,1,2
41,2,1,3,0,4,4,2,20.5937,78.9629,0,2
41,0,0,6,0,0,0,0,20.5937,78.9629,0,3
41,1,1,0,0,0,0,2,20.5937,78.9629,0,1
41,0,0,1,0,0,0,2,20.5937,78.9629,1,4
15,0,0,2,4,0,0,3,20.5937,78.9629,2,2
41,1,1,3,0,3,4,2,20.5937,78.9629,3,6
41,1,1,1,3,3,2,3,20.5937,78.9629,0,3
41,1,1,4,0,1,1,2,20.5937,78.9629,0,0
41,0,1,5,1,4,3,3,20.5937,78.9629,0,1
41,0,1,6,4,3,3,2,20.5937,78.9629,0,5
8,0,1,3,2,0,0,2,20.5937,78.9629,2,6
41,0,1,0,0,2,3,1,20.5937,78.9629,0,4
41,1,1,2,2,1,4,0,20.5937,78.9629,3,0
41,0,1,7,1,3,1,2,20.5937,78.9629,2,4
41,1,1,8,3,3,3,0,20.5937,78.9629,1,6
41,0,1,6,0,2,2,3,20.5937,78.9629,0,6
41,2,1,8,4,1,3,0,20.5937,78.9629,2,2
18,0,1,8,0,0,0,0,21.1702,72.8311,1,4
41,0,1,0,0,2,2,1,20.5937,78.9629,3,1
23,0,1,3,1,3,4,0,17.385,78.4867,3,3
22,0,0,7,0,0,0,1,20.5937,78.9629,1,1
23,1,1,0,0,2,0,2,17.385,78.4867,3,4
46,0,0,9,0,0,0,2,20.5937,78.9629,2,1
37,0,1,1,0,0,0,1,20.5937,78.9629,0,2
23,0,1,4,0,4,4,0,17.385,78.4867,3,4
23,1,1,3,0,2,3,1,17.385,78.4867,0,1
23,1,1,10,1,4,1,0,17.385,78.4867,1,1
23,0,1,5,3,2,1,3,17.385,78.4867,1,4
27,1,0,2,0,0,0,0,20.5937,78.9629,1,5
23,0,1,3,0,4,1,0,17.385,78.4867,3,0
23,1,1,7,1,3,3,3,17.385,78.4867,3,2
23,1,1,11,0,3,2,1,17.385,78.4867,1,1
23,2,1,2,2,1,1,0,17.385,78.4867,1,5
23,0,1,6,0,3,2,2,17.385,78.4867,0,2
23,0,1,3,2,4,1,1,17.385,78.4867,0,1
23,0,1,8,0,3,1,1,17.385,78.4867,1,0
23,0,1,7,2,4,2,0,17.385,78.4867,3,6
23,0,1,8,1,2,2,0,17.385,78.4867,2,1
23,0,1,6,2,4,3,3,17.385,78.4867,3,1
23,0,1,5,0,3,2,3,17.385,78.4867,0,2
23,0,1,12,3,0,0,0,17.385,78.4867,1,0
10,2,0,2,0,0,0,3,20.5937,78.9629,1,2
23,1,1,12,0,3,0,1,17.385,78.4867,1,3
23,2,1,2,0,0,0,2,17.385,78.4867,0,5
23,1,1,6,0,4,2,0,17.385,78.4867,0,0
23,0,0,8,0,0,0,1,17.385,78.4867,2,1
23,1,1,3,2,3,4,0,17.385,78.4867,1,0
23,2,1,3,2,2,0,2,17.385,78.4867,3,2
43,1,0,13,1,0,0,0,20.5937,78.9629,1,1
9,1,1,8,4,3,4,2,20.5937,78.9629,0,6
9,1,1,3,0,4,4,0,20.5937,78.9629,2,1
5,0,0,2,0,0,0,2,23.0225,72.5714,1,6
9,0,1,9,0,2,0,3,20.5937,78.9629,0,2
9,1,1,5,4,2,2,0,20.5937,78.9629,0,5
9,0,0,5,0,0,0,0,20.5937,78.9629,1,2
9,1,1,8,1,3,2,0,20.5937,78.9629,2,1
9,1,1,6,1,4,4,1,20.5937,78.9629,0,3
9,2,0,1,2,0,0,3,20.5937,78.9629,1,2
17,0,0,7,4,0,0,2,20.5937,78.9629,3,1
9,1,0,8,0,0,0,2,20.5937,78.9629,3,6
34,0,0,3,0,0,0,0,25.5941,85.1376,0,1
9,1,1,12,0,4,0,0,20.5937,78.9629,2,6
9,0,1,3,3,2,3,0,20.5937,78.9629,0,5
9,2,1,1,0,1,0,3,20.5937,78.9629,1,4
9,1,1,5,1,0,0,0,20.5937,78.9629,1,2
9,1,1,14,3,4,1,1,20.5937,78.9629,3,4
9,0,1,13,1,4,1,0,20.5937,78.9629,1,6
9,2,1,15,2,3,1,0,20.5937,78.9629,0,0
9,0,0,3,3,0,0,0,20.5937,78.9629,1,1
9,1,0,8,0,0,0,0,20.5937,78.9629,1,1
9,1,1,5,1,2,3,0,20.5937,78.9629,1,3
9,0,1,6,4,3,3,0,20.5937,78.9629,1,4
9,1,1,2,0,4,3,2,20.5937,78.9629,0,3
32,2,0,7,0,0,0,0,20.5937,78.9629,0,6
9,1,1,1,0,1,4,0,20.5937,78.9629,1,3
0,0,1,12,0,0,0,3,26.9124,75.7873,1,6
9,0,1,6,2,4,4,3,20.5937,78.9629,0,2
9,1,1,7,3,2,3,1,20.5937,78.9629,3,0
44,1,0,3,0,0,0,3,20.5937,78.9629,1,6
40,0,1,12,0,1,2,2,20.5937,78.9629,1,0
40,1,1,3,0,4,4,2,20.5937,78.9629,3,0
40,0,1,3,3,4,3,1,20.5937,78.9629,1,0
40,1,1,2,4,2,1,2,20.5937,78.9629,1,1
40,0,1,16,2,1,4,0,20.5937,78.9629,3,6
40,0,1,12,0,0,0,2,20.5937,78.9629,2,0
40,1,0,8,0,0,0,3,20.5937,78.9629,1,5
40,1,1,12,0,1,3,0,20.5937,78.9629,1,1
40,0,1,2,0,4,4,0,20.5937,78.9629,0,2
40,1,1,6,4,4,3,3,20.5937,78.9629,0,6
40,2,1,3,0,2,3,3,20.5937,78.9629,1,0
40,1,1,8,4,4,4,0,20.5937,78.9629,0,1
40,0,1,0,0,4,1,0,20.5937,78.9629,3,1
40,0,1,0,1,3,3,0,20.5937,78.9629,2,2
46,0,0,8,4,0,0,0,20.5937,78.9629,0,0
10,0,1,8,0,0,0,0,20.5937,78.9629,2,6
40,2,1,8,0,4,3,2,20.5937,78.9629,1,3
9,0,0,7,0,0,0,0,20.5937,78.9629,0,1
40,2,0,12,0,0,0,0,20.5937,78.9629,1,6
40,0,1,3,2,2,3,1,20.5937,78.9629,1,6
40,0,1,2,0,4,4,0,20.5937,78.9629,2,3
40,0,1,12,0,3,3,0,20.5937,78.9629,0,5
40,0,1,12,2,4,1,0,20.5937,78.9629,2,6
40,0,1,8,4,2,0,0,20.5937,78.9629,1,5
40,0,1,5,0,4,4,2,20.5937,78.9629,0,5
40,1,1,3,2,2,2,1,20.5937,78.9629,3,6
40,0,1,3,4,4,2,1,20.5937,78.9629,0,3
40,0,0,8,0,0,0,0,20.5937,78.9629,0,6
40,2,1,8,1,2,1,2,20.5937,78.9629,3,1
19,0,0,16,0,0,0,2,20.5937,78.9629,1,5
0,1,1,13,3,2,2,3,26.9124,75.7873,1,6
0,0,1,6,2,1,3,0,26.9124,75.7873,1,2
0,0,1,7,0,0,0,0,26.9124,75.7873,1,2
0,0,1,6,0,4,0,0,26.9124,75.7873,1,3
0,1,1,5,0,3,4,0,26.9124,75.7873,3,2
0,0,0,5,0,0,0,0,26.9124,75.7873,3,6
0,0,1,0,1,1,4,0,26.9124,75.7873,1,2
0,1,1,8,2,3,4,1,26.9124,75.7873,0,1
0,0,1,0,4,2,0,1,26.9124,75.7873,3,4
0,1,1,6,0,1,4,3,26.9124,75.7873,0,5
0,1,1,12,4,2,4,2,26.9124,75.7873,0,6
0,1,1,8,0,4,2,0,26.9124,75.7873,2,0
0,1,1,5,2,2,3,3,26.9124,75.7873,3,2
0,0,1,3,3,1,0,2,26.9124,75.7873,1,1
0,2,1,8,0,4,3,2,26.9124,75.7873,0,3
24,0,0,12,0,0,0,0,20.5937,78.9629,3,5
0,0,1,8,3,3,3,3,26.9124,75.7873,3,4
33,0,0,6,0,0,0,1,20.5937,78.9629,1,0
26,0,0,3,3,0,0,1,12.9716,77.5946,3,3
0,1,1,7,0,0,0,0,26.9124,75.7873,3,0
0,1,1,6,0,3,2,0,26.9124,75.7873,1,6
0,1,1,2,2,2,2,0,26.9124,75.7873,2,5
0,1,1,17,2,3,4,0,26.9124,75.7873,2,1
0,0,1,14,2,4,4,0,26.9124,75.7873,3,2
0,1,0,12,0,0,0,0,26.9124,75.7873,2,4
0,0,1,14,4,3,1,0,26.9124,75.7873,1,6
0,0,1,12,0,3,3,2,26.9124,75.7873,3,4
0,2,1,7,3,2,1,0,26.9124,75.7873,2,0
0,1,0,12,0,0,0,0,26.9124,75.7873,3,0
0,0,1,3,3,2,2,1,26.9124,75.7873,1,1
11,0,1,0,1,2,1,1,20.5937,78.9629,2,4
11,0,1,12,4,2,1,0,20.5937,78.9629,1,4
12,0,0,3,4,0,0,2,28.6139,77.209,2,6
11,0,1,12,1,2,4,0,20.5937,78.9629,0,2
11,0,1,12,4,1,3,2,20.5937,78.9629,1,0
11,0,1,12,2,4,1,0,20.5937,78.9629,3,6
11,1,1,3,0,2,1,0,20.5937,78.9629,3,5
11,1,0,3,0,0,0,0,20.5937,78.9629,0,4
11,0,0,12,4,0,0,0,20.5937,78.9629,0,0
11,0,0,1,0,0,0,2,20.5937,78.9629,3,5
11,0,1,3,2,0,0,3,20.5937,78.9629,2,4
11,0,1,8,0,4,0,0,20.5937,78.9629,1,0
11,2,1,5,0,4,4,0,20.5937,78.9629,1,3
11,1,1,3,1,3,3,1,20.5937,78.9629,2,0
11,0,1,3,2,0,0,2,20.5937,78.9629,3,2
11,1,1,1,2,4,0,0,20.5937,78.9629,0,3
11,1,1,5,1,2,1,1,20.5937,78.9629,0,6
11,1,1,14,0,1,3,3,20.5937,78.9629,0,3
11,0,1,1,2,1,4,0,20.5937,78.9629,0,1
47,2,0,6,0,0,0,3,20.5937,78.9629,0,1
11,0,1,0,1,1,2,3,20.5937,78.9629,2,6
11,0,1,5,0,4,3,3,20.5937,78.9629,0,0
11,0,0,6,0,0,0,3,20.5937,78.9629,1,4
11,0,1,7,4,2,2,0,20.5937,78.9629,2,4
37,0,0,3,1,0,0,0,20.5937,78.9629,3,0
11,2,1,3,0,3,4,3,20.5937,78.9629,3,3
11,0,1,3,4,3,1,3,20.5937,78.9629,1,6
11,0,0,14,4,0,0,0,20.5937,78.9629,2,3
11,0,0,2,4,0,0,0,20.5937,78.9629,1,2
11,0,1,0,2,4,0,3,20.5937,78.9629,3,4
30,0,1,13,0,2,2,0,20.5937,78.9629,0,0
30,1,1,0,0,4,3,1,20.5937,78.9629,0,5
30,1,1,8,2,3,0,1,20.5937,78.9629,3,0
30,1,0,5,0,0,0,3,20.5937,78.9629,1,1
30,0,1,6,0,0,0,0,20.5937,78.9629,2,3
30,2,1,3,0,3,4,2,20.5937,78.9629,0,3
30,0,1,5,3,2,2,0,20.5937,78.9629,0,1
30,0,1,8,2,3,1,3,20.5937,78.9629,0,6
30,1,0,12,4,0,0,0,20.5937,78.9629,3,5
30,1,1,8,0,4,2,0,20.5937,78.9629,3,4
30,0,1,0,4,0,0,3,20.5937,78.9629,3,3
30,0,1,8,0,1,2,0,20.5937,78.9629,1,6
36,1,1,0,0,0,0,2,25.3176,82.9739,2,2
30,2,1,7,0,4,1,0,20.5937,78.9629,3,1
49,2,1,2,0,0,0,0,20.5937,78.9629,1,2
25,2,0,8,0,0,0,0,20.5937,78.9629,2,1
30,0,1,5,1,1,1,3,20.5937,78.9629,1,6
30,0,1,8,3,1,0,3,20.5937,78.9629,2,0
30,0,1,7,1,2,4,1,20.5937,78.9629,2,3
30,1,1,0,3,2,0,1,20.5937,78.9629,2,1
6,0,0,7,0,0,0,0,20.5937,78.9629,3,4
30,0,1,8,0,2,1,1,20.5937,78.9629,1,6
30,2,1,7,0,0,0,0,20.5937,78.9629,1,0
30,0,1,12,0,2,2,3,20.5937,78.9629,0,0
30,1,0,9,0,0,0,0,20.5937,78.9629,3,1
30,0,1,12,0,3,2,3,20.5937,78.9629,2,0
30,2,1,2,0,1,2,0,20.5937,78.9629,1,3
46,1,1,6,0,0,0,2,20.5937,78.9629,2,6
30,0,1,3,0,3,1,0,20.5937,78.9629,1,6
30,0,1,3,0,2,4,3,20.5937,78.9629,1,4
44,0,1,8,0,2,2,1,20.5937,78.9629,1,0
44,0,1,8,2,4,4,1,20.5937,78.9629,0,4
44,0,1,2,0,3,4,3,20.5937,78.9629,2,4
44,0,1,3,0,1,4,0,20.5937,78.9629,0,1
44,2,1,6,0,1,0,0,20.5937,78.9629,3,1
44,0,1,2,0,0,0,0,20.5937,78.9629,3,5
44,0,1,6,0,1,1,0,20.5937,78.9629,2,0
16,2,1,0,0,0,0,0,20.5937,78.9629,2,4
34,0,0,17,1,0,0,0,25.5941,85.1376,0,4
44,0,1,8,1,3,3,0,20.5937,78.9629,1,1
44,0,1,8,2,2,4,1,20.5937,78.9629,1,2
44,2,1,8,1,3,2,3,20.5937,78.9629,0,1
44,1,1,2,3,2,1,1,20.5937,78.9629,0,2
44,0,1,6,4,1,3,2,20.5937,78.9629,2,1
44,2,0,13,0,0,0,0,20.5937,78.9629,0,6
44,1,1,1,0,4,0,3,20.5937,78.9629,0,1
44,0,1,5,3,4,3,2,20.5937,78.9629,0,2
44,1,0,2,1,0,0,0,20.5937,78.9629,3,2
44,0,1,7,0,1,0,2,20.5937,78.9629,0,6
44,0,1,2,4,1,4,2,20.5937,78.9629,0,0
44,0,1,8,0,2,1,1,20.5937,78.9629,0,1
44,0,1,0,2,1,2,0,20.5937,78.9629,3,5
44,1,1,2,1,1,2,2,20.5937,78.9629,1,6
21,1,0,5,3,0,0,0,20.5937,78.9629,2,0
1,0,0,8,2,0,0,0,27.1767,78.0081,1,6
44,1,1,0,0,3,4,0,20.5937,78.9629,0,4
44,1,1,8,0,1,1,0,20.5937,78.9629,1,2
44,0,1,2,4,3,4,2,20.5937,78.9629,2,2
44,1,1,2,3,0,0,1,20.5937,78.9629,0,5
4,0,0,7,0,0,0,2,20.5937,78.9629,0,1
45,2,1,2,0,4,1,1,26.4499,80.3319,3,0
45,1,0,12,1,0,0,3,26.4499,80.3319,1,0
45,0,1,12,0,3,1,3,26.4499,80.3319,3,2
45,0,1,7,2,2,2,1,26.4499,80.3319,0,3
45,0,1,9,4,2,4,1,26.4499,80.3319,1,5
45,1,1,8,3,2,1,0,26.4499,80.3319,3,3
45,0,1,2,1,3,2,2,26.4499,80.3319,2,2
45,1,1,6,0,2,1,0,26.4499,80.3319,3,2
45,1,1,8,3,2,3,0,26.4499,80.3319,0,2
45,0,0,7,0,0,0,0,26.4499,80.3319,1,1
45,2,1,7,0,1,1,1,26.4499,80.3319,2,3
21,1,1,6,3,0,0,1,20.5937,78.9629,0,0
45,1,1,12,0,3,1,2,26.4499,80.3319,1,3
45,2,1,3,3,2,3,0,26.4499,80.3319,0,5
45,0,1,2,0,1,4,1,26.4499,80.3319,0,4
45,1,1,0,4,4,4,2,26.4499,80.3319,3,4
45,1,1,12,2,3,2,0,26.4499,80.3319,3,1
45,0,1,14,0,2,2,0,26.4499,80.3319,0,6
45,0,1,14,0,3,1,0,26.4499,80.3319,0,1
45,1,1,7,0,2,2,3,26.4499,80.3319,1,5
48,0,0,2,0,0,0,0,20.5937,78.9629,3,1
45,1,1,3,3,0,0,0,26.4499,80.3319,1,6
45,0,1,12,4,4,2,1,26.4499,80.3319,3,1
45,1,1,8,2,2,0,1,26.4499,80.3319,1,4
45,1,0,9,1,0,0,1,26.4499,80.3319,0,1
30,2,0,18,0,0,0,3,20.5937,78.9629,0,3
28,2,0,3,0,0,0,0,20.5937,78.9629,2,0
45,0,1,12,4,3,2,2,26.4499,80.3319,0,6
45,1,0,0,0,0,0,1,26.4499,80.3319,0,1
45,0,1,17,0,3,2,0,26.4499,80.3319,0,4
47,0,1,3,0,2,2,2,20.5937,78.9629,1,3
47,1,0,12,0,0,0,0,20.5937,78.9629,0,5
47,1,1,6,0,4,4,2,20.5937,78.9629,1,3
47,0,1,0,4,4,4,0,20.5937,78.9629,0,2
47,0,1,2,0,3,2,3,20.5937,78.9629,2,5
47,0,1,16,2,4,0,2,20.5937,78.9629,2,2
47,1,1,8,0,1,3,0,20.5937,78.9629,0,5
44,1,0,12,1,0,0,0,20.5937,78.9629,1,1
47,1,1,8,0,0,0,0,20.5937,78.9629,3,1
47,1,1,2,1,4,1,1,20.5937,78.9629,0,4
47,0,1,7,2,2,1,0,20.5937,78.9629,3,2
9,0,0,8,2,0,0,3,20.5937,78.9629,0,1
35,0,0,8,0,0,0,2,18.5204,73.8567,1,5
47,2,1,2,1,0,0,1,20.5937,78.9629,1,3
47,0,1,8,0,3,1,0,20.5937,78.9629,0,1
47,0,1,2,0,3,2,0,20.5937,78.9629,0,0
43,0,1,8,0,0,0,0,20.5937,78.9629,1,3
47,0,1,8,4,2,3,0,20.5937,78.9629,0,3
37,0,0,8,0,0,0,0,20.5937,78.9629,0,2
47,1,0,2,0,0,0,0,20.5937,78.9629,0,0
47,0,1,3,3,4,4,3,20.5937,78.9629,1,5
47,0,1,0,1,3,3,2,20.5937,78.9629,3,5
47,0,1,3,0,1,1,1,20.5937,78.9629,3,2
47,0,1,8,3,4,2,0,20.5937,78.9629,0,5
47,1,1,1,3,2,1,1,20.5937,78.9629,2,3
47,1,0,5,2,0,0,1,20.5937,78.9629,1,1
47,1,1,5,2,4,1,3,20.5937,78.9629,2,1
47,0,1,3,2,3,1,0,20.5937,78.9629,1,0
47,2,1,7,0,2,1,1,20.5937,78.9629,1,2
47,1,0,6,4,0,0,0,20.5937,78.9629,2,4
43,1,0,2,3,0,0,2,20.5937,78.9629,0,5
22,0,1,2,0,2,0,3,20.5937,78.9629,1,2
47,0,1,1,1,0,0,0,20.5937,78.9629,2,2
22,0,1,8,3,1,4,3,20.5937,78.9629,0,6
22,0,0,6,0,0,0,0,20.5937,78.9629,0,1
22,0,1,3,4,3,4,0,20.5937,78.9629,1,1
22,0,1,2,0,3,1,3,20.5937,78.9629,1,0
22,0,1,8,2,1,1,1,20.5937,78.9629,0,1
22,2,1,12,0,1,4,1,20.5937,78.9629,0,5
22,1,1,7,1,4,2,0,20.5937,78.9629,1,1
22,1,0,12,4,0,0,2,20.5937,78.9629,3,6
22,2,1,0,1,4,1,2,20.5937,78.9629,3,1
22,1,1,8,3,1,4,0,20.5937,78.9629,3,2
22,1,1,8,2,4,1,0,20.5937,78.9629,3,5
22,0,1,8,0,0,0,1,20.5937,78.9629,1,1
22,0,1,2,0,2,1,1,20.5937,78.9629,1,1
22,2,1,2,0,1,2,3,20.5937,78.9629,0,1
45,1,0,0,0,0,0,3,26.4499,80.3319,0,5
22,2,0,3,0,0,0,3,20.5937,78.9629,0,2
22,1,1,6,3,0,0,3,20.5937,78.9629,2,0
5,1,0,0,0,0,0,0,23.0225,72.5714,1,0
11,1,0,12,2,0,0,1,20.5937,78.9629,1,2
22,0,1,12,0,4,0,0,20.5937,78.9629,0,3
22,1,1,18,1,0,0,0,20.5937,78.9629,1,1