Million_Plus_Cities,Age_band_of_driver,Accident_severity,Cause_of_accident,Weather Conditions,Road Type,Road Condition,Lighting Conditions,Latitude,Longitude,Time_Block,Vehicle Type Involved
22,0,1,7,0,1,3,1,20.5937,78.9629,3,2
22,1,1,6,0,0,0,0,20.5937,78.9629,0,1
22,0,1,12,0,2,2,0,20.5937,78.9629,0,5
22,0,1,0,3,0,0,1,20.5937,78.9629,0,2
22,0,1,12,2,3,3,0,20.5937,78.9629,0,6
22,2,1,6,4,2,1,2,20.5937,78.9629,1,5
7,2,1,3,0,3,4,0,22.5726,88.3639,3,1
7,0,1,2,2,4,0,2,22.5726,88.3639,3,4
7,0,1,6,3,1,3,0,22.5726,88.3639,2,3
7,0,1,12,2,3,1,2,22.5726,88.3639,0,1
7,0,1,0,3,4,1,3,22.5726,88.3639,2,4
7,0,1,8,1,2,1,3,22.5726,88.3639,1,4
7,0,1,2,0,0,0,3,22.5726,88.3639,1,0
7,1,0,2,0,0,0,2,22.5726,88.3639,0,2
7,1,0,8,0,0,0,2,22.5726,88.3639,1,4
7,1,1,2,0,2,2,1,22.5726,88.3639,0,1
15,1,0,12,0,0,0,2,20.5937,78.9629,2,3
7,0,1,2,0,0,0,1,22.5726,88.3639,1,4
7,0,1,8,4,2,4,0,22.5726,88.3639,2,0
7,0,1,3,1,3,4,2,22.5726,88.3639,2,0
7,1,1,8,2,3,2,1,22.5726,88.3639,3,0
7,1,1,14,3,4,1,2,22.5726,88.3639,1,5
7,1,1,8,3,4,4,0,22.5726,88.3639,3,2
7,0,1,1,1,2,2,3,22.5726,88.3639,2,6
7,0,1,18,0,1,2,0,22.5726,88.3639,1,6
7,1,1,7,0,1,2,0,22.5726,88.3639,0,1
7,0,1,0,0,3,2,0,22.5726,88.3639,1,5
7,0,0,3,3,0,0,0,22.5726,88.3639,2,6
7,1,1,2,0,4,0,0,22.5726,88.3639,0,2
19,0,1,3,4,0,0,0,20.5937,78.9629,0,3
7,2,1,18,0,0,0,0,22.5726,88.3639,0,6
7,1,1,6,0,2,4,3,22.5726,88.3639,0,0
7,0,1,6,0,1,2,1,22.5726,88.3639,3,5
7,2,1,2,3,2,4,1,22.5726,88.3639,0,6
7,1,1,3,0,0,0,0,22.5726,88.3639,1,1
7,0,1,3,4,3,2,0,22.5726,88.3639,0,6
27,0,0,2,3,0,0,2,20.5937,78.9629,2,0
33,0,1,2,0,3,0,0,20.5937,78.9629,3,3
33,0,0,9,3,0,0,0,20.5937,78.9629,0,1
33,0,1,1,2,4,2,0,20.5937,78.9629,0,5
33,0,1,2,0,4,4,0,20.5937,78.9629,1,1
33,0,0,18,0,0,0,0,20.5937,78.9629,0,2
30,0,0,12,3,0,0,0,20.5937,78.9629,2,0
33,0,1,0,0,0,0,3,20.5937,78.9629,1,6
5,0,0,8,3,0,0,2,23.0225,72.5714,1,2
33,1,1,6,0,0,0,2,20.5937,78.9629,2,1
33,0,1,16,2,0,0,0,20.5937,78.9629,0,6
33,1,1,2,2,1,2,3,20.5937,78.9629,0,2
33,0,1,8,3,1,4,0,20.5937,78.9629,1,2
33,0,1,0,0,3,3,0,20.5937,78.9629,1,6
33,1,1,6,0,1,4,0,20.5937,78.9629,3,2
33,0,1,6,3,0,0,0,20.5937,78.9629,0,4
33,1,1,8,2,4,3,0,20.5937,78.9629,0,0
33,0,1,8,0,4,3,0,20.5937,78.9629,0,2
6,1,1,1,3,0,0,0,20.5937,78.9629,2,4
33,1,1,18,0,2,4,2,20.5937,78.9629,3,1
33,2,1,3,0,2,4,3,20.5937,78.9629,1,0
33,1,1,2,2,3,2,0,20.5937,78.9629,1,2
33,1,1,12,3,2,3,0,20.5937,78.9629,0,6
2,0,1,0,2,0,0,0,19.076,72.8777,1,3
33,1,1,0,1,4,4,0,20.5937,78.9629,3,6
33,0,0,3,0,0,0,2,20.5937,78.9629,1,0
33,1,1,6,1,4,2,1,20.5937,78.9629,3,2
19,0,0,13,3,0,0,0,20.5937,78.9629,3,3
33,1,1,18,0,3,3,2,20.5937,78.9629,3,2
33,1,1,3,0,4,1,1,20.5937,78.9629,1,1
9,0,0,12,2,0,0,1,20.5937,78.9629,2,5
16,2,1,8,1,4,2,1,20.5937,78.9629,1,2
37,1,0,2,0,0,0,0,20.5937,78.9629,3,0
16,0,1,8,0,2,4,0,20.5937,78.9629,2,3
22,0,0,8,1,0,0,0,20.5937,78.9629,0,2
16,1,1,9,0,1,1,0,20.5937,78.9629,3,3
16,0,1,1,1,2,2,0,20.5937,78.9629,1,2
16,1,1,12,0,3,3,2,20.5937,78.9629,1,3
17,1,0,18,1,0,0,3,20.5937,78.9629,0,1
16,0,1,0,1,4,4,0,20.5937,78.9629,0,2
16,1,1,16,4,3,2,1,20.5937,78.9629,0,5
41,2,0,18,0,0,0,1,20.5937,78.9629,1,6
16,0,1,3,1,1,2,3,20.5937,78.9629,2,2
16,0,1,2,4,1,3,1,20.5937,78.9629,1,5
16,0,1,8,3,4,2,2,20.5937,78.9629,0,3
16,0,1,8,0,3,3,3,20.5937,78.9629,1,1
16,0,1,6,1,1,4,0,20.5937,78.9629,3,1
29,0,0,0,1,0,0,1,20.5937,78.9629,0,1
16,0,1,0,4,3,0,3,20.5937,78.9629,1,5
16,0,1,9,1,2,4,0,20.5937,78.9629,2,1
16,0,0,2,2,0,0,0,20.5937,78.9629,2,6
16,0,1,2,1,4,3,2,20.5937,78.9629,0,5
16,1,0,6,2,0,0,0,20.5937,78.9629,2,0
16,1,1,3,2,3,1,1,20.5937,78.9629,0,4
16,2,1,3,0,4,2,3,20.5937,78.9629,0,2
16,0,1,12,0,4,1,0,20.5937,78.9629,1,5
45,2,0,2,1,0,0,2,26.4499,80.3319,0,6
16,0,0,3,0,0,0,2,20.5937,78.9629,1,0
16,0,1,18,0,3,3,0,20.5937,78.9629,0,0
16,1,1,12,0,4,4,3,20.5937,78.9629,0,4
31,0,1,8,2,2,0,0,26.8467,80.9462,2,4
31,0,1,6,0,4,4,3,26.8467,80.9462,2,4
48,0,0,6,0,0,0,0,20.5937,78.9629,3,6
31,0,1,6,4,3,0,2,26.8467,80.9462,0,6
31,0,1,2,0,2,4,0,26.8467,80.9462,1,2
31,1,1,0,0,0,0,0,26.8467,80.9462,3,4
31,0,1,12,0,1,4,0,26.8467,80.9462,3,5
31,0,1,18,0,0,0,3,26.8467,80.9462,1,1
31,0,1,3,2,3,3,3,26.8467,80.9462,1,1
31,0,1,6,2,3,0,0,26.8467,80.9462,1,5
21,0,0,3,3,0,0,0,20.5937,78.9629,1,0
31,1,1,14,0,2,3,0,26.8467,80.9462,0,2
31,1,1,0,0,2,1,1,26.8467,80.9462,0,5
31,1,1,6,0,2,1,2,26.8467,80.9462,2,4
31,1,1,8,1,4,3,3,26.8467,80.9462,0,1
31,0,1,12,0,2,1,2,26.8467,80.9462,3,0
31,0,1,2,0,0,0,0,26.8467,80.9462,1,6
31,1,1,6,3,3,1,3,26.8467,80.9462,0,1
21,1,0,6,1,0,0,2,20.5937,78.9629,0,4
2,0,0,8,4,0,0,0,19.076,72.8777,1,6
34,1,0,14,4,0,0,0,25.5941,85.1376,0,1
31,0,1,12,3,0,0,3,26.8467,80.9462,3,6
0,0,0,12,0,0,0,0,26.9124,75.7873,1,4
31,0,1,3,0,4,1,0,26.8467,80.9462,2,2
31,0,1,12,2,4,1,0,26.8467,80.9462,0,4
31,0,1,2,0,1,1,0,26.8467,80.9462,0,3
31,1,1,12,1,1,3,0,26.8467,80.9462,3,0
31,0,1,12,0,3,1,2,26.8467,80.9462,3,6
31,2,1,18,2,3,2,2,26.8467,80.9462,1,3
31,1,1,12,0,4,0,2,26.8467,80.9462,3,2
43,1,0,8,0,0,0,3,20.5937,78.9629,0,1
43,1,1,12,3,0,0,3,20.5937,78.9629,2,0
43,2,1,14,0,4,2,0,20.5937,78.9629,1,4
43,2,1,1,2,2,1,2,20.5937,78.9629,0,6
43,0,1,8,1,0,0,1,20.5937,78.9629,1,6
43,0,0,12,0,0,0,1,20.5937,78.9629,2,3
43,0,1,6,4,0,0,0,20.5937,78.9629,0,6
43,0,0,6,2,0,0,0,20.5937,78.9629,0,1
43,2,1,6,0,3,1,1,20.5937,78.9629,0,1
43,2,1,6,2,2,4,3,20.5937,78.9629,1,2
43,0,1,8,2,2,3,0,20.5937,78.9629,1,6
43,0,1,0,0,3,1,1,20.5937,78.9629,0,0
44,1,0,8,2,0,0,0,20.5937,78.9629,1,2
43,1,1,2,0,0,0,0,20.5937,78.9629,1,1
43,0,1,2,0,0,0,1,20.5937,78.9629,1,0
43,1,1,7,3,2,3,1,20.5937,78.9629,3,5
43,2,1,0,0,1,4,3,20.5937,78.9629,2,4
23,1,1,2,0,0,0,0,17.385,78.4867,0,0
43,1,1,8,1,1,3,3,20.5937,78.9629,1,1
43,0,1,6,4,1,2,3,20.5937,78.9629,1,5
49,0,0,3,0,0,0,3,20.5937,78.9629,3,4
43,0,1,8,4,1,3,3,20.5937,78.9629,0,5
9,1,0,8,0,0,0,1,20.5937,78.9629,2,5
43,0,1,9,1,0,0,0,20.5937,78.9629,3,2
43,0,1,7,2,4,2,3,20.5937,78.9629,3,4
43,1,0,2,2,0,0,0,20.5937,78.9629,2,5
43,2,1,8,0,2,2,1,20.5937,78.9629,1,6
43,1,1,12,0,3,2,0,20.5937,78.9629,2,2
43,2,1,8,0,2,2,0,20.5937,78.9629,1,0
43,0,1,3,0,2,3,0,20.5937,78.9629,3,1
19,0,1,1,4,2,3,0,20.5937,78.9629,1,2
19,1,1,12,4,2,3,2,20.5937,78.9629,1,4
19,0,1,0,1,3,2,2,20.5937,78.9629,0,4
19,0,1,8,2,2,1,1,20.5937,78.9629,0,1
19,0,1,1,0,0,0,0,20.5937,78.9629,1,5
19,0,1,12,3,1,1,1,20.5937,78.9629,0,3
19,0,1,12,0,3,1,0,20.5937,78.9629,1,6
19,1,1,0,1,4,1,3,20.5937,78.9629,3,1
19,0,1,12,4,4,3,3,20.5937,78.9629,0,6
19,0,0,14,0,0,0,3,20.5937,78.9629,1,1
19,1,1,2,4,1,3,0,20.5937,78.9629,0,1
19,2,1,8,2,4,0,3,20.5937,78.9629,0,2
40,2,1,8,3,0,0,3,20.5937,78.9629,1,2
19,0,1,3,0,2,1,2,20.5937,78.9629,2,3
38,0,1,18,1,0,0,0,20.5937,78.9629,2,6
19,1,1,3,0,1,4,0,20.5937,78.9629,0,5
19,2,1,2,0,2,2,2,20.5937,78.9629,0,3
39,2,0,0,0,0,0,1,20.5937,78.9629,0,3
19,0,1,8,1,3,2,0,20.5937,78.9629,2,2
19,0,1,3,0,3,2,2,20.5937,78.9629,3,5
5,1,0,0,0,0,0,1,23.0225,72.5714,1,5
19,1,1,8,0,2,4,3,20.5937,78.9629,2,6
3,1,0,14,0,0,0,0,20.5937,78.9629,0,5
19,1,0,14,0,0,0,0,20.5937,78.9629,3,1
19,0,1,0,4,4,1,1,20.5937,78.9629,0,5
19,0,0,0,3,0,0,1,20.5937,78.9629,0,2
19,0,1,1,3,0,0,2,20.5937,78.9629,0,5
19,0,0,12,0,0,0,0,20.5937,78.9629,1,1
19,1,0,2,1,0,0,1,20.5937,78.9629,1,0
33,1,0,18,0,0,0,2,20.5937,78.9629,0,6
3,0,1,8,2,3,2,2,20.5937,78.9629,3,3
3,1,1,0,4,2,2,2,20.5937,78.9629,2,6
3,1,1,2,0,2,2,3,20.5937,78.9629,0,5
3,0,1,3,1,2,2,0,20.5937,78.9629,1,0
11,0,0,8,4,0,0,0,20.5937,78.9629,0,2
3,0,1,13,0,0,0,0,20.5937,78.9629,0,1
3,0,1,3,1,2,2,3,20.5937,78.9629,0,5
3,0,1,6,1,2,4,0,20.5937,78.9629,1,2
3,0,1,8,1,3,2,1,20.5937,78.9629,3,4
3,1,1,17,4,2,1,2,20.5937,78.9629,3,1
10,0,0,8,1,0,0,0,20.5937,78.9629,3,3
15,0,1,3,0,0,0,0,20.5937,78.9629,0,0
3,0,1,8,1,4,1,0,20.5937,78.9629,3,3
3,1,0,2,0,0,0,0,20.5937,78.9629,1,3
3,1,0,12,0,0,0,1,20.5937,78.9629,0,6
3,0,1,3,3,4,3,3,20.5937,78.9629,1,5
3,0,1,6,0,3,2,0,20.5937,78.9629,1,0
3,1,1,8,4,2,4,1,20.5937,78.9629,1,3
3,1,1,7,0,0,0,0,20.5937,78.9629,0,0
3,1,1,7,1,1,3,1,20.5937,78.9629,2,0
3,1,1,6,0,2,3,0,20.5937,78.9629,0,4
3,0,1,2,3,3,1,0,20.5937,78.9629,0,0
3,0,1,2,1,4,1,1,20.5937,78.9629,0,1
3,0,0,8,3,0,0,0,20.5937,78.9629,0,4
3,1,1,6,0,0,0,3,20.5937,78.9629,0,5
3,1,0,8,0,0,0,0,20.5937,78.9629,3,6
3,0,1,8,0,1,0,0,20.5937,78.9629,1,1
16,2,0,3,3,0,0,1,20.5937,78.9629,0,5
3,0,1,2,1,3,1,0,20.5937,78.9629,0,0
3,0,1,8,2,1,2,0,20.5937,78.9629,3,6
13,1,1,16,1,3,3,2,20.5937,78.9629,1,6
13,1,1,6,0,4,1,2,20.5937,78.9629,2,4
13,1,1,0,2,0,0,0,20.5937,78.9629,0,1
13,1,1,18,0,3,2,3,20.5937,78.9629,0,3
13,0,1,0,1,2,1,2,20.5937,78.9629,0,3
44,0,0,3,1,0,0,0,20.5937,78.9629,0,2
13,0,1,11,0,1,3,1,20.5937,78.9629,1,0
13,0,1,18,0,2,4,1,20.5937,78.9629,0,4
4,0,0,12,3,0,0,2,20.5937,78.9629,0,3
13,2,1,8,0,2,3,1,20.5937,78.9629,2,0
13,1,1,6,0,3,3,2,20.5937,78.9629,0,6
13,0,1,11,2,2,2,3,20.5937,78.9629,0,2
13,0,1,18,4,4,3,0,20.5937,78.9629,1,6
13,0,0,3,3,0,0,0,20.5937,78.9629,0,4
13,0,1,3,0,2,4,1,20.5937,78.9629,2,6
13,1,1,3,0,4,2,3,20.5937,78.9629,0,2
13,0,1,3,0,1,4,0,20.5937,78.9629,1,1
14,0,0,0,0,0,0,0,13.0827,80.2707,1,2
13,0,1,8,0,4,1,0,20.5937,78.9629,1,6
13,0,1,11,0,2,3,2,20.5937,78.9629,2,2
13,0,1,8,0,0,0,1,20.5937,78.9629,0,5
13,0,1,12,3,1,3,0,20.5937,78.9629,1,1
13,0,1,8,2,0,0,2,20.5937,78.9629,0,4
13,1,1,8,0,0,0,0,20.5937,78.9629,0,1
13,0,0,8,2,0,0,3,20.5937,78.9629,3,6
13,1,1,3,0,0,0,0,20.5937,78.9629,3,3
13,0,0,8,3,0,0,0,20.5937,78.9629,3,2
23,0,0,6,4,0,0,0,17.385,78.4867,1,6
13,0,1,2,0,4,1,0,20.5937,78.9629,2,6
35,0,0,0,0,0,0,3,18.5204,73.8567,0,6
2,2,1,12,4,3,4,1,19.076,72.8777,3,1
2,0,1,2,3,1,1,3,19.076,72.8777,3,6
20,0,1,7,3,0,0,0,20.5937,78.9629,1,5
2,0,1,8,1,0,0,0,19.076,72.8777,0,6
2,0,1,8,4,3,1,1,19.076,72.8777,1,1
2,0,1,16,0,1,3,2,19.076,72.8777,0,0
2,0,1,8,3,3,2,2,19.076,72.8777,0,1
20,2,0,19,3,0,0,2,20.5937,78.9629,0,4
2,0,1,0,0,4,4,2,19.076,72.8777,1,5
2,0,1,7,2,1,1,0,19.076,72.8777,0,1
2,1,1,2,0,4,4,2,19.076,72.8777,1,6
2,2,0,2,1,0,0,1,19.076,72.8777,0,6
2,1,1,9,0,1,1,0,19.076,72.8777,0,2
2,0,1,8,2,1,4,0,19.076,72.8777,0,6
9,1,1,3,3,0,0,0,20.5937,78.9629,0,4
2,1,1,3,1,1,1,1,19.076,72.8777,3,1
2,0,0,0,3,0,0,1,19.076,72.8777,1,6
2,0,1,13,0,4,2,0,19.076,72.8777,2,0
2,0,1,2,0,4,4,0,19.076,72.8777,2,0
2,0,1,3,3,3,4,0,19.076,72.8777,0,1
39,0,0,8,0,0,0,3,20.5937,78.9629,1,6
2,0,1,3,0,4,3,3,19.076,72.8777,2,0
2,0,1,3,0,2,0,1,19.076,72.8777,0,2
2,0,0,8,2,0,0,1,19.076,72.8777,0,1
2,1,1,3,2,1,0,2,19.076,72.8777,3,5
2,1,1,12,0,4,0,0,19.076,72.8777,1,0
2,1,0,12,0,0,0,1,19.076,72.8777,0,1
2,1,1,3,4,1,1,3,19.076,72.8777,1,4
2,1,1,16,0,3,3,2,19.076,72.8777,3,1
2,0,1,3,0,3,4,0,19.076,72.8777,0,6
46,0,1,0,1,3,4,3,20.5937,78.9629,0,2
46,0,1,8,3,1,4,1,20.5937,78.9629,3,4
46,0,1,16,2,1,3,0,20.5937,78.9629,0,0
46,2,1,12,0,4,1,2,20.5937,78.9629,0,6
47,0,0,3,0,0,0,0,20.5937,78.9629,0,2
46,0,1,13,3,3,3,1,20.5937,78.9629,2,2
46,1,1,2,3,4,2,3,20.5937,78.9629,1,4
46,0,1,12,0,2,2,2,20.5937,78.9629,0,5
46,0,1,8,3,2,1,0,20.5937,78.9629,0,2
42,0,0,0,2,0,0,0,20.5937,78.9629,1,6
46,0,1,7,0,4,4,0,20.5937,78.9629,0,2
46,0,1,0,3,2,2,0,20.5937,78.9629,3,5
46,0,1,3,0,3,4,0,20.5937,78.9629,3,1
46,0,1,8,3,3,3,1,20.5937,78.9629,0,1
49,1,0,19,0,0,0,0,20.5937,78.9629,2,1
46,0,1,3,0,1,2,0,20.5937,78.9629,3,1
46,1,1,12,2,3,1,1,20.5937,78.9629,3,5
46,2,1,14,4,3,2,3,20.5937,78.9629,1,6
46,0,1,3,0,2,3,0,20.5937,78.9629,1,3
46,0,1,3,1,4,2,1,20.5937,78.9629,1,2
46,1,1,12,2,4,1,0,20.5937,78.9629,2,2
46,0,1,2,1,2,1,3,20.5937,78.9629,2,3
46,0,1,6,0,1,4,3,20.5937,78.9629,0,6
46,0,1,12,0,1,1,0,20.5937,78.9629,0,6
46,2,1,3,3,0,0,0,20.5937,78.9629,1,0
46,2,1,12,0,1,3,0,20.5937,78.9629,3,4
45,0,0,18,3,0,0,1,26.4499,80.3319,3,1
46,0,0,8,0,0,0,0,20.5937,78.9629,1,5
46,1,1,2,0,3,2,2,20.5937,78.9629,0,4
46,1,1,6,4,3,3,3,20.5937,78.9629,0,1
27,2,1,0,2,1,1,1,20.5937,78.9629,2,4
27,0,1,0,0,2,2,1,20.5937,78.9629,1,2
43,0,0,8,0,0,0,3,20.5937,78.9629,0,1
27,0,1,3,0,2,0,0,20.5937,78.9629,0,6
27,1,1,3,2,4,1,0,20.5937,78.9629,0,6
27,2,0,0,3,0,0,2,20.5937,78.9629,0,5
27,0,1,12,3,0,0,1,20.5937,78.9629,0,0
27,1,1,18,1,2,2,0,20.5937,78.9629,1,6
1,0,0,8,0,0,0,0,27.1767,78.0081,0,4
10,0,0,8,3,0,0,3,20.5937,78.9629,0,2
27,0,1,6,4,4,4,3,20.5937,78.9629,0,2
27,0,1,14,4,3,4,0,20.5937,78.9629,0,1
27,1,0,6,0,0,0,3,20.5937,78.9629,1,1
27,0,1,6,1,2,3,0,20.5937,78.9629,1,2
27,0,1,6,4,2,3,3,20.5937,78.9629,0,2
27,0,1,8,1,0,0,2,20.5937,78.9629,0,3
27,0,0,0,0,0,0,1,20.5937,78.9629,0,2
27,1,1,3,2,1,4,0,20.5937,78.9629,3,2
27,1,1,12,2,1,1,0,20.5937,78.9629,3,6
27,1,1,2,4,2,4,0,20.5937,78.9629,1,6
27,0,1,8,2,3,3,1,20.5937,78.9629,0,4
27,0,1,3,1,4,2,1,20.5937,78.9629,2,5
27,2,1,18,0,0,0,2,20.5937,78.9629,0,2
27,2,1,8,0,3,3,1,20.5937,78.9629,1,2
27,0,1,16,0,2,1,1,20.5937,78.9629,0,1
27,0,1,8,0,3,0,0,20.5937,78.9629,2,1
27,0,1,3,0,1,1,0,20.5937,78.9629,0,5
27,1,1,6,0,1,4,0,20.5937,78.9629,3,2
27,0,0,3,0,0,0,1,20.5937,78.9629,1,3
11,0,0,2,0,0,0,0,20.5937,78.9629,0,0
34,1,1,8,0,3,2,2,25.5941,85.1376,2,2
44,0,0,7,3,0,0,1,20.5937,78.9629,3,5
34,1,1,12,0,3,1,0,25.5941,85.1376,0,6
1,0,0,8,0,0,0,2,27.1767,78.0081,1,0
46,0,0,12,4,0,0,2,20.5937,78.9629,1,1
5,0,1,12,3,0,0,1,23.0225,72.5714,1,4
6,2,0,0,4,0,0,1,20.5937,78.9629,3,1
34,0,1,1,0,4,1,0,25.5941,85.1376,0,2
34,0,1,6,0,1,3,0,25.5941,85.1376,0,4
4,0,0,6,3,0,0,0,20.5937,78.9629,2,2
21,2,1,2,0,0,0,1,20.5937,78.9629,2,4
34,1,1,6,0,0,0,0,25.5941,85.1376,3,1
34,1,1,8,3,4,1,0,25.5941,85.1376,2,4
34,1,1,0,0,1,1,2,25.5941,85.1376,3,5
34,1,1,3,0,2,4,2,25.5941,85.1376,0,5
34,1,1,8,1,0,0,3,25.5941,85.1376,1,1
34,0,1,1,0,0,0,1,25.5941,85.1376,3,3
34,0,0,8,0,0,0,1,25.5941,85.1376,2,3
33,0,0,2,0,0,0,0,20.5937,78.9629,2,3
34,0,0,18,0,0,0,0,25.5941,85.1376,2,1
34,0,1,8,0,2,2,3,25.5941,85.1376,3,0
34,1,0,8,0,0,0,2,25.5941,85.1376,2,5
34,0,1,3,0,1,2,0,25.5941,85.1376,0,0
34,0,0,2,0,0,0,0,25.5941,85.1376,1,0
34,0,1,0,4,4,4,3,25.5941,85.1376,1,4
34,1,1,8,0,2,4,0,25.5941,85.1376,0,1
34,0,1,8,0,3,1,3,25.5941,85.1376,2,4
34,1,1,12,0,2,3,0,25.5941,85.1376,2,5
34,0,0,0,0,0,0,3,25.5941,85.1376,1,2
34,2,1,8,4,4,3,0,25.5941,85.1376,2,5
35,0,1,3,1,4,3,1,18.5204,73.8567,1,1
35,0,1,12,4,4,3,0,18.5204,73.8567,1,2
35,0,1,14,0,4,1,0,18.5204,73.8567,0,0
35,1,1,3,2,3,1,3,18.5204,73.8567,1,1
35,1,1,12,3,2,1,1,18.5204,73.8567,0,1
35,1,1,3,3,4,1,0,18.5204,73.8567,0,1
35,0,1,6,0,1,3,1,18.5204,73.8567,0,3
35,1,1,3,0,1,4,1,18.5204,73.8567,0,2
35,1,0,17,3,0,0,0,18.5204,73.8567,0,6
35,0,1,6,0,2,3,1,18.5204,73.8567,3,4
35,1,1,13,0,0,0,3,18.5204,73.8567,0,5
35,1,0,8,0,0,0,1,18.5204,73.8567,2,1
35,1,1,8,0,0,0,1,18.5204,73.8567,3,3
35,0,1,12,2,4,1,0,18.5204,73.8567,1,1
35,0,1,12,0,1,3,1,18.5204,73.8567,2,2
2,0,1,0,4,0,0,2,19.076,72.8777,1,5
35,0,1,8,0,3,1,2,18.5204,73.8567,1,2
35,0,1,3,0,1,3,0,18.5204,73.8567,2,4
35,0,1,1,0,3,4,1,18.5204,73.8567,1,2
35,2,1,8,0,1,2,0,18.5204,73.8567,0,6
35,0,1,1,3,3,3,2,18.5204,73.8567,2,5
35,1,1,0,0,4,1,0,18.5204,73.8567,1,5
35,1,1,8,0,1,1,0,18.5204,73.8567,2,6
35,0,1,8,0,3,2,0,18.5204,73.8567,3,4
17,0,1,6,0,0,0,3,20.5937,78.9629,0,3
35,0,1,6,0,3,1,3,18.5204,73.8567,1,6
35,0,0,2,4,0,0,0,18.5204,73.8567,2,2
35,2,1,8,0,3,1,0,18.5204,73.8567,2,1
35,1,1,18,3,3,2,1,18.5204,73.8567,0,4
35,1,1,2,1,4,3,2,18.5204,73.8567,0,2
6,0,1,3,0,3,3,3,20.5937,78.9629,3,1
6,0,1,14,4,4,4,2,20.5937,78.9629,2,5
6,0,1,13,3,1,1,0,20.5937,78.9629,1,1
6,2,0,1,3,0,0,0,20.5937,78.9629,2,6
6,0,1,3,0,1,1,1,20.5937,78.9629,0,2
6,0,1,3,2,0,0,1,20.5937,78.9629,1,4
6,0,0,0,1,0,0,3,20.5937,78.9629,3,1
14,0,0,0,3,0,0,0,13.0827,80.2707,1,1
25,0,0,2,0,0,0,3,20.5937,78.9629,0,1
6,0,1,0,0,3,1,0,20.5937,78.9629,2,5
38,0,0,8,0,0,0,0,20.5937,78.9629,0,6
6,1,1,0,0,4,1,2,20.5937,78.9629,1,6
6,0,1,3,0,4,3,0,20.5937,78.9629,3,1
6,0,1,2,0,1,1,3,20.5937,78.9629,3,1
6,0,0,6,4,0,0,1,20.5937,78.9629,0,3
6,0,1,8,0,0,0,3,20.5937,78.9629,3,1
6,0,1,6,3,2,4,1,20.5937,78.9629,1,1
6,1,1,18,4,2,3,0,20.5937,78.9629,0,4
16,1,0,3,4,0,0,2,20.5937,78.9629,0,5
6,2,1,8,0,4,0,1,20.5937,78.9629,1,1
6,0,1,8,2,3,4,2,20.5937,78.9629,3,3
6,0,1,2,0,0,0,2,20.5937,78.9629,3,2
6,1,1,3,1,0,0,0,20.5937,78.9629,2,1
6,0,1,3,0,1,4,0,20.5937,78.9629,3,6
6,0,1,18,0,4,3,1,20.5937,78.9629,1,6
6,2,1,0,0,1,2,1,20.5937,78.9629,1,0
6,0,1,2,0,4,2,2,20.5937,78.9629,3,2
6,0,1,7,3,3,0,0,20.5937,78.9629,0,1
6,0,0,8,0,0,0,0,20.5937,78.9629,0,5
6,0,1,8,0,1,1,0,20.5937,78.9629,0,0
49,1,1,2,0,1,3,2,20.5937,78.9629,2,1
49,2,0,3,3,0,0,3,20.5937,78.9629,0,6
49,2,1,12,1,2,3,0,20.5937,78.9629,2,1
49,1,1,8,1,4,3,2,20.5937,78.9629,1,6
49,0,0,2,0,0,0,3,20.5937,78.9629,0,2
49,0,1,0,0,2,3,2,20.5937,78.9629,0,5
49,1,1,8,2,1,4,0,20.5937,78.9629,1,1
49,0,1,7,1,3,0,2,20.5937,78.9629,1,5
49,0,1,2,1,3,2,1,20.5937,78.9629,1,1
49,0,0,8,2,0,0,3,20.5937,78.9629,0,1
49,1,1,12,0,3,2,3,20.5937,78.9629,3,4
49,0,1,6,1,2,1,0,20.5937,78.9629,1,6
49,0,1,3,0,4,2,0,20.5937,78.9629,1,3
49,0,1,0,0,2,4,2,20.5937,78.9629,1,3
5,1,0,6,2,0,0,0,23.0225,72.5714,1,1
49,1,0,7,1,0,0,0,20.5937,78.9629,1,6
49,0,1,2,4,2,4,1,20.5937,78.9629,2,5
49,0,1,2,0,4,4,3,20.5937,78.9629,3,5
49,2,1,18,3,4,0,1,20.5937,78.9629,3,1
49,1,1,0,3,2,2,1,20.5937,78.9629,0,1
49,1,1,3,3,2,3,3,20.5937,78.9629,0,1
49,0,1,3,1,4,1,2,20.5937,78.9629,0,2
49,1,1,8,0,1,2,2,20.5937,78.9629,0,2
49,1,1,0,2,4,2,2,20.5937,78.9629,1,6
49,0,1,8,0,0,0,1,20.5937,78.9629,0,5
49,0,1,12,0,4,2,3,20.5937,78.9629,1,3
49,1,1,7,3,3,1,0,20.5937,78.9629,2,2
49,1,1,6,2,0,0,1,20.5937,78.9629,1,2
49,0,1,0,3,4,3,3,20.5937,78.9629,1,1