Million_Plus_Cities,Age_band_of_driver,Accident_severity,Cause_of_accident,Weather Conditions,Road Type,Road Condition,Lighting Conditions,Latitude,Longitude,Time_Block,Vehicle Type Involved
26,0,2,6,1,0,0,2,12.9716,77.5946,1,2
26,0,2,12,0,4,3,0,12.9716,77.5946,3,5
26,2,2,3,0,4,3,1,12.9716,77.5946,1,6
34,0,0,2,3,0,0,3,25.5941,85.1376,0,1
26,1,2,0,0,4,4,0,12.9716,77.5946,2,2
26,0,2,12,0,3,4,0,12.9716,77.5946,1,1
26,1,2,14,1,2,1,0,12.9716,77.5946,2,1
26,1,2,14,3,4,1,1,12.9716,77.5946,2,5
26,0,2,7,0,1,1,0,12.9716,77.5946,0,4
26,2,0,2,0,0,0,1,12.9716,77.5946,1,1
26,0,0,3,0,0,0,3,12.9716,77.5946,2,6
26,0,2,12,0,1,2,2,12.9716,77.5946,3,6
26,0,1,8,4,1,4,0,12.9716,77.5946,1,4
26,0,1,9,0,2,4,1,12.9716,77.5946,2,5
26,0,2,18,0,1,1,0,12.9716,77.5946,0,2
26,0,2,3,0,1,2,2,12.9716,77.5946,0,2
26,1,2,12,4,1,4,3,12.9716,77.5946,1,1
26,0,2,0,0,4,2,0,12.9716,77.5946,1,6
26,1,2,17,4,1,3,3,12.9716,77.5946,3,0
26,1,2,3,0,1,4,0,12.9716,77.5946,1,0
26,1,0,12,3,0,0,1,12.9716,77.5946,3,1
26,0,2,6,0,3,1,2,12.9716,77.5946,0,3
24,0,0,0,4,0,0,0,20.5937,78.9629,3,1
26,0,0,2,0,0,0,0,12.9716,77.5946,2,1
38,1,0,0,0,0,0,0,20.5937,78.9629,2,0
26,0,2,1,3,4,0,2,12.9716,77.5946,0,6
28,0,0,2,0,0,0,2,20.5937,78.9629,0,5
28,0,2,3,1,3,4,1,20.5937,78.9629,2,3
28,2,2,1,0,1,3,0,20.5937,78.9629,2,4
28,0,2,4,0,3,2,1,20.5937,78.9629,3,1
28,1,2,5,0,3,4,0,20.5937,78.9629,1,1
28,1,2,6,1,1,0,0,20.5937,78.9629,3,6
28,1,2,3,3,1,4,3,20.5937,78.9629,1,1
28,0,2,0,3,1,2,0,20.5937,78.9629,1,0
28,1,2,2,0,1,1,1,20.5937,78.9629,3,2
28,1,0,7,0,0,0,0,20.5937,78.9629,1,2
28,2,2,8,0,3,4,1,20.5937,78.9629,3,4
28,0,2,6,0,1,2,1,20.5937,78.9629,1,5
27,0,0,8,2,0,0,0,20.5937,78.9629,0,4
28,2,2,8,0,4,3,0,20.5937,78.9629,1,1
28,0,2,0,4,2,2,1,20.5937,78.9629,0,2
28,0,2,3,4,4,3,3,20.5937,78.9629,0,3
28,1,2,7,4,2,4,0,20.5937,78.9629,1,5
28,0,2,0,0,4,1,0,20.5937,78.9629,0,2
28,1,2,9,0,2,3,2,20.5937,78.9629,2,0
28,1,2,1,2,0,0,2,20.5937,78.9629,2,4
28,0,2,4,0,3,2,3,20.5937,78.9629,2,4
24,1,0,3,0,0,0,1,20.5937,78.9629,1,1
28,1,2,10,0,0,0,0,20.5937,78.9629,0,2
38,0,1,5,1,0,0,3,20.5937,78.9629,2,5
28,2,1,2,4,0,0,0,20.5937,78.9629,0,1
28,0,2,3,0,2,1,2,20.5937,78.9629,2,6
28,0,1,7,0,2,1,1,20.5937,78.9629,3,1
28,1,2,11,2,1,4,1,20.5937,78.9629,3,2
28,0,0,2,4,0,0,0,20.5937,78.9629,1,0
28,1,2,6,3,4,1,2,20.5937,78.9629,2,2
29,1,2,3,0,2,3,1,20.5937,78.9629,0,6
29,1,2,8,0,1,1,2,20.5937,78.9629,3,4
29,0,1,7,0,4,1,0,20.5937,78.9629,0,4
29,1,2,8,0,2,1,2,20.5937,78.9629,2,5
19,0,1,6,0,0,0,1,20.5937,78.9629,0,3
29,1,2,5,0,2,0,1,20.5937,78.9629,1,2
29,0,2,12,2,2,4,3,20.5937,78.9629,0,4
1,0,0,2,0,0,0,0,27.1767,78.0081,1,2
29,1,2,12,0,4,4,0,20.5937,78.9629,2,0
29,0,2,2,4,2,1,0,20.5937,78.9629,0,1
29,0,2,6,0,2,0,1,20.5937,78.9629,1,2
29,1,2,8,0,0,0,1,20.5937,78.9629,3,6
29,0,2,3,0,3,1,0,20.5937,78.9629,3,4
29,0,2,3,0,3,1,1,20.5937,78.9629,3,3
20,0,0,13,0,0,0,0,20.5937,78.9629,2,1
29,1,2,8,4,3,4,0,20.5937,78.9629,0,1
29,0,2,3,3,1,1,0,20.5937,78.9629,0,6
29,0,2,2,0,1,3,3,20.5937,78.9629,1,5
29,0,1,9,0,1,2,1,20.5937,78.9629,2,1
29,0,1,5,4,1,3,1,20.5937,78.9629,2,6
29,1,2,5,1,4,4,3,20.5937,78.9629,0,3
29,0,2,8,3,3,1,0,20.5937,78.9629,3,1
29,1,2,6,2,3,1,0,20.5937,78.9629,1,1
29,0,0,1,4,0,0,2,20.5937,78.9629,3,3
2,1,0,7,0,0,0,3,19.076,72.8777,0,0
41,0,0,8,2,0,0,0,20.5937,78.9629,2,0
29,0,2,3,0,3,4,0,20.5937,78.9629,1,0
29,0,2,12,0,2,4,0,20.5937,78.9629,3,3
29,0,2,3,3,4,3,3,20.5937,78.9629,3,3
29,0,2,1,0,3,4,2,20.5937,78.9629,1,1
14,1,2,5,0,4,0,2,13.0827,80.2707,1,6
14,0,2,14,0,2,2,0,13.0827,80.2707,1,6
26,0,0,13,0,0,0,0,12.9716,77.5946,0,0
14,0,2,15,2,3,4,0,13.0827,80.2707,0,4
34,1,0,3,3,0,0,3,25.5941,85.1376,1,5
14,0,0,8,0,0,0,0,13.0827,80.2707,3,3
14,0,2,5,0,4,3,0,13.0827,80.2707,2,6
14,0,2,6,0,4,2,0,13.0827,80.2707,3,0
14,1,2,2,3,3,3,3,13.0827,80.2707,1,3
11,0,1,7,3,0,0,0,20.5937,78.9629,0,5
14,2,2,1,0,3,3,1,13.0827,80.2707,3,4
14,1,2,12,0,4,0,1,13.0827,80.2707,0,5
14,0,0,6,3,0,0,1,13.0827,80.2707,3,1
14,2,2,7,0,3,4,3,13.0827,80.2707,2,5
14,1,1,3,0,0,0,1,13.0827,80.2707,0,0
14,0,2,12,2,0,0,0,13.0827,80.2707,0,2
14,0,0,3,0,0,0,0,13.0827,80.2707,0,3
14,0,2,3,3,3,0,2,13.0827,80.2707,3,3
14,0,0,2,1,0,0,0,13.0827,80.2707,3,2
14,0,2,16,1,4,1,2,13.0827,80.2707,1,6
38,0,0,12,2,0,0,0,20.5937,78.9629,0,5
14,0,2,8,3,1,4,2,13.0827,80.2707,3,5
14,0,2,12,4,1,4,2,13.0827,80.2707,1,6
14,0,2,2,1,1,3,0,13.0827,80.2707,0,5
14,1,2,6,0,2,3,3,13.0827,80.2707,1,1
45,2,0,3,0,0,0,0,26.4499,80.3319,0,1
14,0,2,8,1,4,4,3,13.0827,80.2707,3,5
18,0,0,0,3,0,0,0,21.1702,72.8311,1,1
14,0,2,0,0,0,0,1,13.0827,80.2707,2,6
14,2,1,8,0,0,0,0,13.0827,80.2707,3,6
32,0,2,8,0,1,1,0,20.5937,78.9629,0,0
32,1,2,8,0,3,4,0,20.5937,78.9629,2,4
32,1,2,7,4,2,3,0,20.5937,78.9629,0,6
32,0,2,12,0,1,2,0,20.5937,78.9629,2,2
32,0,2,3,0,2,4,1,20.5937,78.9629,0,5
32,0,0,2,2,0,0,2,20.5937,78.9629,0,5
32,2,2,12,2,3,2,2,20.5937,78.9629,1,5
32,0,0,12,2,0,0,0,20.5937,78.9629,2,2
32,0,2,8,4,1,2,0,20.5937,78.9629,0,0
32,2,2,5,2,3,4,2,20.5937,78.9629,0,6
32,1,2,3,0,1,3,1,20.5937,78.9629,1,1
32,0,1,3,3,3,3,0,20.5937,78.9629,0,5
43,2,0,8,4,0,0,3,20.5937,78.9629,1,2
32,0,2,8,0,2,1,0,20.5937,78.9629,0,5
32,1,0,16,3,0,0,0,20.5937,78.9629,0,1
43,1,1,13,1,0,0,0,20.5937,78.9629,0,4
37,1,1,6,0,0,0,0,20.5937,78.9629,1,6
32,1,2,7,0,1,2,1,20.5937,78.9629,1,4
32,0,2,6,2,4,1,3,20.5937,78.9629,1,1
32,1,2,5,0,0,0,3,20.5937,78.9629,1,6
32,1,1,5,0,2,0,1,20.5937,78.9629,3,0
32,1,2,0,0,4,2,0,20.5937,78.9629,2,0
32,0,2,8,0,4,4,1,20.5937,78.9629,1,1
1,0,1,0,2,0,0,1,27.1767,78.0081,1,5
32,0,2,6,0,3,4,0,20.5937,78.9629,1,6
20,0,1,12,4,0,0,0,20.5937,78.9629,2,3
32,0,2,8,0,3,4,0,20.5937,78.9629,3,4
32,1,2,5,0,4,3,3,20.5937,78.9629,3,1
48,0,0,3,0,0,0,2,20.5937,78.9629,0,6
32,0,2,8,0,0,0,0,20.5937,78.9629,1,6
12,0,2,12,0,2,3,0,28.6139,77.209,2,2
12,0,2,8,1,1,2,2,28.6139,77.209,2,1
12,0,2,6,1,1,2,1,28.6139,77.209,1,4
12,0,2,3,0,0,0,0,28.6139,77.209,2,0
12,0,0,7,0,0,0,0,28.6139,77.209,1,6
12,0,1,6,1,2,3,2,28.6139,77.209,3,4
12,0,2,2,0,3,2,3,28.6139,77.209,1,1
12,1,2,17,0,3,3,2,28.6139,77.209,1,1
12,0,2,14,3,2,1,2,28.6139,77.209,1,5
12,0,2,12,3,1,4,1,28.6139,77.209,1,3
12,1,2,14,0,1,3,2,28.6139,77.209,1,5
12,1,2,12,4,2,2,0,28.6139,77.209,3,1
12,0,2,7,3,4,1,3,28.6139,77.209,1,2
12,0,2,12,0,2,2,3,28.6139,77.209,1,1
8,0,0,3,0,0,0,0,20.5937,78.9629,3,3
12,1,2,0,0,4,3,1,28.6139,77.209,2,1
12,0,2,12,3,4,2,0,28.6139,77.209,0,1
12,0,2,3,0,3,3,0,28.6139,77.209,1,1
12,0,2,12,3,4,1,2,28.6139,77.209,2,2
12,0,1,12,2,0,0,1,28.6139,77.209,2,6
12,0,1,12,3,4,1,0,28.6139,77.209,1,6
41,1,1,3,0,0,0,2,20.5937,78.9629,0,5
12,1,0,3,0,0,0,0,28.6139,77.209,0,4
16,1,0,12,0,0,0,0,20.5937,78.9629,1,6
12,1,2,1,0,4,2,0,28.6139,77.209,2,5
12,1,1,3,1,0,0,0,28.6139,77.209,0,6
12,1,2,8,0,4,1,2,28.6139,77.209,0,6
12,0,2,5,4,1,1,2,28.6139,77.209,0,4
12,2,2,3,2,1,1,0,28.6139,77.209,1,0
12,1,1,3,2,1,1,0,28.6139,77.209,0,1
37,0,1,1,3,2,1,0,20.5937,78.9629,0,0
37,2,1,5,2,2,3,0,20.5937,78.9629,1,5
37,1,2,14,0,2,1,0,20.5937,78.9629,0,0
37,1,2,1,0,2,3,0,20.5937,78.9629,0,0
37,2,2,6,2,1,4,2,20.5937,78.9629,0,1
37,0,2,0,0,4,2,0,20.5937,78.9629,0,1
37,1,1,5,3,0,0,2,20.5937,78.9629,2,4
37,0,2,6,4,1,2,0,20.5937,78.9629,3,0
37,0,2,7,4,3,1,1,20.5937,78.9629,3,4
21,2,0,3,1,0,0,1,20.5937,78.9629,0,5
37,1,0,3,3,0,0,0,20.5937,78.9629,2,6
37,0,2,3,0,1,3,3,20.5937,78.9629,0,5
37,0,0,14,3,0,0,2,20.5937,78.9629,0,5
37,0,2,2,0,4,3,0,20.5937,78.9629,1,4
37,2,2,0,4,4,2,0,20.5937,78.9629,2,1
37,1,0,13,0,0,0,0,20.5937,78.9629,0,2
37,1,2,0,0,3,4,0,20.5937,78.9629,0,4
37,0,2,8,0,1,2,1,20.5937,78.9629,1,6
27,1,1,5,3,0,0,0,20.5937,78.9629,1,2
0,0,0,6,4,0,0,0,26.9124,75.7873,1,2
37,0,2,3,0,4,2,0,20.5937,78.9629,2,4
37,2,2,5,1,3,4,3,20.5937,78.9629,2,3
37,1,2,8,2,2,0,0,20.5937,78.9629,0,1
37,1,2,12,1,4,3,3,20.5937,78.9629,0,1
37,0,2,8,4,1,2,2,20.5937,78.9629,2,5
37,2,2,0,0,4,2,3,20.5937,78.9629,0,1
6,0,0,8,0,0,0,1,20.5937,78.9629,1,5
37,0,0,0,4,0,0,0,20.5937,78.9629,2,1
37,1,2,7,4,1,1,3,20.5937,78.9629,0,6
37,1,1,2,0,2,4,2,20.5937,78.9629,1,5
39,2,1,8,1,3,4,3,20.5937,78.9629,2,2
39,0,2,5,0,1,2,0,20.5937,78.9629,3,1
39,0,2,8,0,3,2,1,20.5937,78.9629,1,5
15,1,0,7,0,0,0,0,20.5937,78.9629,1,1
39,0,2,0,1,1,2,1,20.5937,78.9629,3,3
39,0,2,7,3,1,3,3,20.5937,78.9629,1,0
39,0,2,8,1,4,0,3,20.5937,78.9629,1,1
39,1,2,7,3,1,0,0,20.5937,78.9629,3,5
39,0,2,12,4,3,3,0,20.5937,78.9629,1,6
39,0,0,9,0,0,0,0,20.5937,78.9629,3,3
39,1,1,12,0,0,0,3,20.5937,78.9629,1,0
39,1,2,2,1,1,4,2,20.5937,78.9629,0,0
39,1,2,6,0,4,3,2,20.5937,78.9629,0,6
39,2,0,3,0,0,0,2,20.5937,78.9629,0,1
39,1,0,3,4,0,0,0,20.5937,78.9629,0,4
43,1,1,8,0,0,0,0,20.5937,78.9629,2,1
39,1,2,8,0,4,2,1,20.5937,78.9629,3,6
39,2,2,2,0,2,3,1,20.5937,78.9629,0,1
39,1,2,3,0,4,3,1,20.5937,78.9629,1,2
39,0,2,6,0,1,4,1,20.5937,78.9629,2,2
39,0,1,2,2,1,4,3,20.5937,78.9629,3,0
45,0,1,6,3,0,0,1,26.4499,80.3319,0,3
35,0,0,0,0,0,0,2,18.5204,73.8567,2,1
30,1,0,17,0,0,0,0,20.5937,78.9629,1,3
39,2,2,8,0,3,1,3,20.5937,78.9629,1,0
39,1,2,8,0,3,4,1,20.5937,78.9629,3,1
39,0,2,8,0,1,2,3,20.5937,78.9629,1,2
39,1,2,2,3,2,1,3,20.5937,78.9629,3,0
39,0,0,6,0,0,0,3,20.5937,78.9629,2,1
39,0,2,13,0,1,1,0,20.5937,78.9629,0,3
20,1,2,1,4,4,1,0,20.5937,78.9629,1,0
20,0,1,5,0,0,0,1,20.5937,78.9629,3,4
22,0,0,2,3,0,0,3,20.5937,78.9629,0,1
20,1,2,7,4,3,1,0,20.5937,78.9629,2,0
20,1,0,2,0,0,0,0,20.5937,78.9629,0,4
20,1,0,8,0,0,0,1,20.5937,78.9629,2,0
20,0,2,0,2,1,4,0,20.5937,78.9629,0,3
20,1,2,2,4,1,3,3,20.5937,78.9629,0,1
20,0,2,5,0,3,0,0,20.5937,78.9629,0,1
3,1,0,8,0,0,0,2,20.5937,78.9629,0,1
20,2,2,0,0,2,2,0,20.5937,78.9629,1,3
20,1,2,8,2,0,0,1,20.5937,78.9629,1,2
20,1,2,2,4,3,4,0,20.5937,78.9629,2,4
20,0,0,2,3,0,0,0,20.5937,78.9629,0,0
42,2,0,7,2,0,0,0,20.5937,78.9629,0,0
20,1,2,2,0,1,4,1,20.5937,78.9629,2,4
20,0,2,12,3,3,2,0,20.5937,78.9629,0,4
24,0,0,12,0,0,0,0,20.5937,78.9629,1,0
20,0,2,7,0,2,4,0,20.5937,78.9629,0,3
20,0,2,9,4,1,4,0,20.5937,78.9629,1,1
20,0,2,8,4,1,3,0,20.5937,78.9629,0,0
20,0,0,2,1,0,0,1,20.5937,78.9629,1,1
20,0,2,6,4,3,2,2,20.5937,78.9629,2,1
20,1,2,8,3,4,4,0,20.5937,78.9629,1,2
20,0,2,7,2,1,4,2,20.5937,78.9629,0,6
25,1,0,7,2,0,0,1,20.5937,78.9629,1,6
20,0,2,6,2,1,4,2,20.5937,78.9629,1,6
5,1,1,12,0,0,0,0,23.0225,72.5714,1,0
20,0,1,3,2,0,0,3,20.5937,78.9629,2,2
30,0,0,2,1,0,0,0,20.5937,78.9629,3,4
41,1,2,0,0,3,1,3,20.5937,78.9629,2,5
41,1,2,12,4,3,2,3,20.5937,78.9629,1,2
41,1,2,14,4,2,2,2,20.5937,78.9629,1,5
41,0,2,14,0,1,3,0,20.5937,78.9629,3,6
41,1,2,7,3,2,3,0,20.5937,78.9629,0,2
48,1,0,2,0,0,0,1,20.5937,78.9629,3,0
41,0,2,3,0,2,4,2,20.5937,78.9629,0,1
41,0,2,12,0,0,0,0,20.5937,78.9629,0,2
29,1,0,8,3,0,0,3,20.5937,78.9629,1,4
41,2,2,9,1,3,2,0,20.5937,78.9629,3,5
41,0,2,18,0,2,0,1,20.5937,78.9629,1,5
41,0,0,3,0,0,0,3,20.5937,78.9629,0,5
41,0,2,12,0,4,3,0,20.5937,78.9629,0,5
41,1,0,0,0,0,0,1,20.5937,78.9629,1,1
41,1,0,17,0,0,0,1,20.5937,78.9629,1,6
41,0,0,3,1,0,0,0,20.5937,78.9629,0,5
41,2,2,12,3,1,3,3,20.5937,78.9629,3,6
17,0,1,6,2,0,0,0,20.5937,78.9629,0,6
30,2,1,0,2,0,0,0,20.5937,78.9629,0,4
13,1,1,2,4,0,0,0,20.5937,78.9629,2,0
30,2,1,16,2,0,0,1,20.5937,78.9629,3,1
41,1,2,8,0,3,1,0,20.5937,78.9629,0,1
41,2,2,12,3,4,2,0,20.5937,78.9629,2,1
41,0,0,8,0,0,0,0,20.5937,78.9629,1,2
41,1,1,2,0,0,0,3,20.5937,78.9629,1,1
41,1,1,7,0,2,4,2,20.5937,78.9629,1,3
41,0,2,8,1,3,1,2,20.5937,78.9629,2,5
41,0,2,8,2,1,1,0,20.5937,78.9629,0,2
41,0,2,2,2,3,3,0,20.5937,78.9629,0,1
41,0,2,8,0,1,2,2,20.5937,78.9629,3,3
23,1,2,2,0,3,2,0,17.385,78.4867,0,1
23,0,2,8,3,3,1,0,17.385,78.4867,2,1
23,0,0,8,4,0,0,1,17.385,78.4867,1,1
23,0,2,8,0,2,2,1,17.385,78.4867,3,0
23,0,2,2,1,4,3,0,17.385,78.4867,2,4
16,0,0,3,1,0,0,0,20.5937,78.9629,0,1
23,1,2,0,0,2,3,0,17.385,78.4867,0,2
22,0,0,3,4,0,0,0,20.5937,78.9629,3,3
10,0,0,8,3,0,0,3,20.5937,78.9629,1,6
23,1,2,1,0,1,4,1,17.385,78.4867,1,1
23,0,2,5,0,2,4,2,17.385,78.4867,2,3
23,1,2,5,0,3,3,1,17.385,78.4867,2,6
37,1,1,3,0,0,0,0,20.5937,78.9629,1,0
23,1,2,7,1,2,4,1,17.385,78.4867,3,1
23,1,2,6,0,2,4,0,17.385,78.4867,0,0
38,0,0,2,0,0,0,1,20.5937,78.9629,2,0
23,2,2,2,3,1,2,0,17.385,78.4867,3,4
23,1,2,1,0,1,4,3,17.385,78.4867,3,1
23,0,2,8,0,3,4,3,17.385,78.4867,3,1
23,2,0,6,1,0,0,0,17.385,78.4867,1,0
23,0,2,3,0,4,4,0,17.385,78.4867,1,2
23,0,0,2,2,0,0,0,17.385,78.4867,3,4
23,1,2,8,3,2,3,0,17.385,78.4867,2,6
23,1,2,12,1,3,4,3,17.385,78.4867,0,3
23,0,2,7,0,3,1,2,17.385,78.4867,0,1
23,1,2,12,0,4,4,0,17.385,78.4867,1,5
23,0,2,0,0,2,2,1,17.385,78.4867,1,3
23,0,2,8,0,2,4,0,17.385,78.4867,1,1
4,0,0,8,4,0,0,2,20.5937,78.9629,1,4
23,0,0,8,3,0,0,1,17.385,78.4867,0,5
9,0,2,2,3,4,4,3,20.5937,78.9629,0,5
9,0,2,2,2,1,1,0,20.5937,78.9629,2,4
9,0,2,0,2,1,2,0,20.5937,78.9629,2,1
9,0,2,3,0,1,4,0,20.5937,78.9629,3,5
9,0,2,6,0,1,1,1,20.5937,78.9629,0,6
9,2,2,0,3,3,3,0,20.5937,78.9629,1,5
9,0,2,12,0,3,2,1,20.5937,78.9629,0,6
9,1,2,12,2,1,1,0,20.5937,78.9629,1,1
9,1,2,18,0,3,4,0,20.5937,78.9629,1,2
34,0,0,7,0,0,0,3,25.5941,85.1376,0,2
9,0,0,6,0,0,0,0,20.5937,78.9629,3,2
9,1,2,12,0,4,2,2,20.5937,78.9629,1,6
9,0,1,0,4,0,0,1,20.5937,78.9629,0,1
20,0,0,12,0,0,0,0,20.5937,78.9629,2,6
13,1,0,6,2,0,0,0,20.5937,78.9629,0,3
9,0,2,3,1,3,3,0,20.5937,78.9629,0,1
41,1,1,2,0,0,0,0,20.5937,78.9629,2,2
9,0,2,6,3,0,0,0,20.5937,78.9629,3,5
9,0,0,12,0,0,0,1,20.5937,78.9629,1,1
9,0,1,0,3,0,0,2,20.5937,78.9629,1,5
9,2,2,8,1,2,4,0,20.5937,78.9629,2,6
9,1,2,2,1,4,2,0,20.5937,78.9629,1,6
28,0,0,2,3,0,0,3,20.5937,78.9629,0,1
9,1,2,8,0,1,0,1,20.5937,78.9629,0,1
9,1,2,2,0,1,2,0,20.5937,78.9629,2,5
9,0,2,12,0,3,0,0,20.5937,78.9629,0,6
9,0,2,2,0,1,4,1,20.5937,78.9629,3,1
9,1,2,8,4,1,2,0,20.5937,78.9629,3,2
9,0,2,3,1,0,0,0,20.5937,78.9629,3,5
9,0,2,8,2,2,2,0,20.5937,78.9629,0,0
16,1,1,14,4,0,0,2,20.5937,78.9629,1,2
40,1,2,8,0,0,0,1,20.5937,78.9629,1,1
40,2,2,1,3,0,0,1,20.5937,78.9629,0,2
40,0,2,18,1,0,0,2,20.5937,78.9629,3,4
40,0,0,7,0,0,0,0,20.5937,78.9629,1,4
40,0,2,0,1,1,1,2,20.5937,78.9629,0,1
40,1,2,3,3,0,0,3,20.5937,78.9629,0,4
40,0,1,2,0,0,0,1,20.5937,78.9629,1,3
40,0,2,3,0,2,3,3,20.5937,78.9629,3,0
40,0,2,18,0,3,4,0,20.5937,78.9629,1,6
40,0,0,6,0,0,0,1,20.5937,78.9629,1,5
40,0,2,6,0,2,4,1,20.5937,78.9629,0,1
40,0,2,2,0,3,1,0,20.5937,78.9629,0,4
40,0,2,3,0,3,2,1,20.5937,78.9629,2,4
40,0,2,3,0,2,1,0,20.5937,78.9629,0,0
40,1,2,2,0,3,1,0,20.5937,78.9629,1,6
40,1,2,2,4,2,4,1,20.5937,78.9629,0,0
40,0,2,9,0,2,0,1,20.5937,78.9629,1,0
40,1,2,1,0,1,4,0,20.5937,78.9629,0,0
40,2,0,2,0,0,0,3,20.5937,78.9629,1,1
40,2,1,18,1,3,2,1,20.5937,78.9629,0,0
40,0,2,12,0,3,2,2,20.5937,78.9629,1,1
40,1,0,0,0,0,0,0,20.5937,78.9629,2,1
40,1,2,8,1,1,1,2,20.5937,78.9629,0,1
40,0,2,6,0,2,1,1,20.5937,78.9629,1,1
40,1,2,16,2,4,4,3,20.5937,78.9629,0,5
40,1,2,2,3,2,0,0,20.5937,78.9629,0,2
40,0,2,8,0,3,3,0,20.5937,78.9629,1,6
40,1,1,0,2,2,3,0,20.5937,78.9629,0,6
40,0,2,6,0,2,3,1,20.5937,78.9629,3,0
40,0,0,6,3,0,0,0,20.5937,78.9629,0,6
0,1,1,8,0,0,0,3,26.9124,75.7873,0,0
0,0,2,8,0,1,1,0,26.9124,75.7873,1,2
9,1,0,1,1,0,0,3,20.5937,78.9629,3,0
40,2,1,18,3,0,0,1,20.5937,78.9629,0,1
0,0,2,3,0,1,1,0,26.9124,75.7873,3,4
13,0,1,2,0,0,0,0,20.5937,78.9629,1,5
0,0,2,12,0,3,1,3,26.9124,75.7873,2,1
44,0,0,0,0,0,0,0,20.5937,78.9629,1,1
0,0,2,0,0,2,2,0,26.9124,75.7873,1,0
0,0,2,3,0,4,3,1,26.9124,75.7873,3,5
0,0,2,6,0,1,3,2,26.9124,75.7873,3,4
0,1,2,13,0,0,0,0,26.9124,75.7873,0,5
0,1,2,18,0,2,2,0,26.9124,75.7873,1,0
0,2,2,3,0,4,3,0,26.9124,75.7873,3,1
0,1,1,12,0,0,0,0,26.9124,75.7873,0,1
0,0,2,8,0,1,1,2,26.9124,75.7873,1,2
0,0,2,2,0,1,2,3,26.9124,75.7873,2,4
0,0,2,8,0,3,1,0,26.9124,75.7873,1,2
0,1,2,8,4,3,2,0,26.9124,75.7873,3,4
0,0,2,9,0,3,4,2,26.9124,75.7873,1,6
0,1,2,1,2,2,2,0,26.9124,75.7873,0,0
0,1,0,12,2,0,0,1,26.9124,75.7873,1,2
0,0,2,18,0,0,0,1,26.9124,75.7873,3,3
0,0,2,0,4,4,1,0,26.9124,75.7873,3,0
44,0,1,16,2,0,0,0,20.5937,78.9629,0,0
0,1,2,18,0,3,2,2,26.9124,75.7873,0,0
0,0,2,3,0,4,4,0,26.9124,75.7873,2,0
0,0,2,2,2,3,2,0,26.9124,75.7873,1,2
4,0,0,8,3,0,0,3,20.5937,78.9629,2,2
11,0,2,8,0,4,1,0,20.5937,78.9629,1,1
44,1,0,6,0,0,0,3,20.5937,78.9629,3,2
11,0,0,0,0,0,0,2,20.5937,78.9629,2,1
11,1,2,0,1,2,1,0,20.5937,78.9629,2,0
11,0,2,9,0,3,4,0,20.5937,78.9629,0,2
11,0,2,2,0,3,3,0,20.5937,78.9629,0,6
11,0,2,2,4,1,2,0,20.5937,78.9629,1,6
11,1,2,6,4,2,1,2,20.5937,78.9629,1,1
11,1,0,3,0,0,0,1,20.5937,78.9629,1,4
11,1,2,3,4,1,0,0,20.5937,78.9629,1,1
11,0,2,12,0,3,2,3,20.5937,78.9629,3,0
11,0,2,2,0,3,2,1,20.5937,78.9629,1,3
11,1,2,3,0,3,3,3,20.5937,78.9629,1,0
36,1,1,18,0,0,0,2,25.3176,82.9739,0,6
17,0,1,12,0,0,0,3,20.5937,78.9629,3,1
11,1,0,8,0,0,0,0,20.5937,78.9629,0,4
23,1,0,6,3,0,0,0,17.385,78.4867,2,1
11,0,1,6,0,0,0,0,20.5937,78.9629,3,6
11,0,2,6,3,4,1,2,20.5937,78.9629,1,3
11,2,2,2,0,3,1,1,20.5937,78.9629,2,5
11,0,0,0,0,0,0,2,20.5937,78.9629,0,1
11,0,1,12,2,0,0,2,20.5937,78.9629,1,6
11,0,2,18,0,2,4,3,20.5937,78.9629,2,1
11,0,2,3,4,3,1,3,20.5937,78.9629,1,2
11,0,2,6,3,3,3,2,20.5937,78.9629,3,3
11,0,2,3,0,2,3,0,20.5937,78.9629,0,3
11,0,2,14,0,4,4,0,20.5937,78.9629,2,5
11,1,2,0,1,2,1,0,20.5937,78.9629,0,2
11,1,2,6,0,2,4,3,20.5937,78.9629,2,1
11,0,2,8,0,1,2,0,20.5937,78.9629,1,4
30,1,2,12,0,2,4,0,20.5937,78.9629,0,1
30,0,1,2,1,4,3,3,20.5937,78.9629,3,0
30,0,2,6,0,4,3,1,20.5937,78.9629,0,2
30,0,2,6,0,3,4,0,20.5937,78.9629,1,0
30,1,2,8,0,3,3,0,20.5937,78.9629,0,0
4,0,0,14,1,0,0,3,20.5937,78.9629,1,1
30,1,2,12,4,2,4,1,20.5937,78.9629,2,1
30,0,2,12,3,1,3,2,20.5937,78.9629,1,0