Million_Plus_Cities,Age_band_of_driver,Accident_severity,Cause_of_accident,Weather Conditions,Road Type,Road Condition,Lighting Conditions,Latitude,Longitude,Time_Block,Vehicle Type Involved
30,0,2,3,0,3,3,0,20.5937,78.9629,3,3
30,1,2,12,0,3,2,1,20.5937,78.9629,3,5
30,0,2,2,1,2,4,0,20.5937,78.9629,2,4
30,0,1,12,0,3,1,0,20.5937,78.9629,1,1
30,1,2,12,0,4,3,0,20.5937,78.9629,0,6
30,1,0,18,0,0,0,1,20.5937,78.9629,2,4
30,1,1,12,0,2,1,0,20.5937,78.9629,0,1
30,0,2,8,3,3,2,0,20.5937,78.9629,0,0
28,0,0,12,0,0,0,1,20.5937,78.9629,2,4
30,1,0,14,0,0,0,0,20.5937,78.9629,3,3
30,1,2,1,2,4,3,2,20.5937,78.9629,0,5
30,1,1,8,0,0,0,2,20.5937,78.9629,3,4
30,0,0,12,0,0,0,2,20.5937,78.9629,0,6
12,1,0,6,2,0,0,1,28.6139,77.209,0,6
34,1,1,6,0,0,0,1,25.5941,85.1376,0,1
30,0,1,6,1,2,3,1,20.5937,78.9629,3,4
30,0,2,6,1,1,1,2,20.5937,78.9629,1,4
30,2,2,8,0,2,4,3,20.5937,78.9629,0,1
0,1,0,0,1,0,0,2,26.9124,75.7873,0,3
30,1,2,8,3,4,4,2,20.5937,78.9629,0,3
36,2,0,2,1,0,0,3,25.3176,82.9739,0,1
30,0,2,2,0,1,1,0,20.5937,78.9629,1,1
30,1,0,7,0,0,0,0,20.5937,78.9629,1,2
44,0,2,0,0,3,2,3,20.5937,78.9629,1,0
44,0,2,2,0,4,4,2,20.5937,78.9629,1,3
44,0,1,8,1,2,4,2,20.5937,78.9629,1,1
44,1,2,6,1,2,4,0,20.5937,78.9629,3,1
44,2,2,3,0,4,3,3,20.5937,78.9629,0,0
44,0,2,8,2,2,1,1,20.5937,78.9629,1,4
44,0,2,8,3,1,1,0,20.5937,78.9629,0,2
44,2,0,9,0,0,0,0,20.5937,78.9629,3,5
19,1,1,7,2,0,0,2,20.5937,78.9629,3,1
44,0,2,2,0,3,3,0,20.5937,78.9629,2,5
44,0,1,8,0,0,0,2,20.5937,78.9629,3,3
44,0,2,12,1,2,4,0,20.5937,78.9629,0,6
44,2,2,8,0,3,0,0,20.5937,78.9629,2,5
44,0,2,3,0,2,4,3,20.5937,78.9629,0,1
44,2,2,1,0,3,3,0,20.5937,78.9629,0,1
44,0,2,12,0,4,4,0,20.5937,78.9629,1,1
44,0,1,0,0,0,0,0,20.5937,78.9629,0,5
12,1,0,8,0,0,0,0,28.6139,77.209,0,1
44,0,1,1,1,0,0,3,20.5937,78.9629,1,5
9,0,0,12,3,0,0,1,20.5937,78.9629,2,1
44,0,2,12,0,3,3,2,20.5937,78.9629,3,0
44,0,2,0,2,2,2,0,20.5937,78.9629,1,6
44,0,2,12,1,3,2,0,20.5937,78.9629,2,1
16,0,0,14,0,0,0,0,20.5937,78.9629,1,2
44,0,1,2,1,0,0,0,20.5937,78.9629,0,1
44,0,2,8,2,2,0,0,20.5937,78.9629,1,4
44,1,2,8,1,2,2,0,20.5937,78.9629,0,6
44,1,0,3,2,0,0,0,20.5937,78.9629,3,6
17,0,0,18,0,0,0,3,20.5937,78.9629,3,6
45,0,1,3,4,4,3,0,26.4499,80.3319,1,4
45,1,1,2,0,0,0,0,26.4499,80.3319,1,1
6,1,0,0,4,0,0,0,20.5937,78.9629,3,2
45,1,0,8,1,0,0,0,26.4499,80.3319,1,3
12,1,0,3,0,0,0,0,28.6139,77.209,3,3
45,1,2,0,0,2,1,0,26.4499,80.3319,0,4
45,1,2,8,0,4,4,2,26.4499,80.3319,3,3
45,2,2,14,4,1,0,1,26.4499,80.3319,3,3
11,0,0,14,0,0,0,2,20.5937,78.9629,0,4
45,0,2,0,0,2,2,0,26.4499,80.3319,0,6
45,0,2,0,2,4,2,3,26.4499,80.3319,0,0
45,0,2,1,2,2,2,0,26.4499,80.3319,2,2
45,1,0,12,0,0,0,1,26.4499,80.3319,0,5
45,0,0,2,2,0,0,0,26.4499,80.3319,0,1
45,0,2,18,3,0,0,0,26.4499,80.3319,3,1
26,1,1,8,0,0,0,1,12.9716,77.5946,3,0
34,0,1,0,2,0,0,0,25.5941,85.1376,3,1
10,1,0,2,4,0,0,0,20.5937,78.9629,0,4
39,0,0,3,2,0,0,2,20.5937,78.9629,0,0
45,1,1,8,0,4,3,2,26.4499,80.3319,1,1
45,0,1,13,4,0,0,3,26.4499,80.3319,0,4
45,0,2,3,4,4,4,3,26.4499,80.3319,2,1
45,0,1,6,3,2,3,1,26.4499,80.3319,1,1
45,0,1,8,0,2,1,0,26.4499,80.3319,2,6
45,1,2,17,0,3,1,3,26.4499,80.3319,3,4
45,1,2,8,0,2,1,0,26.4499,80.3319,2,0
45,1,2,3,4,3,4,2,26.4499,80.3319,1,4
45,1,1,8,0,0,0,3,26.4499,80.3319,3,6
45,2,2,2,0,2,4,1,26.4499,80.3319,2,1
45,0,2,12,2,1,1,1,26.4499,80.3319,0,5
47,2,2,3,2,2,4,0,20.5937,78.9629,0,6
47,2,0,6,0,0,0,1,20.5937,78.9629,0,2
47,2,2,8,0,3,1,3,20.5937,78.9629,0,0
47,2,2,7,2,4,3,3,20.5937,78.9629,2,1
9,0,0,7,3,0,0,1,20.5937,78.9629,1,5
47,0,2,6,0,1,3,3,20.5937,78.9629,1,1
47,1,2,2,0,3,2,2,20.5937,78.9629,0,0
47,1,2,2,0,4,1,2,20.5937,78.9629,2,4
6,1,1,8,0,0,0,2,20.5937,78.9629,0,6
47,0,2,6,0,3,2,2,20.5937,78.9629,3,1
47,0,2,8,3,2,4,2,20.5937,78.9629,0,5
47,0,1,8,0,3,2,3,20.5937,78.9629,0,6
47,0,2,3,2,3,1,3,20.5937,78.9629,3,0
47,0,2,2,0,3,1,0,20.5937,78.9629,1,1
47,0,2,8,0,3,4,1,20.5937,78.9629,3,1
47,0,2,16,0,2,4,0,20.5937,78.9629,3,5
47,0,2,6,0,3,1,0,20.5937,78.9629,2,0
47,0,2,0,0,2,0,0,20.5937,78.9629,1,1
47,1,2,18,3,4,4,1,20.5937,78.9629,1,2
47,1,2,0,3,4,0,3,20.5937,78.9629,0,1
47,1,2,3,0,1,1,3,20.5937,78.9629,2,0
47,0,2,11,0,1,4,2,20.5937,78.9629,0,2
47,0,0,18,1,0,0,1,20.5937,78.9629,1,6
47,0,1,12,4,4,1,0,20.5937,78.9629,2,1
47,0,2,8,0,4,3,0,20.5937,78.9629,3,4
47,0,2,6,2,0,0,3,20.5937,78.9629,0,3
47,0,0,11,0,0,0,2,20.5937,78.9629,2,5
47,0,2,18,0,2,3,3,20.5937,78.9629,1,3
47,0,2,3,0,2,3,0,20.5937,78.9629,0,4
47,0,2,3,0,3,0,1,20.5937,78.9629,3,1
22,0,2,3,3,4,1,0,20.5937,78.9629,2,5
22,0,2,3,0,0,0,1,20.5937,78.9629,1,3
10,0,0,0,0,0,0,3,20.5937,78.9629,0,2
22,2,0,8,1,0,0,1,20.5937,78.9629,3,1
22,2,1,11,0,1,1,2,20.5937,78.9629,0,6
22,1,0,8,0,0,0,0,20.5937,78.9629,3,6
22,2,2,12,0,1,3,1,20.5937,78.9629,0,1
22,0,2,8,0,1,2,2,20.5937,78.9629,0,1
22,0,2,8,1,1,1,0,20.5937,78.9629,0,3
22,0,2,8,0,3,3,0,20.5937,78.9629,3,0
22,0,2,3,0,1,1,3,20.5937,78.9629,0,0
22,0,2,8,4,0,0,0,20.5937,78.9629,0,5
22,1,2,6,0,3,4,1,20.5937,78.9629,1,1
22,0,2,2,0,4,3,0,20.5937,78.9629,0,3
22,0,2,0,0,3,2,0,20.5937,78.9629,1,5
22,0,2,12,0,4,3,0,20.5937,78.9629,1,3
22,0,2,2,0,2,3,2,20.5937,78.9629,1,5
22,1,2,7,0,4,2,0,20.5937,78.9629,0,3
22,1,2,8,3,1,4,0,20.5937,78.9629,0,5
22,0,2,8,4,1,1,0,20.5937,78.9629,1,2
22,1,2,16,2,3,3,0,20.5937,78.9629,0,1
22,0,2,8,0,0,0,3,20.5937,78.9629,0,1
22,0,0,19,0,0,0,2,20.5937,78.9629,1,3
35,0,0,0,0,0,0,3,18.5204,73.8567,1,3
22,0,1,7,0,3,1,0,20.5937,78.9629,0,2
22,0,2,2,0,3,4,3,20.5937,78.9629,2,1
0,0,0,2,0,0,0,0,26.9124,75.7873,3,6
22,0,0,9,0,0,0,0,20.5937,78.9629,1,6
22,0,2,8,0,3,4,0,20.5937,78.9629,2,5
22,0,2,3,4,3,4,0,20.5937,78.9629,1,1
7,0,0,3,0,0,0,0,22.5726,88.3639,2,6
34,1,0,0,0,0,0,2,25.5941,85.1376,1,1
7,0,2,13,0,0,0,3,22.5726,88.3639,1,3
7,0,2,2,0,2,1,3,22.5726,88.3639,1,1
7,0,1,3,0,0,0,2,22.5726,88.3639,0,2
28,2,1,8,4,0,0,2,20.5937,78.9629,1,5
7,0,1,3,1,4,2,0,22.5726,88.3639,3,1
7,0,1,3,2,1,0,0,22.5726,88.3639,0,1
7,0,1,8,0,2,4,1,22.5726,88.3639,3,1
7,0,1,3,0,2,2,0,22.5726,88.3639,1,1
7,1,0,12,0,0,0,0,22.5726,88.3639,1,0
7,1,1,12,0,3,4,2,22.5726,88.3639,3,0
7,1,1,3,2,3,3,0,22.5726,88.3639,0,3
7,0,2,16,0,4,2,0,22.5726,88.3639,0,6
15,2,1,3,3,0,0,0,20.5937,78.9629,3,1
7,1,2,0,3,1,2,0,22.5726,88.3639,1,1
7,0,1,8,0,2,3,3,22.5726,88.3639,1,3
7,0,1,16,0,1,2,1,22.5726,88.3639,1,2
6,1,1,12,4,0,0,3,20.5937,78.9629,0,4
7,0,1,3,4,2,1,0,22.5726,88.3639,0,6
17,0,0,13,0,0,0,1,20.5937,78.9629,0,5
7,0,1,2,1,4,1,0,22.5726,88.3639,1,1
7,1,2,12,0,4,3,1,22.5726,88.3639,0,5
7,1,2,8,4,3,1,3,22.5726,88.3639,0,4
21,1,1,0,0,0,0,2,20.5937,78.9629,0,4
7,0,2,7,0,2,4,0,22.5726,88.3639,0,6
7,1,2,0,0,2,3,1,22.5726,88.3639,0,3
7,0,2,3,0,1,2,1,22.5726,88.3639,1,3
7,0,2,8,0,2,1,0,22.5726,88.3639,1,6
7,1,2,19,1,3,1,0,22.5726,88.3639,1,4
33,2,2,3,2,4,3,0,20.5937,78.9629,3,1
33,2,2,12,0,1,4,3,20.5937,78.9629,3,2
33,1,2,14,0,4,2,0,20.5937,78.9629,0,5
33,2,0,3,0,0,0,3,20.5937,78.9629,0,6
33,1,2,3,0,1,1,2,20.5937,78.9629,0,0
33,0,2,12,4,4,2,1,20.5937,78.9629,2,3
33,2,2,2,2,3,4,0,20.5937,78.9629,3,1
33,0,0,6,0,0,0,1,20.5937,78.9629,0,5
33,1,1,12,0,2,2,1,20.5937,78.9629,1,1
33,1,0,3,4,0,0,3,20.5937,78.9629,2,0
33,0,1,12,0,4,4,0,20.5937,78.9629,3,5
33,0,0,18,0,0,0,2,20.5937,78.9629,1,2
40,0,1,8,3,0,0,0,20.5937,78.9629,3,3
33,0,2,2,1,1,2,2,20.5937,78.9629,2,0
33,0,1,6,1,2,4,2,20.5937,78.9629,1,0
33,1,2,0,4,4,4,1,20.5937,78.9629,0,5
33,0,2,0,4,3,0,2,20.5937,78.9629,0,1
33,1,0,8,0,0,0,0,20.5937,78.9629,1,4
33,1,2,3,0,2,2,2,20.5937,78.9629,1,6
33,0,2,3,0,4,3,2,20.5937,78.9629,0,3
33,2,2,0,0,2,2,0,20.5937,78.9629,3,0
33,0,2,12,0,2,1,0,20.5937,78.9629,3,3
33,0,2,18,1,1,1,0,20.5937,78.9629,2,2
24,0,0,8,0,0,0,1,20.5937,78.9629,0,4
33,0,0,8,0,0,0,0,20.5937,78.9629,2,2
33,0,2,6,1,2,4,0,20.5937,78.9629,0,5
33,0,2,14,3,2,3,1,20.5937,78.9629,3,0
12,0,0,6,0,0,0,0,28.6139,77.209,2,1
33,0,0,6,1,0,0,0,20.5937,78.9629,0,0
33,0,2,6,3,1,4,1,20.5937,78.9629,3,0
16,1,2,8,3,2,2,3,20.5937,78.9629,2,3
16,1,2,0,4,1,4,2,20.5937,78.9629,2,0
16,1,1,3,0,0,0,0,20.5937,78.9629,1,2
16,0,2,12,0,2,4,3,20.5937,78.9629,1,0
16,1,0,2,0,0,0,2,20.5937,78.9629,1,4
16,0,1,8,2,2,2,0,20.5937,78.9629,3,6
16,0,0,3,2,0,0,3,20.5937,78.9629,1,3
16,0,2,18,0,2,1,0,20.5937,78.9629,0,6
16,0,2,8,0,3,0,1,20.5937,78.9629,0,6
16,1,2,16,2,1,2,0,20.5937,78.9629,2,5
16,0,1,8,0,1,4,0,20.5937,78.9629,2,4
16,0,0,3,3,0,0,0,20.5937,78.9629,2,4
43,0,0,6,0,0,0,0,20.5937,78.9629,3,0
16,2,0,3,0,0,0,0,20.5937,78.9629,1,1
16,2,2,2,3,1,1,0,20.5937,78.9629,1,2
43,0,1,8,0,0,0,0,20.5937,78.9629,2,1
16,0,2,7,0,3,2,0,20.5937,78.9629,3,4
13,0,0,12,0,0,0,0,20.5937,78.9629,2,0
16,0,0,8,0,0,0,0,20.5937,78.9629,0,2
16,1,0,12,0,0,0,3,20.5937,78.9629,0,1
16,1,0,12,2,0,0,0,20.5937,78.9629,0,1
16,0,2,0,3,3,3,1,20.5937,78.9629,1,4
16,2,2,1,3,4,3,0,20.5937,78.9629,1,5
16,0,2,6,0,1,1,2,20.5937,78.9629,0,5
16,0,2,6,0,2,4,2,20.5937,78.9629,2,6
16,1,2,2,0,1,2,2,20.5937,78.9629,3,2
16,1,2,6,0,1,4,1,20.5937,78.9629,1,2
16,1,2,8,4,1,1,0,20.5937,78.9629,1,6
16,0,2,0,4,3,2,2,20.5937,78.9629,2,1
16,2,2,3,0,4,0,1,20.5937,78.9629,1,4
31,0,2,8,0,0,0,0,26.8467,80.9462,1,6
31,1,2,1,4,4,2,1,26.8467,80.9462,0,1
25,0,1,8,0,0,0,2,20.5937,78.9629,1,5
0,0,0,2,0,0,0,0,26.9124,75.7873,3,6
31,1,2,18,0,3,2,2,26.8467,80.9462,1,3
31,0,2,8,4,3,4,0,26.8467,80.9462,1,2
31,0,2,8,0,4,1,3,26.8467,80.9462,1,6
31,0,2,3,0,1,2,1,26.8467,80.9462,3,1
31,0,2,2,1,4,1,0,26.8467,80.9462,3,1
31,2,2,0,0,1,2,1,26.8467,80.9462,0,2
31,0,2,8,3,4,0,0,26.8467,80.9462,0,1
20,0,0,8,2,0,0,1,20.5937,78.9629,1,2
31,0,2,12,0,3,1,0,26.8467,80.9462,3,1
31,0,0,0,4,0,0,0,26.8467,80.9462,3,2
31,0,1,8,3,0,0,0,26.8467,80.9462,2,4
31,0,1,3,4,2,0,0,26.8467,80.9462,1,5
31,0,1,12,0,0,0,0,26.8467,80.9462,3,6
31,0,0,14,0,0,0,2,26.8467,80.9462,3,2
31,0,2,3,0,4,4,0,26.8467,80.9462,0,6
31,0,0,12,0,0,0,3,26.8467,80.9462,1,2
31,0,2,3,4,4,3,1,26.8467,80.9462,1,1
31,2,0,6,0,0,0,0,26.8467,80.9462,1,3
31,0,2,3,0,1,3,2,26.8467,80.9462,1,2
31,2,2,17,0,2,3,0,26.8467,80.9462,0,0
4,1,1,6,0,0,0,3,20.5937,78.9629,1,5
31,1,2,13,0,2,0,0,26.8467,80.9462,0,3
31,1,0,8,3,0,0,0,26.8467,80.9462,1,4
31,0,2,8,0,2,4,3,26.8467,80.9462,1,5
31,1,0,12,0,0,0,0,26.8467,80.9462,1,4
31,0,2,12,0,2,4,0,26.8467,80.9462,0,5
43,0,2,0,0,2,4,0,20.5937,78.9629,1,4
43,1,2,8,0,1,3,0,20.5937,78.9629,3,6
43,2,1,3,0,0,0,0,20.5937,78.9629,3,4
43,0,2,1,4,1,2,1,20.5937,78.9629,2,6
43,0,2,8,4,2,1,0,20.5937,78.9629,1,4
43,1,2,1,4,1,0,0,20.5937,78.9629,0,6
43,1,2,0,2,4,4,3,20.5937,78.9629,3,5
43,0,2,8,0,4,4,3,20.5937,78.9629,2,1
43,1,2,8,4,4,1,2,20.5937,78.9629,3,6
11,1,0,6,0,0,0,0,20.5937,78.9629,1,5
43,0,1,6,0,0,0,0,20.5937,78.9629,1,0
43,0,1,2,4,3,3,2,20.5937,78.9629,0,1
28,0,0,8,4,0,0,3,20.5937,78.9629,0,5
43,1,2,18,0,2,3,1,20.5937,78.9629,1,2
43,0,0,2,0,0,0,2,20.5937,78.9629,0,1
43,1,2,3,4,3,2,3,20.5937,78.9629,1,3
43,0,2,14,0,3,4,0,20.5937,78.9629,0,4
43,0,1,13,0,4,1,0,20.5937,78.9629,2,5
43,1,1,1,0,2,3,3,20.5937,78.9629,3,0
43,2,1,3,1,0,0,1,20.5937,78.9629,0,1
43,2,2,3,0,4,4,0,20.5937,78.9629,2,1
43,1,1,0,0,0,0,0,20.5937,78.9629,3,1
43,0,1,0,0,2,4,1,20.5937,78.9629,2,2
43,0,2,2,0,1,3,0,20.5937,78.9629,1,6
43,2,2,0,0,4,4,1,20.5937,78.9629,0,2
43,1,2,8,0,4,3,1,20.5937,78.9629,0,6
43,2,2,0,0,4,2,0,20.5937,78.9629,2,6
43,1,2,3,0,4,4,3,20.5937,78.9629,1,5
6,1,0,2,4,0,0,2,20.5937,78.9629,1,2
43,0,2,6,0,1,4,2,20.5937,78.9629,1,0
19,0,2,8,0,3,2,0,20.5937,78.9629,0,3
19,2,0,6,1,0,0,0,20.5937,78.9629,2,1
19,0,1,18,3,4,4,0,20.5937,78.9629,3,2
19,1,1,3,1,2,0,0,20.5937,78.9629,0,3
19,2,1,8,3,2,2,1,20.5937,78.9629,0,0
19,0,2,8,0,1,1,2,20.5937,78.9629,3,0
19,0,2,2,0,4,0,0,20.5937,78.9629,2,4
19,0,2,3,0,3,2,0,20.5937,78.9629,1,0
32,1,0,3,0,0,0,3,20.5937,78.9629,3,3
19,2,2,18,0,2,1,3,20.5937,78.9629,1,6
19,2,2,0,2,1,4,0,20.5937,78.9629,3,3
19,0,0,2,1,0,0,3,20.5937,78.9629,2,0
28,0,0,7,4,0,0,0,20.5937,78.9629,3,2
19,1,2,8,0,3,4,2,20.5937,78.9629,0,2
0,1,0,8,0,0,0,0,26.9124,75.7873,1,2
19,0,2,2,0,2,0,0,20.5937,78.9629,1,0
17,0,0,3,0,0,0,1,20.5937,78.9629,0,0
19,0,1,12,1,2,4,0,20.5937,78.9629,1,0
19,0,1,8,1,0,0,0,20.5937,78.9629,1,6
19,1,2,2,0,0,0,1,20.5937,78.9629,0,4
19,0,2,0,0,4,2,2,20.5937,78.9629,3,0
19,2,2,8,2,3,2,0,20.5937,78.9629,1,0
19,2,2,7,1,0,0,3,20.5937,78.9629,3,3
19,0,2,2,0,3,1,1,20.5937,78.9629,0,2
19,0,0,8,0,0,0,0,20.5937,78.9629,2,2
19,0,1,12,3,0,0,0,20.5937,78.9629,1,6
19,1,2,6,3,2,3,0,20.5937,78.9629,0,0
19,1,2,3,3,2,3,0,20.5937,78.9629,2,4
19,0,2,0,1,0,0,2,20.5937,78.9629,0,0
19,1,2,6,1,4,4,2,20.5937,78.9629,1,6
3,1,2,7,3,1,2,0,20.5937,78.9629,2,1
3,1,2,2,2,4,1,2,20.5937,78.9629,0,1
3,1,2,2,2,3,1,1,20.5937,78.9629,3,6
3,0,0,18,0,0,0,0,20.5937,78.9629,0,2
3,1,2,0,0,1,4,0,20.5937,78.9629,1,4
3,0,2,3,4,3,4,2,20.5937,78.9629,0,5
3,0,2,3,0,4,1,0,20.5937,78.9629,0,5
3,2,1,8,0,3,3,3,20.5937,78.9629,2,3
3,0,1,0,0,2,1,3,20.5937,78.9629,1,2
3,0,2,8,1,2,3,0,20.5937,78.9629,1,6
3,1,2,12,0,3,3,1,20.5937,78.9629,3,6
3,0,2,7,0,0,0,3,20.5937,78.9629,3,5
3,0,2,6,0,2,3,1,20.5937,78.9629,3,3
3,1,0,0,4,0,0,0,20.5937,78.9629,2,2
3,0,2,3,0,1,1,0,20.5937,78.9629,1,6
10,0,1,8,2,0,0,2,20.5937,78.9629,2,1
3,0,2,12,3,4,1,3,20.5937,78.9629,1,6
3,0,2,2,4,2,1,3,20.5937,78.9629,0,1
3,0,2,0,1,3,4,1,20.5937,78.9629,1,0
3,1,2,8,0,0,0,2,20.5937,78.9629,0,4
3,1,2,3,4,2,1,0,20.5937,78.9629,0,6
3,1,2,6,0,3,2,1,20.5937,78.9629,3,1
3,0,2,9,0,2,4,0,20.5937,78.9629,1,3
3,0,2,8,4,3,3,0,20.5937,78.9629,0,2
28,0,1,8,2,0,0,0,20.5937,78.9629,1,4
3,1,2,2,1,3,2,2,20.5937,78.9629,0,5
3,0,2,6,3,3,2,0,20.5937,78.9629,0,5
3,0,2,12,4,1,4,0,20.5937,78.9629,0,2
3,1,2,3,2,1,1,3,20.5937,78.9629,2,0
3,2,0,8,1,0,0,0,20.5937,78.9629,1,1
13,0,2,3,0,3,4,1,20.5937,78.9629,2,0
32,2,0,8,0,0,0,3,20.5937,78.9629,0,6
13,1,2,18,4,4,2,1,20.5937,78.9629,3,4
13,1,2,2,0,3,2,0,20.5937,78.9629,1,5
16,0,1,9,0,0,0,0,20.5937,78.9629,0,2
47,2,1,4,0,0,0,2,20.5937,78.9629,2,6
13,1,2,12,0,2,1,2,20.5937,78.9629,1,6
13,1,0,1,0,0,0,0,20.5937,78.9629,0,0
13,0,2,8,0,1,1,1,20.5937,78.9629,3,2
13,0,2,16,0,3,0,0,20.5937,78.9629,1,2
13,0,2,12,0,1,3,0,20.5937,78.9629,1,6
13,1,1,7,0,2,0,2,20.5937,78.9629,1,6
13,0,1,8,1,3,4,0,20.5937,78.9629,2,2
13,0,0,6,0,0,0,0,20.5937,78.9629,1,3
13,1,0,9,4,0,0,0,20.5937,78.9629,1,6
13,0,2,7,1,3,4,3,20.5937,78.9629,0,4
13,0,2,3,1,3,3,0,20.5937,78.9629,1,2
13,2,1,0,0,0,0,0,20.5937,78.9629,0,2
13,0,2,2,3,3,1,0,20.5937,78.9629,0,2
13,0,2,8,3,2,2,2,20.5937,78.9629,0,1
37,0,1,12,1,0,0,0,20.5937,78.9629,3,2
13,0,2,18,1,4,2,2,20.5937,78.9629,2,1
13,0,0,12,3,0,0,3,20.5937,78.9629,3,2
13,0,2,12,2,4,3,0,20.5937,78.9629,1,6
13,0,2,3,4,4,1,0,20.5937,78.9629,2,0
13,0,2,8,2,0,0,0,20.5937,78.9629,1,5
13,0,2,12,2,1,2,3,20.5937,78.9629,3,3
13,1,2,7,1,1,1,2,20.5937,78.9629,1,2
13,1,2,8,3,2,4,1,20.5937,78.9629,0,5
13,0,2,0,2,3,4,0,20.5937,78.9629,2,5
2,1,2,0,3,2,4,0,19.076,72.8777,0,1
2,0,1,6,0,4,2,0,19.076,72.8777,3,4
2,0,2,8,1,4,3,2,19.076,72.8777,0,4
2,0,0,0,2,0,0,3,19.076,72.8777,3,5
2,1,1,3,2,0,0,0,19.076,72.8777,0,2
2,1,2,0,0,2,3,0,19.076,72.8777,1,0
2,1,0,3,4,0,0,1,19.076,72.8777,0,0
2,1,2,12,0,4,1,0,19.076,72.8777,1,2
2,1,0,3,4,0,0,0,19.076,72.8777,1,1
2,0,0,8,0,0,0,0,19.076,72.8777,1,4
2,0,0,0,3,0,0,0,19.076,72.8777,1,6
18,1,1,12,1,0,0,0,21.1702,72.8311,3,2
2,0,2,8,0,4,0,0,19.076,72.8777,2,1
2,0,2,6,0,2,4,0,19.076,72.8777,2,1
2,0,2,3,3,4,1,3,19.076,72.8777,1,1
49,0,1,0,4,0,0,0,20.5937,78.9629,1,1
2,0,1,18,1,4,1,1,19.076,72.8777,3,1
2,1,1,3,3,3,4,0,19.076,72.8777,0,5
2,2,1,6,3,2,1,0,19.076,72.8777,1,3
2,0,1,2,0,2,2,2,19.076,72.8777,2,6
23,0,0,12,0,0,0,0,17.385,78.4867,2,5
2,0,1,7,0,1,2,0,19.076,72.8777,2,1
2,1,2,7,2,2,4,0,19.076,72.8777,1,0
48,2,0,3,3,0,0,0,20.5937,78.9629,0,0
2,0,2,19,0,4,3,0,19.076,72.8777,1,6
2,1,2,2,0,4,3,0,19.076,72.8777,2,1
2,1,2,2,2,0,0,1,19.076,72.8777,1,4
1,0,1,14,0,0,0,2,27.1767,78.0081,0,1
2,1,0,2,1,0,0,0,19.076,72.8777,2,5
2,0,0,18,0,0,0,0,19.076,72.8777,1,1
46,0,2,7,2,4,3,1,20.5937,78.9629,3,5
46,0,1,2,3,4,2,0,20.5937,78.9629,0,6
46,0,1,0,0,2,3,0,20.5937,78.9629,0,4
46,0,0,8,0,0,0,0,20.5937,78.9629,3,5
46,1,2,3,1,3,4,0,20.5937,78.9629,0,2
46,0,2,6,0,0,0,1,20.5937,78.9629,1,5
46,0,2,0,1,4,4,0,20.5937,78.9629,0,5
46,0,2,1,0,1,1,3,20.5937,78.9629,3,2
45,0,0,2,2,0,0,0,26.4499,80.3319,2,2
46,0,2,3,3,4,4,3,20.5937,78.9629,3,6
49,0,1,1,0,0,0,2,20.5937,78.9629,3,1
46,0,2,4,0,3,1,0,20.5937,78.9629,0,1
46,0,1,5,4,2,2,1,20.5937,78.9629,1,1
46,0,2,6,0,2,3,3,20.5937,78.9629,2,3
40,0,0,3,2,0,0,2,20.5937,78.9629,0,6
46,2,1,0,0,2,0,0,20.5937,78.9629,0,6
46,0,1,2,1,1,1,0,20.5937,78.9629,1,6
46,0,2,7,3,2,0,0,20.5937,78.9629,3,5
46,0,2,8,1,1,3,2,20.5937,78.9629,0,2
46,0,2,6,0,3,1,3,20.5937,78.9629,0,5
46,0,2,8,1,3,3,1,20.5937,78.9629,1,1
46,0,2,8,0,2,0,1,20.5937,78.9629,0,1
46,0,2,0,0,3,4,0,20.5937,78.9629,3,1
46,1,0,3,0,0,0,0,20.5937,78.9629,0,1
49,0,0,7,3,0,0,2,20.5937,78.9629,1,0
49,0,0,0,0,0,0,0,20.5937,78.9629,0,5
46,0,2,9,0,2,4,1,20.5937,78.9629,3,3
46,0,2,1,0,0,0,0,20.5937,78.9629,2,4
46,0,2,4,0,4,4,0,20.5937,78.9629,1,0
46,0,2,3,1,1,3,3,20.5937,78.9629,0,1
27,0,2,10,0,0,0,0,20.5937,78.9629,0,0
27,2,1,5,0,0,0,0,20.5937,78.9629,0,2
27,0,2,2,3,1,3,0,20.5937,78.9629,0,5
28,1,0,3,4,0,0,1,20.5937,78.9629,1,6
27,1,0,7,0,0,0,0,20.5937,78.9629,1,4
27,0,1,11,3,2,1,0,20.5937,78.9629,0,1
27,2,2,2,1,2,1,2,20.5937,78.9629,1,5
27,0,2,6,0,3,1,0,20.5937,78.9629,2,0
27,0,2,3,0,1,3,1,20.5937,78.9629,2,0
27,2,0,8,0,0,0,0,20.5937,78.9629,0,4
27,0,2,7,0,1,2,0,20.5937,78.9629,1,2
14,1,1,8,0,0,0,3,13.0827,80.2707,0,6
27,0,1,6,0,0,0,3,20.5937,78.9629,1,2