Million_Plus_Cities,Age_band_of_driver,Accident_severity,Cause_of_accident,Weather Conditions,Road Type,Road Condition,Lighting Conditions,Latitude,Longitude,Time_Block,Vehicle Type Involved
33,2,0,5,0,0,0,0,20.5937,78.9629,0,3
39,0,0,12,0,0,0,0,20.5937,78.9629,2,0
27,2,2,2,2,3,0,0,20.5937,78.9629,3,0
27,2,0,12,0,0,0,1,20.5937,78.9629,1,4
46,0,0,2,3,0,0,3,20.5937,78.9629,0,5
27,1,0,6,0,0,0,0,20.5937,78.9629,0,5
27,0,0,8,1,0,0,3,20.5937,78.9629,0,5
13,0,0,3,0,0,0,0,20.5937,78.9629,2,3
27,0,2,3,1,3,3,0,20.5937,78.9629,1,5
27,1,2,13,2,0,0,0,20.5937,78.9629,2,1
27,0,2,8,0,1,3,2,20.5937,78.9629,2,5
46,0,0,3,2,0,0,3,20.5937,78.9629,2,0
27,1,0,2,0,0,0,3,20.5937,78.9629,1,6
27,0,2,9,2,3,4,3,20.5937,78.9629,3,1
27,1,2,5,0,3,1,2,20.5937,78.9629,2,1
27,0,2,5,0,4,2,0,20.5937,78.9629,1,5
27,1,2,8,0,3,3,0,20.5937,78.9629,0,1
34,1,2,6,0,0,0,0,25.5941,85.1376,3,6
34,0,1,1,0,0,0,0,25.5941,85.1376,2,3
34,1,0,7,0,0,0,0,25.5941,85.1376,3,0
34,2,2,8,0,4,0,1,25.5941,85.1376,2,1
34,2,2,3,0,4,1,0,25.5941,85.1376,0,5
8,0,0,12,0,0,0,0,20.5937,78.9629,3,0
34,2,2,3,3,4,3,1,25.5941,85.1376,0,1
34,0,2,1,2,2,1,1,25.5941,85.1376,0,0
34,2,0,5,2,0,0,0,25.5941,85.1376,2,3
34,0,0,14,1,0,0,0,25.5941,85.1376,3,6
34,0,2,13,4,2,3,1,25.5941,85.1376,0,1
34,0,2,15,0,2,3,0,25.5941,85.1376,1,1
34,0,2,3,0,0,0,1,25.5941,85.1376,3,6
1,1,0,8,3,0,0,2,27.1767,78.0081,0,6
34,0,2,5,0,1,3,0,25.5941,85.1376,0,3
34,2,2,6,2,2,2,0,25.5941,85.1376,1,5
34,0,2,2,0,3,2,0,25.5941,85.1376,1,1
36,0,0,7,0,0,0,0,25.3176,82.9739,2,4
6,0,0,1,0,0,0,3,20.5937,78.9629,1,1
34,0,2,12,3,0,0,0,25.5941,85.1376,0,0
34,0,2,6,2,3,2,3,25.5941,85.1376,0,3
34,0,2,7,0,4,3,0,25.5941,85.1376,1,1
27,0,0,3,3,0,0,0,20.5937,78.9629,3,4
34,0,2,12,0,1,4,0,25.5941,85.1376,1,1
34,2,2,3,0,4,2,0,25.5941,85.1376,0,6
34,0,2,3,0,2,3,0,25.5941,85.1376,3,1
34,0,2,2,0,3,1,0,25.5941,85.1376,0,3
34,0,2,16,0,4,1,0,25.5941,85.1376,3,1
34,0,2,12,4,2,1,2,25.5941,85.1376,1,2
2,0,0,8,0,0,0,3,19.076,72.8777,2,6
35,0,2,12,0,2,0,0,18.5204,73.8567,1,2
35,0,1,2,3,4,2,0,18.5204,73.8567,2,1
35,2,1,6,2,3,2,0,18.5204,73.8567,1,2
35,0,2,3,3,1,1,3,18.5204,73.8567,1,0
35,0,2,8,3,1,1,0,18.5204,73.8567,3,1
35,1,2,0,0,1,4,3,18.5204,73.8567,0,6
35,0,2,0,4,3,4,3,18.5204,73.8567,1,2
39,0,0,8,3,0,0,1,20.5937,78.9629,3,1
35,1,0,8,0,0,0,1,18.5204,73.8567,1,1
35,0,0,8,0,0,0,0,18.5204,73.8567,0,3
35,0,2,7,0,1,4,0,18.5204,73.8567,2,1
35,0,2,12,0,4,1,0,18.5204,73.8567,1,6
35,2,2,3,0,4,1,0,18.5204,73.8567,0,0
35,0,2,2,4,2,3,1,18.5204,73.8567,3,1
35,2,2,12,2,2,4,0,18.5204,73.8567,0,0
35,1,2,12,0,1,3,0,18.5204,73.8567,2,2
32,0,0,8,0,0,0,2,20.5937,78.9629,0,4
35,0,2,5,0,1,3,3,18.5204,73.8567,3,6
35,0,2,3,0,4,1,3,18.5204,73.8567,0,1
35,0,2,3,0,3,3,1,18.5204,73.8567,0,0
35,2,2,8,0,3,4,0,18.5204,73.8567,0,0
35,0,2,8,0,1,0,0,18.5204,73.8567,2,4
35,0,0,16,1,0,0,2,18.5204,73.8567,1,5
35,0,2,13,0,2,3,0,18.5204,73.8567,1,1
35,1,1,6,2,2,1,0,18.5204,73.8567,2,3
11,0,1,7,0,0,0,3,20.5937,78.9629,0,4
35,0,2,6,0,2,1,2,18.5204,73.8567,3,1
35,1,2,5,0,2,3,2,18.5204,73.8567,3,2
28,1,0,5,3,0,0,2,20.5937,78.9629,0,2
35,1,2,0,4,3,0,3,18.5204,73.8567,1,2
43,0,0,8,0,0,0,0,20.5937,78.9629,2,1
6,0,2,0,1,1,2,2,20.5937,78.9629,0,0
6,0,2,6,3,2,3,1,20.5937,78.9629,0,6
6,1,2,12,3,3,2,3,20.5937,78.9629,0,6
6,0,2,8,2,3,4,0,20.5937,78.9629,0,2
6,0,2,5,0,4,2,0,20.5937,78.9629,0,3
27,0,1,3,0,0,0,0,20.5937,78.9629,0,3
6,2,2,8,0,1,4,0,20.5937,78.9629,0,0
6,0,2,12,3,4,3,0,20.5937,78.9629,0,2
6,0,2,8,2,4,1,3,20.5937,78.9629,2,3
6,1,2,6,0,2,1,0,20.5937,78.9629,1,5
6,1,2,3,0,4,2,0,20.5937,78.9629,0,4
6,0,2,7,2,3,2,0,20.5937,78.9629,3,0
6,1,2,6,4,2,2,0,20.5937,78.9629,0,1
6,1,2,2,0,0,0,3,20.5937,78.9629,3,2
6,2,2,17,0,4,1,0,20.5937,78.9629,3,6
6,0,2,14,0,3,2,0,20.5937,78.9629,3,5
6,1,2,12,0,1,4,0,20.5937,78.9629,3,5
6,0,2,14,0,1,1,0,20.5937,78.9629,0,1
26,1,0,12,4,0,0,0,12.9716,77.5946,1,1
4,0,0,7,0,0,0,0,20.5937,78.9629,0,2
6,0,0,12,0,0,0,0,20.5937,78.9629,0,6
47,1,1,3,4,0,0,1,20.5937,78.9629,0,1
29,0,0,0,0,0,0,0,20.5937,78.9629,1,0
6,1,0,12,2,0,0,2,20.5937,78.9629,0,0
6,1,2,3,3,1,4,2,20.5937,78.9629,0,2
6,2,2,12,4,2,2,0,20.5937,78.9629,3,6
6,0,2,12,2,2,3,0,20.5937,78.9629,2,1
6,0,2,12,0,1,3,0,20.5937,78.9629,0,6
6,0,2,3,4,3,1,0,20.5937,78.9629,2,1
49,0,2,3,1,1,4,1,20.5937,78.9629,1,4
49,0,0,12,4,0,0,0,20.5937,78.9629,0,1
49,2,2,1,3,0,0,0,20.5937,78.9629,0,4
49,0,2,3,0,4,3,3,20.5937,78.9629,1,4
49,0,2,8,2,3,1,0,20.5937,78.9629,1,6
36,0,0,5,1,0,0,3,25.3176,82.9739,1,5
49,1,1,3,4,2,1,2,20.5937,78.9629,2,3
49,0,1,3,4,4,0,0,20.5937,78.9629,1,6
49,0,1,1,3,2,3,0,20.5937,78.9629,1,2
49,0,1,5,0,0,0,2,20.5937,78.9629,1,0
49,1,2,14,0,1,0,0,20.5937,78.9629,0,2
49,0,2,1,2,1,2,0,20.5937,78.9629,3,6
49,0,2,6,1,1,3,3,20.5937,78.9629,0,0
49,2,2,0,2,1,1,1,20.5937,78.9629,2,1
49,1,2,5,1,1,2,0,20.5937,78.9629,1,3
49,0,0,6,0,0,0,0,20.5937,78.9629,2,4
49,0,0,7,0,0,0,3,20.5937,78.9629,1,2
49,0,0,3,1,0,0,0,20.5937,78.9629,0,2
49,0,2,3,4,1,1,0,20.5937,78.9629,0,6
49,0,0,3,0,0,0,2,20.5937,78.9629,2,6
49,0,1,14,0,0,0,0,20.5937,78.9629,1,5
49,1,2,2,1,1,0,2,20.5937,78.9629,3,2
49,2,2,0,0,1,1,0,20.5937,78.9629,0,5
49,0,1,13,0,3,1,2,20.5937,78.9629,1,6
49,0,2,0,0,1,0,3,20.5937,78.9629,3,3
49,1,2,8,4,3,3,1,20.5937,78.9629,1,3
30,0,1,5,1,0,0,2,20.5937,78.9629,0,4
49,2,2,6,3,1,4,3,20.5937,78.9629,0,4
49,0,2,3,0,4,0,1,20.5937,78.9629,3,5
49,0,2,5,0,2,1,0,20.5937,78.9629,0,3
15,0,2,8,3,4,2,0,20.5937,78.9629,0,1
15,0,2,12,0,3,3,3,20.5937,78.9629,1,4
15,0,2,8,0,1,4,0,20.5937,78.9629,1,6
27,0,1,0,1,0,0,3,20.5937,78.9629,2,1
15,2,1,8,4,4,4,3,20.5937,78.9629,2,1
15,2,1,0,0,1,1,0,20.5937,78.9629,0,3
15,1,2,7,0,1,2,0,20.5937,78.9629,1,2
15,0,0,2,3,0,0,2,20.5937,78.9629,1,1
31,0,0,8,0,0,0,1,26.8467,80.9462,1,4
15,0,2,5,0,3,1,3,20.5937,78.9629,1,0
15,0,2,8,3,2,3,0,20.5937,78.9629,0,0
15,1,2,7,4,1,3,0,20.5937,78.9629,0,0
15,0,2,0,0,3,3,0,20.5937,78.9629,3,6
15,0,2,7,0,3,1,1,20.5937,78.9629,3,2
15,2,2,8,0,1,2,2,20.5937,78.9629,0,0
38,0,0,7,0,0,0,0,20.5937,78.9629,0,1
31,0,0,12,3,0,0,2,26.8467,80.9462,1,1
15,1,2,9,0,2,3,2,20.5937,78.9629,2,1
15,1,2,12,0,1,3,3,20.5937,78.9629,0,1
15,0,2,2,0,3,2,3,20.5937,78.9629,0,5
15,0,1,6,1,0,0,0,20.5937,78.9629,2,5
15,0,2,3,3,4,1,1,20.5937,78.9629,3,0
15,0,1,3,4,1,1,3,20.5937,78.9629,1,6
9,2,1,8,0,0,0,0,20.5937,78.9629,2,1
15,0,2,8,0,3,0,2,20.5937,78.9629,3,1
15,0,2,2,4,1,3,0,20.5937,78.9629,3,5
49,0,0,3,3,0,0,1,20.5937,78.9629,1,5
15,2,0,6,3,0,0,0,20.5937,78.9629,1,3
15,0,2,2,1,1,3,3,20.5937,78.9629,1,2
15,0,2,6,0,4,3,1,20.5937,78.9629,0,1
18,0,2,0,0,4,2,0,21.1702,72.8311,2,1
18,0,2,17,0,2,1,1,21.1702,72.8311,0,0
18,0,2,8,0,4,0,1,21.1702,72.8311,1,3
18,0,2,8,0,2,1,3,21.1702,72.8311,0,6
18,2,2,8,0,1,0,3,21.1702,72.8311,2,1
19,1,0,2,1,0,0,2,20.5937,78.9629,2,0
18,1,2,6,2,1,3,3,21.1702,72.8311,1,0
18,1,2,13,3,4,4,2,21.1702,72.8311,3,5
18,1,2,1,4,2,3,0,21.1702,72.8311,0,4
0,0,0,5,0,0,0,0,26.9124,75.7873,3,1
18,0,2,2,0,4,4,0,21.1702,72.8311,2,1
18,0,2,7,0,2,0,3,21.1702,72.8311,0,3
18,2,2,2,0,1,2,3,21.1702,72.8311,1,1
18,0,2,8,1,1,0,3,21.1702,72.8311,3,1
18,1,2,0,1,2,4,0,21.1702,72.8311,0,6
18,0,2,2,0,1,2,1,21.1702,72.8311,0,6
18,0,1,5,1,1,2,1,21.1702,72.8311,0,2
18,0,1,8,0,4,3,0,21.1702,72.8311,0,5
18,0,2,0,0,3,3,0,21.1702,72.8311,3,4
18,0,0,8,3,0,0,3,21.1702,72.8311,3,0
18,2,1,2,0,4,2,2,21.1702,72.8311,3,5
9,0,1,2,4,0,0,2,20.5937,78.9629,0,1
18,0,2,7,4,2,1,3,21.1702,72.8311,0,5
18,0,2,2,4,1,4,0,21.1702,72.8311,3,1
18,0,2,12,0,2,4,1,21.1702,72.8311,3,4
18,1,2,12,0,1,3,0,21.1702,72.8311,0,1
18,0,2,7,0,3,3,2,21.1702,72.8311,3,6
18,0,2,9,2,3,4,1,21.1702,72.8311,3,1
23,0,0,8,3,0,0,0,17.385,78.4867,1,5
18,0,2,2,2,3,2,0,21.1702,72.8311,3,1
42,0,2,6,0,4,4,2,20.5937,78.9629,2,1
30,0,0,8,0,0,0,0,20.5937,78.9629,0,2
42,2,2,7,0,0,0,0,20.5937,78.9629,2,4
42,2,2,7,0,1,3,0,20.5937,78.9629,3,3
42,0,2,6,3,2,2,0,20.5937,78.9629,2,6
16,0,0,12,0,0,0,3,20.5937,78.9629,1,2
42,0,2,3,2,3,2,0,20.5937,78.9629,1,4
42,0,2,2,0,4,3,0,20.5937,78.9629,3,5
42,2,2,0,0,2,1,0,20.5937,78.9629,2,3
42,1,0,12,4,0,0,1,20.5937,78.9629,1,1
42,2,2,14,3,3,4,1,20.5937,78.9629,0,3
42,0,1,14,0,0,0,3,20.5937,78.9629,2,0
42,2,2,7,2,4,3,2,20.5937,78.9629,3,2
30,0,1,2,0,0,0,3,20.5937,78.9629,1,0
42,1,2,3,1,1,4,3,20.5937,78.9629,0,0
42,0,2,12,0,3,1,2,20.5937,78.9629,1,5
42,0,2,8,3,2,2,0,20.5937,78.9629,1,1
42,0,2,9,0,2,4,1,20.5937,78.9629,1,0
21,1,0,18,4,0,0,0,20.5937,78.9629,1,5
42,0,2,3,0,4,4,0,20.5937,78.9629,0,1
42,0,2,12,0,1,1,2,20.5937,78.9629,0,2
42,0,2,0,2,4,3,0,20.5937,78.9629,2,6
42,1,2,17,1,1,4,0,20.5937,78.9629,2,1
42,0,0,3,4,0,0,1,20.5937,78.9629,0,3
42,2,2,12,1,2,1,1,20.5937,78.9629,0,1
40,0,0,6,3,0,0,3,20.5937,78.9629,3,4
42,1,2,0,0,4,4,0,20.5937,78.9629,1,1
42,2,2,2,0,0,0,0,20.5937,78.9629,1,0
42,0,2,16,0,1,2,1,20.5937,78.9629,0,4
42,0,2,8,3,1,1,1,20.5937,78.9629,1,1
4,1,0,12,0,0,0,0,20.5937,78.9629,3,4
4,2,2,8,0,2,1,0,20.5937,78.9629,1,1
4,0,2,2,0,2,2,1,20.5937,78.9629,2,6
4,1,2,7,0,4,1,3,20.5937,78.9629,3,3
4,1,2,8,0,3,3,0,20.5937,78.9629,0,5
4,1,2,8,1,3,1,3,20.5937,78.9629,0,2
4,0,2,2,0,3,1,1,20.5937,78.9629,1,6
4,0,2,8,0,3,1,2,20.5937,78.9629,1,3
4,0,2,2,0,0,0,1,20.5937,78.9629,1,3
32,0,0,8,1,0,0,3,20.5937,78.9629,1,4
4,0,2,8,0,4,1,0,20.5937,78.9629,1,0
4,0,2,8,1,3,4,2,20.5937,78.9629,1,0
4,0,2,2,0,2,1,3,20.5937,78.9629,1,0
4,0,0,3,0,0,0,0,20.5937,78.9629,2,5
4,2,2,0,0,4,2,3,20.5937,78.9629,0,0
26,0,1,3,0,0,0,0,12.9716,77.5946,3,1
4,0,2,8,2,0,0,1,20.5937,78.9629,0,0
38,0,0,1,3,0,0,0,20.5937,78.9629,1,6
4,2,1,5,0,0,0,2,20.5937,78.9629,1,3
7,2,1,5,3,0,0,2,22.5726,88.3639,0,3
4,0,2,3,3,2,1,0,20.5937,78.9629,0,2
4,0,0,7,2,0,0,0,20.5937,78.9629,1,1
36,0,1,6,1,0,0,1,25.3176,82.9739,0,0
4,0,2,2,2,2,0,0,20.5937,78.9629,0,4
4,1,1,2,1,0,0,3,20.5937,78.9629,3,2
39,2,0,1,2,0,0,2,20.5937,78.9629,3,0
4,0,2,8,0,2,4,3,20.5937,78.9629,0,5
4,1,0,6,0,0,0,2,20.5937,78.9629,3,1
4,0,2,3,0,4,3,0,20.5937,78.9629,0,1
4,0,2,2,0,4,2,0,20.5937,78.9629,3,4
21,0,2,8,3,1,3,1,20.5937,78.9629,1,3
21,0,1,12,1,0,0,1,20.5937,78.9629,0,1
21,0,0,7,0,0,0,0,20.5937,78.9629,1,1
21,2,0,12,1,0,0,2,20.5937,78.9629,1,1
21,1,2,0,0,3,0,3,20.5937,78.9629,2,5
21,0,2,8,1,3,3,1,20.5937,78.9629,3,6
21,0,2,8,4,1,1,1,20.5937,78.9629,3,1
21,1,2,8,4,1,4,0,20.5937,78.9629,1,2
21,1,2,2,0,3,3,2,20.5937,78.9629,3,1
21,0,2,2,0,0,0,0,20.5937,78.9629,1,1
21,0,2,0,4,4,2,0,20.5937,78.9629,1,4
21,0,2,3,0,1,4,0,20.5937,78.9629,1,0
21,0,2,6,2,4,2,1,20.5937,78.9629,0,3
21,0,1,0,2,1,2,0,20.5937,78.9629,1,4
21,0,1,12,3,3,2,0,20.5937,78.9629,0,4
21,0,2,12,0,0,0,0,20.5937,78.9629,1,6
21,2,2,18,3,3,0,2,20.5937,78.9629,3,4
10,0,0,7,0,0,0,1,20.5937,78.9629,2,2
21,1,2,6,1,1,1,0,20.5937,78.9629,3,1
21,0,2,12,3,4,2,2,20.5937,78.9629,0,6
21,0,1,0,3,2,3,1,20.5937,78.9629,3,3
21,1,1,12,0,1,2,0,20.5937,78.9629,1,3
21,0,2,6,0,2,3,0,20.5937,78.9629,0,6
21,0,2,3,0,1,0,3,20.5937,78.9629,3,1
0,0,0,2,4,0,0,0,26.9124,75.7873,0,3
9,0,0,6,2,0,0,2,20.5937,78.9629,0,6
21,0,2,12,2,1,0,2,20.5937,78.9629,3,4
21,0,2,0,4,3,4,0,20.5937,78.9629,2,4
21,1,2,8,3,3,2,2,20.5937,78.9629,0,6
21,0,1,2,0,2,4,3,20.5937,78.9629,0,2
25,2,1,2,0,1,1,0,20.5937,78.9629,1,5
14,0,1,8,0,0,0,1,13.0827,80.2707,2,0
39,0,0,2,0,0,0,1,20.5937,78.9629,3,4
25,0,2,12,2,3,4,2,20.5937,78.9629,3,5
25,0,2,2,0,4,2,2,20.5937,78.9629,0,3
17,1,0,8,3,0,0,0,20.5937,78.9629,0,3
25,0,2,3,4,1,4,3,20.5937,78.9629,0,2
15,0,0,8,1,0,0,0,20.5937,78.9629,3,5
25,1,2,14,4,2,3,0,20.5937,78.9629,3,4
25,0,2,8,0,3,1,0,20.5937,78.9629,3,2
25,0,1,1,0,4,2,2,20.5937,78.9629,0,6
25,0,1,18,3,3,1,0,20.5937,78.9629,2,4
29,0,0,7,0,0,0,1,20.5937,78.9629,2,2
25,1,0,0,1,0,0,3,20.5937,78.9629,0,6
7,0,1,3,2,0,0,0,22.5726,88.3639,1,5
43,0,0,2,0,0,0,0,20.5937,78.9629,1,1
25,0,2,3,0,2,4,0,20.5937,78.9629,0,4
31,2,1,18,0,0,0,3,26.8467,80.9462,0,2
5,0,0,6,0,0,0,0,23.0225,72.5714,1,3
25,0,2,6,1,2,4,0,20.5937,78.9629,1,1
25,0,2,2,0,0,0,2,20.5937,78.9629,3,2
25,0,0,3,4,0,0,0,20.5937,78.9629,2,5
25,0,2,3,4,4,1,3,20.5937,78.9629,1,3
25,0,2,2,3,0,0,0,20.5937,78.9629,2,2
33,2,0,2,0,0,0,2,20.5937,78.9629,0,6
25,0,1,9,0,1,2,3,20.5937,78.9629,3,1
25,1,1,1,0,2,4,1,20.5937,78.9629,0,6
25,0,0,2,0,0,0,1,20.5937,78.9629,2,2
25,1,2,18,2,2,4,2,20.5937,78.9629,0,6
25,0,1,12,0,2,0,2,20.5937,78.9629,1,1
36,2,1,0,1,0,0,0,25.3176,82.9739,3,5
36,0,0,8,0,0,0,1,25.3176,82.9739,2,0
36,0,0,6,0,0,0,0,25.3176,82.9739,3,2
36,0,2,16,0,2,4,3,25.3176,82.9739,3,6
36,2,0,2,0,0,0,0,25.3176,82.9739,1,1
36,0,0,8,0,0,0,1,25.3176,82.9739,0,4
36,0,1,0,0,3,1,0,25.3176,82.9739,0,6
29,2,0,6,2,0,0,0,20.5937,78.9629,3,0
36,0,0,6,2,0,0,3,25.3176,82.9739,0,0
35,0,0,8,0,0,0,0,18.5204,73.8567,0,3
36,0,0,8,0,0,0,2,25.3176,82.9739,1,3
36,2,2,1,0,3,0,3,25.3176,82.9739,0,1
36,0,2,18,4,3,2,2,25.3176,82.9739,0,2
36,0,2,3,0,2,3,2,25.3176,82.9739,2,4
36,0,2,2,0,3,2,3,25.3176,82.9739,0,5
36,2,1,12,0,1,4,1,25.3176,82.9739,3,2
36,1,2,0,0,3,4,0,25.3176,82.9739,0,1
36,1,2,0,0,4,1,0,25.3176,82.9739,1,1
36,1,2,3,0,2,3,2,25.3176,82.9739,3,3
36,0,0,6,0,0,0,0,25.3176,82.9739,1,1
36,0,2,13,1,1,3,1,25.3176,82.9739,2,0
36,0,2,18,2,3,3,1,25.3176,82.9739,3,1
36,0,2,3,1,2,3,0,25.3176,82.9739,0,5
36,2,2,12,0,1,4,2,25.3176,82.9739,0,0
36,0,2,8,1,3,3,3,25.3176,82.9739,1,3
36,2,2,2,0,3,1,0,25.3176,82.9739,3,0
27,0,0,8,1,0,0,0,20.5937,78.9629,0,1
36,1,2,8,1,3,3,0,25.3176,82.9739,1,1
36,0,0,9,3,0,0,1,25.3176,82.9739,0,3
36,0,1,1,1,0,0,1,25.3176,82.9739,1,0
38,0,2,12,0,4,3,0,20.5937,78.9629,3,4
24,1,0,18,0,0,0,0,20.5937,78.9629,3,1
38,0,2,0,2,2,0,0,20.5937,78.9629,2,3
38,2,2,16,2,1,2,0,20.5937,78.9629,2,2
38,1,2,18,2,2,3,2,20.5937,78.9629,0,1
38,0,2,3,4,1,3,0,20.5937,78.9629,3,2
38,1,2,2,0,2,2,0,20.5937,78.9629,3,4
38,1,2,8,3,0,0,0,20.5937,78.9629,1,6
27,1,1,8,4,0,0,1,20.5937,78.9629,0,0
42,1,0,6,3,0,0,3,20.5937,78.9629,1,2
38,0,2,0,1,0,0,0,20.5937,78.9629,0,2
38,1,2,0,2,3,3,2,20.5937,78.9629,3,2
38,0,1,9,4,3,4,0,20.5937,78.9629,3,3
38,1,1,2,0,1,0,1,20.5937,78.9629,0,2
38,0,0,2,2,0,0,1,20.5937,78.9629,3,6
38,0,1,6,0,1,1,0,20.5937,78.9629,1,3
38,0,1,3,1,3,3,0,20.5937,78.9629,2,5
38,0,0,3,2,0,0,2,20.5937,78.9629,3,1
38,1,2,12,0,1,4,2,20.5937,78.9629,3,2
38,1,0,2,2,0,0,3,20.5937,78.9629,0,2
38,0,2,3,3,4,1,0,20.5937,78.9629,2,0
38,0,1,18,0,4,2,0,20.5937,78.9629,2,4
38,0,1,12,0,2,3,0,20.5937,78.9629,1,6
38,0,0,8,4,0,0,0,20.5937,78.9629,3,5
38,0,0,6,4,0,0,1,20.5937,78.9629,3,5
38,0,2,6,0,2,4,1,20.5937,78.9629,0,2
38,1,2,6,0,1,0,3,20.5937,78.9629,3,0
5,0,1,2,0,0,0,0,23.0225,72.5714,0,4
38,1,2,0,0,4,1,2,20.5937,78.9629,3,0
38,1,2,12,1,1,2,1,20.5937,78.9629,1,1
48,0,2,18,4,1,3,2,20.5937,78.9629,0,5
48,2,2,3,4,4,4,2,20.5937,78.9629,2,6
48,0,2,6,0,3,2,0,20.5937,78.9629,1,4
48,1,2,3,3,1,3,3,20.5937,78.9629,2,0
48,0,1,14,4,0,0,1,20.5937,78.9629,1,5
48,0,0,0,4,0,0,2,20.5937,78.9629,1,1
48,0,2,6,3,1,4,0,20.5937,78.9629,0,2
14,0,0,8,2,0,0,0,13.0827,80.2707,0,3
48,0,2,12,2,2,4,0,20.5937,78.9629,0,1
48,1,2,2,4,1,2,3,20.5937,78.9629,0,1
11,1,0,6,3,0,0,0,20.5937,78.9629,2,6
48,0,2,6,2,3,1,0,20.5937,78.9629,0,5
48,2,2,8,0,2,4,2,20.5937,78.9629,1,4
48,0,2,14,0,0,0,2,20.5937,78.9629,1,1
48,0,0,12,0,0,0,0,20.5937,78.9629,1,0
48,0,2,12,0,2,2,0,20.5937,78.9629,0,0
48,1,2,3,3,2,1,0,20.5937,78.9629,0,2
48,2,2,12,0,3,2,0,20.5937,78.9629,2,6
48,0,2,2,2,4,1,1,20.5937,78.9629,1,1
48,0,0,12,0,0,0,0,20.5937,78.9629,2,0
48,0,1,12,4,2,4,1,20.5937,78.9629,0,5
48,1,1,18,0,3,1,2,20.5937,78.9629,2,1
48,0,2,12,4,4,1,0,20.5937,78.9629,2,0
48,2,2,8,3,3,1,1,20.5937,78.9629,0,2
48,1,2,12,0,4,2,3,20.5937,78.9629,3,1
48,1,2,14,1,1,3,2,20.5937,78.9629,0,1
48,1,2,1,3,4,1,0,20.5937,78.9629,0,0
48,1,2,8,0,4,2,0,20.5937,78.9629,3,1
48,1,0,12,2,0,0,0,20.5937,78.9629,3,2
48,2,2,6,0,4,3,0,20.5937,78.9629,2,1
1,2,2,6,0,2,1,3,27.1767,78.0081,1,0
1,0,2,6,1,2,3,3,27.1767,78.0081,1,2
1,1,2,6,3,1,0,0,27.1767,78.0081,3,2
1,2,1,8,0,3,1,3,27.1767,78.0081,1,4
10,1,0,0,0,0,0,2,20.5937,78.9629,3,6
1,1,1,8,0,3,4,1,27.1767,78.0081,1,2
1,0,1,2,3,3,3,1,27.1767,78.0081,0,5
1,0,1,2,1,1,4,0,27.1767,78.0081,3,1
1,1,2,7,4,0,0,2,27.1767,78.0081,3,6
47,1,0,0,3,0,0,3,20.5937,78.9629,2,1
1,0,2,2,0,3,4,3,27.1767,78.0081,3,1
1,1,2,8,0,3,2,0,27.1767,78.0081,2,2
1,1,1,6,0,3,3,3,27.1767,78.0081,0,6
1,0,0,3,0,0,0,3,27.1767,78.0081,0,0
1,0,1,8,0,2,1,0,27.1767,78.0081,3,1
1,0,0,8,0,0,0,1,27.1767,78.0081,2,2
1,0,2,9,0,2,2,2,27.1767,78.0081,3,4
1,0,2,7,0,1,4,3,27.1767,78.0081,3,1
1,0,2,2,0,2,2,0,27.1767,78.0081,1,6
0,0,0,8,0,0,0,0,26.9124,75.7873,1,1
1,0,0,12,2,0,0,2,27.1767,78.0081,1,3
1,2,1,8,3,0,0,0,27.1767,78.0081,0,2
1,1,1,3,0,4,3,0,27.1767,78.0081,2,5
1,1,2,1,0,2,2,1,27.1767,78.0081,0,2
1,0,2,12,2,3,1,3,27.1767,78.0081,3,0
1,0,2,0,1,1,0,3,27.1767,78.0081,0,2
1,0,1,8,0,3,0,0,27.1767,78.0081,1,3
1,0,2,1,0,3,4,1,27.1767,78.0081,2,4
1,2,2,12,1,2,4,0,27.1767,78.0081,0,0
1,0,2,12,0,4,3,2,27.1767,78.0081,1,6
1,0,2,0,3,2,1,2,27.1767,78.0081,3,6
1,1,2,12,4,3,2,0,27.1767,78.0081,2,0
1,1,2,14,2,0,0,3,27.1767,78.0081,2,0
38,1,0,2,4,0,0,2,20.5937,78.9629,1,2
1,0,2,8,4,4,2,1,27.1767,78.0081,0,6
1,2,2,8,3,2,1,3,27.1767,78.0081,1,0
1,0,1,3,0,0,0,0,27.1767,78.0081,3,6
1,0,2,18,0,2,0,2,27.1767,78.0081,2,0
1,0,2,3,1,1,1,2,27.1767,78.0081,2,2
1,1,2,2,2,3,4,0,27.1767,78.0081,1,2
5,2,1,0,2,0,0,2,23.0225,72.5714,2,0
44,1,0,8,1,0,0,0,20.5937,78.9629,3,1
5,0,2,3,3,1,2,2,23.0225,72.5714,1,3
5,0,2,0,4,2,4,0,23.0225,72.5714,2,6
5,2,2,8,0,3,4,2,23.0225,72.5714,1,1
5,0,1,14,1,1,4,2,23.0225,72.5714,1,2
5,0,2,14,0,1,4,0,23.0225,72.5714,1,0