Million_Plus_Cities,Age_band_of_driver,Accident_severity,Cause_of_accident,Weather Conditions,Road Type,Road Condition,Lighting Conditions,Latitude,Longitude,Time_Block,Vehicle Type Involved
5,1,2,0,4,4,1,0,23.0225,72.5714,0,0
5,0,2,0,2,3,2,3,23.0225,72.5714,3,2
5,1,0,1,0,0,0,2,23.0225,72.5714,1,5
5,1,2,12,4,2,3,0,23.0225,72.5714,2,5
5,1,2,2,4,3,0,0,23.0225,72.5714,1,6
5,1,2,18,0,3,3,2,23.0225,72.5714,1,4
5,0,2,8,0,0,0,3,23.0225,72.5714,1,5
5,0,2,0,1,3,4,1,23.0225,72.5714,2,0
5,0,2,2,0,3,1,0,23.0225,72.5714,0,0
5,0,2,3,0,1,2,0,23.0225,72.5714,0,4
5,0,1,8,4,1,3,0,23.0225,72.5714,1,0
5,0,1,13,0,4,2,2,23.0225,72.5714,3,0
5,0,1,3,4,1,4,1,23.0225,72.5714,0,5
5,1,1,6,0,0,0,3,23.0225,72.5714,1,6
5,0,0,8,3,0,0,3,23.0225,72.5714,3,2
33,0,0,17,3,0,0,0,20.5937,78.9629,0,2
5,0,2,8,0,4,3,0,23.0225,72.5714,1,6
5,1,2,3,1,1,4,0,23.0225,72.5714,0,0
5,2,2,8,0,3,2,0,23.0225,72.5714,1,1
5,1,2,2,3,1,2,0,23.0225,72.5714,3,6
5,1,2,12,0,2,3,0,23.0225,72.5714,3,3
5,0,2,3,0,2,0,0,23.0225,72.5714,2,6
5,0,2,6,0,4,4,0,23.0225,72.5714,0,0
5,0,2,8,2,2,2,1,23.0225,72.5714,0,6
5,0,2,7,0,3,1,2,23.0225,72.5714,0,5
5,0,2,7,0,1,1,3,23.0225,72.5714,0,6
5,0,2,6,0,3,1,3,23.0225,72.5714,1,6
5,0,2,2,0,2,0,0,23.0225,72.5714,2,3
5,0,2,2,0,4,3,0,23.0225,72.5714,0,1
5,1,2,8,2,1,3,3,23.0225,72.5714,3,1
5,1,2,6,1,1,2,0,23.0225,72.5714,1,5
5,1,2,8,0,4,3,1,23.0225,72.5714,3,0
5,0,2,8,1,3,4,0,23.0225,72.5714,1,1
8,0,1,3,0,0,0,3,20.5937,78.9629,3,6
8,0,2,2,1,2,3,1,20.5937,78.9629,0,1
8,0,2,8,3,2,1,3,20.5937,78.9629,0,2
8,1,2,16,4,2,4,1,20.5937,78.9629,3,2
8,0,0,6,3,0,0,3,20.5937,78.9629,1,1
8,0,2,0,0,4,4,1,20.5937,78.9629,1,6
8,1,2,18,0,4,2,2,20.5937,78.9629,0,1
8,0,2,0,0,4,0,3,20.5937,78.9629,3,3
8,0,2,3,0,3,4,0,20.5937,78.9629,2,2
8,0,2,11,2,2,4,0,20.5937,78.9629,0,3
8,1,2,18,3,1,2,2,20.5937,78.9629,3,4
8,0,2,12,1,3,4,2,20.5937,78.9629,1,5
8,1,2,8,0,2,2,0,20.5937,78.9629,0,1
8,1,2,6,0,1,2,1,20.5937,78.9629,0,6
8,2,2,11,3,1,3,0,20.5937,78.9629,1,3
8,1,2,18,1,1,3,1,20.5937,78.9629,0,3
8,0,2,3,0,2,2,2,20.5937,78.9629,1,1
8,0,2,3,4,3,0,3,20.5937,78.9629,1,1
8,0,2,3,4,4,0,3,20.5937,78.9629,1,1
8,0,1,3,4,4,3,2,20.5937,78.9629,0,6
8,0,1,0,0,0,0,2,20.5937,78.9629,1,6
41,1,0,8,0,0,0,3,20.5937,78.9629,2,0
36,0,0,11,0,0,0,0,25.3176,82.9739,1,1
8,0,2,8,4,1,1,0,20.5937,78.9629,1,6
8,0,2,12,0,0,0,0,20.5937,78.9629,0,5
8,2,1,8,0,0,0,0,20.5937,78.9629,2,1
8,2,0,8,4,0,0,2,20.5937,78.9629,0,0
8,0,1,8,0,0,0,0,20.5937,78.9629,1,2
8,0,1,3,3,0,0,0,20.5937,78.9629,3,6
8,0,0,8,0,0,0,0,20.5937,78.9629,1,3
8,1,1,6,0,0,0,2,20.5937,78.9629,3,2
8,0,2,2,0,3,2,0,20.5937,78.9629,0,5
8,0,2,0,2,3,4,0,20.5937,78.9629,3,4
8,0,2,12,2,4,3,2,20.5937,78.9629,3,1
8,0,2,2,3,0,0,1,20.5937,78.9629,3,2
8,0,2,7,1,3,3,1,20.5937,78.9629,0,5
8,1,2,8,0,1,1,3,20.5937,78.9629,2,1
8,0,0,8,0,0,0,3,20.5937,78.9629,0,5
8,1,0,16,0,0,0,0,20.5937,78.9629,0,1
8,1,0,8,0,0,0,2,20.5937,78.9629,2,1
17,0,2,19,4,1,3,0,20.5937,78.9629,3,1
17,0,2,0,1,3,4,1,20.5937,78.9629,0,0
17,0,2,7,3,0,0,3,20.5937,78.9629,3,3
17,0,2,2,2,3,2,0,20.5937,78.9629,0,0
17,0,2,2,0,3,4,0,20.5937,78.9629,1,6
17,0,2,9,0,1,1,2,20.5937,78.9629,0,6
17,0,2,8,4,1,4,0,20.5937,78.9629,0,6
17,0,2,3,0,1,2,0,20.5937,78.9629,0,5
17,0,2,3,0,3,4,0,20.5937,78.9629,0,2
28,0,0,0,0,0,0,0,20.5937,78.9629,2,3
20,1,0,13,3,0,0,3,20.5937,78.9629,1,0
17,0,2,2,0,2,1,3,20.5937,78.9629,3,5
17,0,2,3,1,3,2,0,20.5937,78.9629,0,6
17,2,2,8,0,2,2,0,20.5937,78.9629,3,5
22,0,1,3,0,0,0,0,20.5937,78.9629,0,4
2,0,0,3,3,0,0,0,19.076,72.8777,0,5
17,0,1,8,0,4,4,0,20.5937,78.9629,2,1
17,1,1,3,2,4,3,2,20.5937,78.9629,0,2
17,0,1,12,0,3,0,0,20.5937,78.9629,1,2
17,2,0,12,0,0,0,0,20.5937,78.9629,0,1
32,0,1,3,4,0,0,0,20.5937,78.9629,0,1
2,0,0,16,0,0,0,0,19.076,72.8777,3,0
17,0,2,3,1,2,4,0,20.5937,78.9629,0,6
17,0,0,0,4,0,0,0,20.5937,78.9629,1,1
17,2,2,8,0,3,1,0,20.5937,78.9629,0,5
17,1,2,16,0,4,3,2,20.5937,78.9629,1,0
17,2,2,12,4,4,2,0,20.5937,78.9629,2,3
17,1,2,3,2,3,3,1,20.5937,78.9629,3,2
17,1,2,13,0,4,3,0,20.5937,78.9629,3,5
17,0,2,2,0,4,0,1,20.5937,78.9629,3,4
17,0,2,12,0,1,4,3,20.5937,78.9629,0,5
17,0,2,8,0,4,4,0,20.5937,78.9629,0,2
17,0,2,0,2,3,1,1,20.5937,78.9629,2,2
40,0,0,7,0,0,0,2,20.5937,78.9629,1,0
17,1,2,0,2,1,4,3,20.5937,78.9629,0,3
17,1,0,3,2,0,0,2,20.5937,78.9629,3,1
17,0,2,8,0,2,3,2,20.5937,78.9629,3,1
17,0,2,19,1,1,1,1,20.5937,78.9629,1,4
17,1,2,3,3,4,4,0,20.5937,78.9629,1,0
17,1,2,12,0,1,2,0,20.5937,78.9629,0,6
10,2,2,14,0,3,4,0,20.5937,78.9629,0,0
10,1,2,3,0,4,4,0,20.5937,78.9629,2,5
10,0,2,3,2,1,4,0,20.5937,78.9629,0,2
10,0,0,12,3,0,0,0,20.5937,78.9629,3,0
10,0,2,2,3,4,2,3,20.5937,78.9629,1,6
10,0,0,6,0,0,0,0,20.5937,78.9629,0,2
10,1,2,12,0,1,3,1,20.5937,78.9629,2,0
16,1,0,3,2,0,0,2,20.5937,78.9629,0,3
10,1,2,12,4,4,3,1,20.5937,78.9629,3,1
10,1,2,18,4,3,1,0,20.5937,78.9629,1,6
10,1,2,8,0,3,2,2,20.5937,78.9629,0,0
10,0,0,2,0,0,0,3,20.5937,78.9629,1,1
10,1,1,6,2,0,0,0,20.5937,78.9629,3,1
10,0,2,0,0,1,3,0,20.5937,78.9629,3,2
40,1,0,0,3,0,0,2,20.5937,78.9629,1,5
10,2,1,8,1,4,3,2,20.5937,78.9629,0,2
18,0,1,3,4,0,0,1,21.1702,72.8311,0,5
10,1,2,3,0,2,4,1,20.5937,78.9629,1,1
10,0,2,0,0,3,2,1,20.5937,78.9629,0,4
10,1,0,12,2,0,0,0,20.5937,78.9629,0,0
10,0,0,18,1,0,0,2,20.5937,78.9629,1,0
10,0,1,8,0,1,0,0,20.5937,78.9629,2,1
10,1,2,8,1,0,0,0,20.5937,78.9629,2,5
10,0,2,6,3,1,4,2,20.5937,78.9629,2,5
10,0,2,14,0,0,0,0,20.5937,78.9629,2,0
5,0,1,6,0,0,0,3,23.0225,72.5714,0,4
10,1,2,6,0,1,4,3,20.5937,78.9629,1,2
23,0,0,6,4,0,0,3,17.385,78.4867,3,0
10,0,0,8,3,0,0,0,20.5937,78.9629,0,0
10,0,2,0,0,4,2,3,20.5937,78.9629,0,2
10,0,2,3,1,1,2,1,20.5937,78.9629,0,4
15,0,0,12,1,0,0,3,20.5937,78.9629,0,6
10,0,2,2,4,4,1,3,20.5937,78.9629,1,5
42,0,1,8,0,0,0,0,20.5937,78.9629,0,6
10,2,2,3,1,2,2,2,20.5937,78.9629,2,1
10,1,1,18,0,0,0,2,20.5937,78.9629,3,0
10,0,2,8,0,0,0,1,20.5937,78.9629,2,2
10,1,2,16,2,3,4,0,20.5937,78.9629,2,6
10,0,0,8,0,0,0,1,20.5937,78.9629,3,5
10,0,1,3,0,1,1,1,20.5937,78.9629,1,0
48,0,1,6,1,0,0,2,20.5937,78.9629,0,1
24,0,1,3,4,3,2,1,20.5937,78.9629,0,6
24,0,1,2,0,0,0,0,20.5937,78.9629,3,2
24,2,2,8,0,1,1,0,20.5937,78.9629,1,2
24,0,2,7,3,1,3,3,20.5937,78.9629,0,2
9,0,0,12,2,0,0,3,20.5937,78.9629,1,1
24,0,0,8,0,0,0,1,20.5937,78.9629,2,0
24,0,2,12,4,0,0,0,20.5937,78.9629,0,6
32,1,0,12,4,0,0,0,20.5937,78.9629,1,0
24,0,2,0,2,2,1,0,20.5937,78.9629,3,3
24,0,0,1,1,0,0,3,20.5937,78.9629,0,6
24,0,2,6,0,4,3,1,20.5937,78.9629,2,3
24,0,2,6,0,2,4,2,20.5937,78.9629,1,0
24,0,2,2,4,4,1,2,20.5937,78.9629,0,2
24,1,0,6,0,0,0,0,20.5937,78.9629,0,2
24,1,2,8,0,1,1,1,20.5937,78.9629,0,2
47,0,0,0,1,0,0,2,20.5937,78.9629,2,5
24,2,2,3,4,4,3,0,20.5937,78.9629,0,0
39,0,1,8,0,0,0,0,20.5937,78.9629,1,5
24,1,2,1,0,3,3,0,20.5937,78.9629,2,0
24,0,2,8,0,4,0,0,20.5937,78.9629,2,3
24,0,1,2,0,0,0,3,20.5937,78.9629,1,5
24,2,0,18,0,0,0,1,20.5937,78.9629,1,1
24,1,2,8,3,3,3,0,20.5937,78.9629,0,6
24,0,1,8,0,0,0,0,20.5937,78.9629,3,4
24,0,2,3,0,3,4,0,20.5937,78.9629,3,0
24,0,1,2,0,3,3,0,20.5937,78.9629,3,0
24,0,1,0,4,4,2,2,20.5937,78.9629,0,6
24,0,2,8,4,4,4,3,20.5937,78.9629,0,0
24,0,2,8,0,4,1,0,20.5937,78.9629,3,4
24,0,2,12,0,0,0,3,20.5937,78.9629,2,3
24,0,2,0,0,4,0,0,20.5937,78.9629,0,4
24,0,2,8,2,4,3,0,20.5937,78.9629,3,2
24,2,2,3,0,3,1,0,20.5937,78.9629,0,3
24,1,2,12,0,2,2,0,20.5937,78.9629,0,0
24,0,2,14,4,4,1,1,20.5937,78.9629,0,3
24,0,2,3,0,3,4,0,20.5937,78.9629,3,3
24,0,1,12,3,1,1,0,20.5937,78.9629,1,1
24,1,1,3,4,0,0,1,20.5937,78.9629,1,1
24,2,1,6,0,0,0,1,20.5937,78.9629,2,3
46,0,0,3,0,0,0,1,20.5937,78.9629,0,1
26,0,2,17,4,1,2,3,12.9716,77.5946,3,1
26,0,1,6,1,0,0,3,12.9716,77.5946,2,6
26,1,0,13,1,0,0,0,12.9716,77.5946,3,2
26,2,2,8,0,1,1,2,12.9716,77.5946,1,1
26,0,2,8,0,4,2,1,12.9716,77.5946,1,2
26,0,2,12,0,0,0,3,12.9716,77.5946,3,0
26,0,1,12,1,0,0,0,12.9716,77.5946,0,6
26,0,2,0,1,1,3,3,12.9716,77.5946,0,6
26,2,2,8,0,1,2,0,12.9716,77.5946,1,0
26,0,2,3,0,1,1,0,12.9716,77.5946,1,0
26,0,2,1,0,1,1,3,12.9716,77.5946,2,1
26,0,2,8,4,1,1,3,12.9716,77.5946,1,6
26,0,2,1,2,2,3,3,12.9716,77.5946,1,5
3,0,0,0,0,0,0,1,20.5937,78.9629,0,1
26,0,0,8,0,0,0,2,12.9716,77.5946,3,0
26,0,2,8,2,1,4,0,12.9716,77.5946,1,3
26,0,2,6,0,1,4,1,12.9716,77.5946,3,1
26,0,2,6,3,1,3,1,12.9716,77.5946,1,1
26,1,2,2,4,0,0,1,12.9716,77.5946,1,3
26,0,2,8,2,2,2,3,12.9716,77.5946,2,2
26,1,2,18,2,2,1,3,12.9716,77.5946,0,1
26,2,2,2,2,1,0,3,12.9716,77.5946,0,2
26,2,2,3,1,3,4,3,12.9716,77.5946,3,0
26,0,2,14,4,1,0,2,12.9716,77.5946,0,4
26,1,2,13,3,1,2,2,12.9716,77.5946,1,5
13,0,0,1,2,0,0,0,20.5937,78.9629,0,2
26,1,1,3,0,0,0,0,12.9716,77.5946,1,6
26,0,0,3,3,0,0,0,12.9716,77.5946,3,1
26,0,2,0,0,3,4,3,12.9716,77.5946,1,3
47,0,0,0,0,0,0,1,20.5937,78.9629,0,5
26,0,1,2,0,0,0,3,12.9716,77.5946,0,6
26,0,1,0,0,0,0,0,12.9716,77.5946,3,5
48,0,0,8,3,0,0,1,20.5937,78.9629,2,2
26,0,1,0,0,1,3,2,12.9716,77.5946,3,1
26,0,1,3,0,2,4,0,12.9716,77.5946,2,0
26,0,1,2,3,2,1,0,12.9716,77.5946,0,4
26,0,2,6,0,2,1,0,12.9716,77.5946,1,1
26,0,2,8,3,1,2,0,12.9716,77.5946,2,1
26,0,2,6,4,3,0,2,12.9716,77.5946,0,1
28,0,2,18,1,1,2,1,20.5937,78.9629,1,2
28,1,2,3,2,1,4,0,20.5937,78.9629,1,6
28,1,0,8,1,0,0,3,20.5937,78.9629,1,4
40,0,1,8,4,0,0,0,20.5937,78.9629,0,1
28,2,2,2,0,3,1,1,20.5937,78.9629,0,6
28,1,0,3,0,0,0,0,20.5937,78.9629,0,0
16,0,0,3,1,0,0,3,20.5937,78.9629,2,6
28,2,2,18,4,1,2,2,20.5937,78.9629,1,1
28,1,2,0,4,3,4,1,20.5937,78.9629,0,3
28,1,0,2,0,0,0,1,20.5937,78.9629,2,6
28,0,1,7,1,1,4,0,20.5937,78.9629,3,0
28,0,0,8,1,0,0,2,20.5937,78.9629,0,1
28,2,0,8,0,0,0,0,20.5937,78.9629,2,5
28,0,2,2,0,2,0,2,20.5937,78.9629,0,5
28,0,1,3,0,0,0,0,20.5937,78.9629,3,6
28,0,2,12,2,4,4,0,20.5937,78.9629,0,2
28,0,1,8,1,3,4,2,20.5937,78.9629,0,1
28,0,1,2,0,2,1,3,20.5937,78.9629,2,3
28,0,1,0,0,2,3,0,20.5937,78.9629,1,2
28,0,2,8,2,3,4,3,20.5937,78.9629,0,3
28,0,2,7,2,2,2,2,20.5937,78.9629,3,1
28,0,2,2,3,2,1,1,20.5937,78.9629,0,0
28,0,1,8,0,0,0,1,20.5937,78.9629,3,4
28,0,2,12,1,4,2,3,20.5937,78.9629,0,0
28,2,2,6,0,2,1,0,20.5937,78.9629,2,5
28,1,2,3,0,3,4,1,20.5937,78.9629,3,3
28,0,2,0,0,3,3,1,20.5937,78.9629,1,1
28,1,2,6,0,0,0,0,20.5937,78.9629,0,6
28,0,0,7,2,0,0,0,20.5937,78.9629,1,5
28,1,1,2,0,4,3,1,20.5937,78.9629,3,4
28,1,0,2,1,0,0,0,20.5937,78.9629,0,5
28,0,2,18,3,1,2,3,20.5937,78.9629,2,1
28,0,2,0,0,3,0,1,20.5937,78.9629,0,4
28,1,2,3,3,4,2,1,20.5937,78.9629,0,5
28,0,2,3,4,0,0,0,20.5937,78.9629,2,5
28,0,2,8,4,2,2,0,20.5937,78.9629,1,6
28,0,1,0,0,0,0,0,20.5937,78.9629,1,6
28,0,2,8,0,4,4,2,20.5937,78.9629,0,4
28,1,2,12,3,1,2,1,20.5937,78.9629,3,6
28,1,0,7,0,0,0,0,20.5937,78.9629,3,2
29,1,2,6,3,3,3,0,20.5937,78.9629,2,2
29,1,2,0,0,4,3,2,20.5937,78.9629,2,0
36,1,0,3,1,0,0,3,25.3176,82.9739,0,0
29,0,2,8,0,1,1,1,20.5937,78.9629,2,1
29,0,2,12,0,4,2,1,20.5937,78.9629,2,0
29,0,2,2,2,1,3,1,20.5937,78.9629,0,5
29,0,2,0,1,1,0,0,20.5937,78.9629,3,0
29,2,1,8,1,2,1,0,20.5937,78.9629,0,5
29,0,1,3,2,0,0,2,20.5937,78.9629,0,1
29,0,0,6,0,0,0,1,20.5937,78.9629,3,2
29,2,0,9,2,0,0,0,20.5937,78.9629,2,0
29,0,1,8,2,3,3,2,20.5937,78.9629,0,6
9,0,1,8,2,0,0,3,20.5937,78.9629,3,1
29,0,0,2,2,0,0,0,20.5937,78.9629,0,1
29,2,2,6,0,2,1,0,20.5937,78.9629,1,5
29,1,1,12,0,1,2,3,20.5937,78.9629,2,4
29,0,1,3,0,1,3,1,20.5937,78.9629,3,2
29,1,2,8,0,4,2,0,20.5937,78.9629,3,5
29,0,0,3,0,0,0,0,20.5937,78.9629,0,1
29,2,2,8,1,3,2,0,20.5937,78.9629,1,1
29,0,2,18,0,4,3,0,20.5937,78.9629,2,4
29,0,2,2,0,4,1,1,20.5937,78.9629,2,1
29,0,1,9,0,0,0,0,20.5937,78.9629,0,0
19,1,0,4,0,0,0,2,20.5937,78.9629,1,2
29,0,2,12,3,0,0,2,20.5937,78.9629,1,1
29,2,2,1,4,0,0,1,20.5937,78.9629,0,4
29,0,2,8,2,1,1,0,20.5937,78.9629,1,3
5,2,0,16,1,0,0,0,23.0225,72.5714,2,5
29,2,1,12,2,3,4,3,20.5937,78.9629,1,0
29,0,2,7,0,4,3,0,20.5937,78.9629,3,6
8,0,1,8,0,0,0,1,20.5937,78.9629,1,6
29,2,0,6,0,0,0,3,20.5937,78.9629,1,1
29,0,2,9,3,3,2,2,20.5937,78.9629,3,2
29,0,2,7,4,3,4,1,20.5937,78.9629,1,3
29,1,2,3,0,4,4,1,20.5937,78.9629,0,5
29,0,2,0,0,1,3,2,20.5937,78.9629,0,0
29,0,2,2,0,1,3,2,20.5937,78.9629,0,1
29,0,2,8,0,2,1,1,20.5937,78.9629,0,1
29,2,2,12,0,1,3,2,20.5937,78.9629,0,0
29,0,2,18,0,2,3,0,20.5937,78.9629,3,0
14,0,0,12,1,0,0,3,13.0827,80.2707,2,2
14,0,2,12,0,4,3,1,13.0827,80.2707,1,3
14,0,2,3,4,0,0,0,13.0827,80.2707,0,6
20,1,1,8,0,0,0,0,20.5937,78.9629,3,6
24,0,0,12,3,0,0,2,20.5937,78.9629,0,1
14,1,2,7,3,1,3,0,13.0827,80.2707,2,5
14,0,2,8,0,2,4,0,13.0827,80.2707,1,2
42,0,1,0,3,0,0,0,20.5937,78.9629,1,2
14,0,0,0,0,0,0,0,13.0827,80.2707,1,2
14,0,2,6,4,3,2,1,13.0827,80.2707,3,1
14,0,0,8,4,0,0,3,13.0827,80.2707,2,3
25,2,0,0,0,0,0,0,20.5937,78.9629,2,5
14,0,0,3,0,0,0,0,13.0827,80.2707,0,1
14,0,2,0,4,1,4,0,13.0827,80.2707,3,1
3,1,1,3,0,0,0,1,20.5937,78.9629,3,5
14,0,2,12,0,3,2,0,13.0827,80.2707,0,0
14,0,2,3,0,2,1,0,13.0827,80.2707,0,6
8,0,0,8,4,0,0,2,20.5937,78.9629,1,3
14,0,2,0,1,2,4,0,13.0827,80.2707,1,6
14,2,0,12,0,0,0,3,13.0827,80.2707,3,0
14,2,0,8,0,0,0,1,13.0827,80.2707,3,2
36,0,1,6,0,0,0,0,25.3176,82.9739,2,6
14,0,2,3,0,2,2,0,13.0827,80.2707,0,1
14,0,2,0,2,3,1,0,13.0827,80.2707,3,1
14,0,0,18,0,0,0,0,13.0827,80.2707,0,1
14,1,1,3,0,0,0,3,13.0827,80.2707,3,2
14,1,2,6,2,1,2,2,13.0827,80.2707,3,3
14,1,2,2,0,1,2,2,13.0827,80.2707,0,6
14,0,2,12,4,2,4,0,13.0827,80.2707,1,5
36,0,1,7,2,0,0,3,25.3176,82.9739,3,2
14,0,2,7,0,3,0,3,13.0827,80.2707,1,5
14,0,2,3,0,2,2,2,13.0827,80.2707,3,2
14,1,2,19,3,2,3,0,13.0827,80.2707,0,0
14,1,2,2,0,1,4,1,13.0827,80.2707,1,4
14,0,0,2,3,0,0,0,13.0827,80.2707,1,6
14,2,2,14,0,2,2,1,13.0827,80.2707,0,2
14,1,2,2,3,0,0,2,13.0827,80.2707,3,4
14,0,2,18,0,3,3,1,13.0827,80.2707,3,4
14,1,0,7,1,0,0,0,13.0827,80.2707,1,1
14,0,2,2,0,1,3,1,13.0827,80.2707,0,2
32,0,0,0,2,0,0,0,20.5937,78.9629,0,0
21,2,0,8,3,0,0,3,20.5937,78.9629,0,6
8,0,0,3,0,0,0,3,20.5937,78.9629,2,5
32,0,2,6,4,2,2,3,20.5937,78.9629,3,1
32,0,2,0,1,1,1,0,20.5937,78.9629,1,3
32,0,2,1,0,1,2,3,20.5937,78.9629,3,2
32,0,2,2,4,3,3,0,20.5937,78.9629,1,2
32,0,1,3,4,0,0,1,20.5937,78.9629,1,4
32,0,2,1,3,3,1,2,20.5937,78.9629,0,6
32,0,2,4,0,1,3,0,20.5937,78.9629,1,3
32,2,2,5,3,2,2,3,20.5937,78.9629,1,1
32,1,2,6,0,3,1,3,20.5937,78.9629,0,1
32,0,2,3,1,2,4,0,20.5937,78.9629,0,5
5,0,0,0,2,0,0,1,23.0225,72.5714,1,2
32,0,0,2,0,0,0,2,20.5937,78.9629,1,2
32,0,2,7,1,4,2,2,20.5937,78.9629,1,0
32,0,2,8,0,4,3,3,20.5937,78.9629,1,1
32,0,2,6,0,1,4,2,20.5937,78.9629,1,0
32,0,2,8,4,1,0,2,20.5937,78.9629,1,0
32,2,0,8,0,0,0,0,20.5937,78.9629,0,0
32,0,2,0,0,2,2,0,20.5937,78.9629,2,1
32,0,0,3,0,0,0,0,20.5937,78.9629,0,3
32,1,2,7,3,1,2,3,20.5937,78.9629,0,5
32,0,1,0,3,2,0,0,20.5937,78.9629,3,5
32,1,1,9,1,0,0,3,20.5937,78.9629,0,3
32,1,2,1,0,1,4,0,20.5937,78.9629,2,5
32,1,2,4,0,2,1,0,20.5937,78.9629,0,3
32,0,2,3,0,3,3,0,20.5937,78.9629,0,3
32,1,2,10,0,3,2,0,20.5937,78.9629,1,0
49,0,0,5,0,0,0,0,20.5937,78.9629,0,1
32,0,2,2,0,1,4,0,20.5937,78.9629,1,6
32,0,2,3,0,3,4,1,20.5937,78.9629,3,3
32,1,2,7,2,3,2,2,20.5937,78.9629,0,4
32,2,2,11,0,4,4,0,20.5937,78.9629,1,3
46,0,0,2,0,0,0,0,20.5937,78.9629,0,0
32,0,2,6,0,3,1,1,20.5937,78.9629,0,3
32,0,2,3,3,3,4,1,20.5937,78.9629,0,4
32,1,2,8,0,2,2,2,20.5937,78.9629,3,1
32,1,2,7,0,2,1,0,20.5937,78.9629,0,4
32,0,2,8,0,3,4,2,20.5937,78.9629,2,5
12,0,2,6,3,3,4,0,28.6139,77.209,2,0
12,0,2,5,1,1,1,0,28.6139,77.209,2,6
12,0,2,12,0,2,1,2,28.6139,77.209,3,0
12,0,1,2,0,2,4,0,28.6139,77.209,0,3
12,0,1,12,3,3,1,2,28.6139,77.209,3,1
12,0,2,2,0,4,3,2,28.6139,77.209,1,5
12,1,2,6,1,4,3,2,28.6139,77.209,0,0
12,0,2,8,0,3,1,0,28.6139,77.209,0,0
12,0,2,3,1,0,0,0,28.6139,77.209,1,6
12,0,0,3,1,0,0,1,28.6139,77.209,2,3
36,0,0,13,1,0,0,0,25.3176,82.9739,1,1
12,0,2,8,3,4,2,0,28.6139,77.209,0,6
12,1,0,3,0,0,0,0,28.6139,77.209,0,4
12,1,2,2,0,4,1,0,28.6139,77.209,1,1
41,0,0,9,4,0,0,3,20.5937,78.9629,0,1
12,0,2,5,0,1,4,0,28.6139,77.209,2,5
12,0,2,5,0,4,2,0,28.6139,77.209,3,2
12,1,2,8,4,4,3,1,28.6139,77.209,1,1
12,0,2,6,0,4,2,2,28.6139,77.209,3,1
44,1,0,1,0,0,0,1,20.5937,78.9629,0,0
12,1,1,7,3,0,0,3,28.6139,77.209,2,6
12,1,2,8,0,2,3,0,28.6139,77.209,1,4
12,1,0,3,4,0,0,0,28.6139,77.209,0,5
1,0,1,12,3,0,0,3,27.1767,78.0081,0,1
12,0,2,3,1,3,1,0,28.6139,77.209,2,6
12,0,2,1,2,4,2,1,28.6139,77.209,0,1
12,0,2,5,4,2,3,2,28.6139,77.209,0,2
12,1,2,14,0,1,2,2,28.6139,77.209,2,1
12,0,2,13,1,1,3,0,28.6139,77.209,2,6
12,0,2,15,0,3,4,0,28.6139,77.209,0,1
12,1,1,3,2,1,4,0,28.6139,77.209,0,5
12,1,2,8,0,3,3,0,28.6139,77.209,1,4
30,1,0,5,2,0,0,1,20.5937,78.9629,0,0
12,0,2,6,3,4,3,0,28.6139,77.209,3,1
12,0,1,2,0,0,0,2,28.6139,77.209,3,5
12,0,0,7,4,0,0,0,28.6139,77.209,0,5
12,2,1,1,3,2,4,0,28.6139,77.209,1,2
12,0,2,12,0,2,2,3,28.6139,77.209,3,1
12,0,2,6,4,0,0,1,28.6139,77.209,1,1
12,0,2,7,2,1,3,2,28.6139,77.209,2,4
37,0,2,3,3,3,2,3,20.5937,78.9629,3,5
37,0,0,12,3,0,0,0,20.5937,78.9629,0,6
3,2,1,3,0,0,0,0,20.5937,78.9629,0,6
37,0,0,3,1,0,0,2,20.5937,78.9629,1,5
22,0,0,2,1,0,0,3,20.5937,78.9629,0,1
37,0,0,16,4,0,0,0,20.5937,78.9629,2,4
37,1,2,12,2,2,1,3,20.5937,78.9629,3,4
37,0,2,8,0,2,1,3,20.5937,78.9629,1,1
37,0,2,12,1,3,3,0,20.5937,78.9629,0,0
37,0,1,2,0,0,0,0,20.5937,78.9629,3,4
37,0,2,6,0,3,1,1,20.5937,78.9629,0,2
37,0,1,3,0,0,0,3,20.5937,78.9629,1,0
37,1,2,8,4,1,2,3,20.5937,78.9629,1,2
37,1,0,0,0,0,0,3,20.5937,78.9629,0,5
37,0,2,0,0,1,3,3,20.5937,78.9629,0,6
37,0,2,8,3,4,2,2,20.5937,78.9629,0,4
37,2,2,8,0,3,4,2,20.5937,78.9629,0,0
37,0,2,8,4,4,4,0,20.5937,78.9629,3,1
37,1,2,7,0,2,2,0,20.5937,78.9629,1,5
37,1,0,12,3,0,0,1,20.5937,78.9629,2,6
37,1,2,3,0,1,3,1,20.5937,78.9629,1,0
37,2,2,2,0,3,1,0,20.5937,78.9629,1,5