Million_Plus_Cities,Age_band_of_driver,Accident_severity,Cause_of_accident,Weather Conditions,Road Type,Road Condition,Lighting Conditions,Latitude,Longitude,Time_Block,Vehicle Type Involved
37,0,2,12,0,2,3,0,20.5937,78.9629,1,0
37,1,2,12,0,0,0,3,20.5937,78.9629,0,2
37,1,2,8,1,1,4,3,20.5937,78.9629,1,1
37,2,2,5,3,1,3,1,20.5937,78.9629,3,5
37,0,1,3,0,0,0,0,20.5937,78.9629,0,3
37,0,0,3,4,0,0,3,20.5937,78.9629,1,1
37,0,0,8,4,0,0,0,20.5937,78.9629,1,2
37,0,1,8,0,0,0,3,20.5937,78.9629,0,0
37,0,1,16,0,4,4,2,20.5937,78.9629,2,5
37,0,1,13,0,4,2,0,20.5937,78.9629,0,1
37,2,2,6,0,2,1,2,20.5937,78.9629,0,6
23,1,0,7,0,0,0,0,17.385,78.4867,2,2
37,0,2,6,1,4,2,3,20.5937,78.9629,3,2
15,0,0,5,2,0,0,2,20.5937,78.9629,0,1
37,0,2,5,0,1,2,3,20.5937,78.9629,2,0
37,1,2,0,4,1,1,2,20.5937,78.9629,3,4
37,1,2,8,4,3,1,0,20.5937,78.9629,0,0
37,2,0,0,1,0,0,0,20.5937,78.9629,3,3
39,0,0,6,1,0,0,0,20.5937,78.9629,2,4
39,0,2,12,3,3,3,3,20.5937,78.9629,3,1
39,1,2,8,3,0,0,0,20.5937,78.9629,1,2
39,0,2,5,1,0,0,2,20.5937,78.9629,0,5
39,0,1,3,0,0,0,1,20.5937,78.9629,0,3
39,0,0,8,0,0,0,3,20.5937,78.9629,1,3
39,0,2,12,0,3,0,0,20.5937,78.9629,1,5
39,0,2,8,2,4,0,3,20.5937,78.9629,1,2
39,1,0,6,4,0,0,1,20.5937,78.9629,2,5
39,1,2,3,3,2,1,0,20.5937,78.9629,2,1
39,1,0,7,0,0,0,2,20.5937,78.9629,1,1
39,0,2,6,0,1,2,1,20.5937,78.9629,0,5
26,1,0,2,0,0,0,2,12.9716,77.5946,0,0
39,2,2,17,0,4,3,0,20.5937,78.9629,2,2
23,0,0,14,0,0,0,0,17.385,78.4867,3,3
49,0,0,12,0,0,0,2,20.5937,78.9629,3,1
39,0,2,14,0,3,3,0,20.5937,78.9629,0,1
39,1,2,12,2,4,2,0,20.5937,78.9629,1,1
39,1,0,7,0,0,0,2,20.5937,78.9629,2,6
39,0,2,12,3,2,4,2,20.5937,78.9629,0,1
39,0,2,3,0,1,3,0,20.5937,78.9629,2,3
39,1,2,0,0,4,2,0,20.5937,78.9629,2,6
39,1,0,12,3,0,0,3,20.5937,78.9629,2,0
39,0,2,3,3,3,2,1,20.5937,78.9629,1,1
39,1,0,12,0,0,0,0,20.5937,78.9629,3,2
39,0,0,12,3,0,0,3,20.5937,78.9629,3,0
39,1,2,12,2,3,0,0,20.5937,78.9629,3,4
39,2,1,3,0,3,1,0,20.5937,78.9629,3,0
39,0,1,3,3,4,4,0,20.5937,78.9629,0,0
39,0,0,12,0,0,0,0,20.5937,78.9629,1,1
36,0,0,1,4,0,0,2,25.3176,82.9739,0,2
39,1,1,3,3,3,1,0,20.5937,78.9629,0,3
39,0,1,8,0,4,4,0,20.5937,78.9629,1,6
39,2,0,5,0,0,0,2,20.5937,78.9629,0,2
39,0,2,3,0,3,3,0,20.5937,78.9629,1,1
39,0,2,3,0,1,3,1,20.5937,78.9629,0,2
39,0,2,1,0,4,3,3,20.5937,78.9629,0,3
39,0,2,5,1,4,3,0,20.5937,78.9629,2,6
13,1,0,14,4,0,0,2,20.5937,78.9629,1,1
39,1,2,1,0,4,2,0,20.5937,78.9629,1,2
20,0,2,6,0,4,4,1,20.5937,78.9629,0,1
46,0,1,0,0,0,0,1,20.5937,78.9629,1,3
20,0,0,5,0,0,0,0,20.5937,78.9629,0,6
20,0,2,6,4,3,2,0,20.5937,78.9629,3,0
20,0,2,7,0,3,2,1,20.5937,78.9629,1,5
20,2,0,3,0,0,0,3,20.5937,78.9629,1,2
20,1,1,3,3,0,0,0,20.5937,78.9629,1,3
20,1,2,3,0,1,2,0,20.5937,78.9629,0,5
20,1,2,14,1,2,1,1,20.5937,78.9629,1,6
20,1,2,2,0,2,1,0,20.5937,78.9629,1,1
20,1,2,0,0,2,2,1,20.5937,78.9629,0,6
20,0,0,13,4,0,0,3,20.5937,78.9629,1,2
20,0,1,0,4,4,1,1,20.5937,78.9629,0,4
20,0,1,8,1,1,3,0,20.5937,78.9629,1,5
20,0,2,5,0,2,2,3,20.5937,78.9629,2,0
20,0,2,6,0,1,4,3,20.5937,78.9629,2,6
20,1,0,3,4,0,0,2,20.5937,78.9629,0,1
20,1,2,5,0,1,4,3,20.5937,78.9629,3,6
20,1,2,8,3,4,2,1,20.5937,78.9629,3,1
38,0,0,12,3,0,0,2,20.5937,78.9629,1,2
20,1,1,8,3,2,1,2,20.5937,78.9629,3,2
20,0,1,0,0,3,3,1,20.5937,78.9629,2,5
20,1,0,8,0,0,0,3,20.5937,78.9629,0,0
20,0,2,0,1,3,1,0,20.5937,78.9629,0,2
20,0,2,7,0,1,4,0,20.5937,78.9629,1,2
20,0,2,2,0,4,2,0,20.5937,78.9629,1,1
20,0,2,8,2,3,2,0,20.5937,78.9629,1,1
48,1,0,5,0,0,0,0,20.5937,78.9629,0,1
20,0,1,8,0,2,2,3,20.5937,78.9629,2,4
20,0,2,7,0,2,3,0,20.5937,78.9629,2,4
39,0,0,0,0,0,0,1,20.5937,78.9629,3,1
20,2,2,7,3,1,2,0,20.5937,78.9629,3,1
20,0,2,8,4,4,1,3,20.5937,78.9629,0,0
20,0,2,7,0,1,1,0,20.5937,78.9629,1,1
20,2,2,12,0,2,4,1,20.5937,78.9629,0,5
20,1,0,9,1,0,0,0,20.5937,78.9629,2,2
20,1,2,12,2,2,2,0,20.5937,78.9629,1,4
20,0,2,2,0,1,1,0,20.5937,78.9629,3,0
25,2,0,6,0,0,0,1,20.5937,78.9629,1,3
40,2,1,3,3,0,0,0,20.5937,78.9629,1,2
41,1,0,3,1,0,0,0,20.5937,78.9629,1,1
41,1,2,8,0,3,1,3,20.5937,78.9629,1,6
41,0,2,8,0,1,4,0,20.5937,78.9629,0,0
41,0,1,2,4,3,2,3,20.5937,78.9629,1,2
41,0,1,3,0,1,2,1,20.5937,78.9629,1,6
41,1,1,6,2,2,2,2,20.5937,78.9629,3,1
15,1,0,2,0,0,0,0,20.5937,78.9629,1,6
41,1,1,6,0,4,4,0,20.5937,78.9629,1,4
41,1,1,0,2,2,4,0,20.5937,78.9629,0,6
41,0,2,17,0,4,3,3,20.5937,78.9629,1,1
41,0,2,8,1,4,3,3,20.5937,78.9629,2,2
41,0,2,8,4,0,0,0,20.5937,78.9629,0,0
41,0,2,8,3,2,1,0,20.5937,78.9629,3,2
41,0,1,2,0,0,0,0,20.5937,78.9629,1,0
41,0,2,6,0,0,0,3,20.5937,78.9629,1,2
41,2,2,13,0,4,2,2,20.5937,78.9629,1,1
41,0,2,1,0,1,4,1,20.5937,78.9629,3,3
41,0,2,5,0,2,0,2,20.5937,78.9629,1,6
25,0,0,2,1,0,0,3,20.5937,78.9629,1,4
41,0,2,7,0,4,3,0,20.5937,78.9629,1,0
35,0,0,2,3,0,0,0,18.5204,73.8567,0,0
41,1,2,8,4,2,2,0,20.5937,78.9629,1,5
41,1,2,0,3,2,1,0,20.5937,78.9629,3,6
41,0,0,2,1,0,0,2,20.5937,78.9629,0,1
41,0,2,5,3,1,3,1,20.5937,78.9629,2,2
0,0,0,8,1,0,0,0,26.9124,75.7873,0,0
41,1,2,0,4,3,2,2,20.5937,78.9629,1,2
41,1,2,8,0,3,3,0,20.5937,78.9629,1,0
41,0,2,2,0,0,0,0,20.5937,78.9629,2,0
2,0,1,2,0,0,0,1,19.076,72.8777,3,0
41,0,2,7,0,1,0,3,20.5937,78.9629,0,5
41,1,2,2,0,1,3,1,20.5937,78.9629,1,5
41,0,2,12,0,4,2,0,20.5937,78.9629,0,5
41,0,2,12,0,3,2,1,20.5937,78.9629,0,5
41,0,2,7,1,4,3,0,20.5937,78.9629,3,0
41,0,2,9,0,1,4,2,20.5937,78.9629,3,6
41,0,2,8,2,1,2,0,20.5937,78.9629,1,6
41,0,2,2,2,1,4,0,20.5937,78.9629,0,0
41,0,2,6,3,0,0,3,20.5937,78.9629,1,2
41,0,2,8,0,3,3,0,20.5937,78.9629,0,1
16,1,0,7,1,0,0,0,20.5937,78.9629,3,6
23,0,2,7,0,2,1,0,17.385,78.4867,2,5
23,2,2,6,0,1,1,3,17.385,78.4867,0,5
23,1,2,12,0,3,3,3,17.385,78.4867,3,2
23,0,1,3,0,0,0,1,17.385,78.4867,0,5
23,1,0,2,1,0,0,0,17.385,78.4867,1,2
23,0,0,0,3,0,0,2,17.385,78.4867,1,0
23,1,0,12,0,0,0,3,17.385,78.4867,0,2
23,0,1,14,2,4,1,3,17.385,78.4867,1,2
21,0,1,14,0,0,0,3,20.5937,78.9629,0,5
23,0,2,7,0,3,3,0,17.385,78.4867,2,1
23,0,0,2,0,0,0,1,17.385,78.4867,2,6
23,0,2,3,0,1,2,0,17.385,78.4867,0,5
30,0,1,12,0,0,0,2,20.5937,78.9629,1,2
23,1,2,8,0,1,2,3,17.385,78.4867,0,1
23,1,2,9,0,4,0,0,17.385,78.4867,2,0
23,1,2,18,0,2,0,0,17.385,78.4867,1,5
23,0,1,3,0,0,0,1,17.385,78.4867,0,1
23,0,1,12,1,3,4,0,17.385,78.4867,3,4
23,1,2,0,0,2,2,0,17.385,78.4867,2,6
23,1,2,17,1,4,3,0,17.385,78.4867,3,3
23,0,2,3,0,3,3,0,17.385,78.4867,2,1
23,0,2,12,1,1,1,2,17.385,78.4867,1,1
14,0,0,6,2,0,0,2,13.0827,80.2707,1,5
23,0,1,0,1,4,2,1,17.385,78.4867,1,1
23,1,1,2,2,0,0,1,17.385,78.4867,0,2
23,1,1,16,1,3,3,2,17.385,78.4867,2,5
23,0,1,8,0,4,2,1,17.385,78.4867,2,6
7,0,0,12,0,0,0,3,22.5726,88.3639,2,4
23,0,2,8,0,0,0,0,17.385,78.4867,0,1
23,1,2,2,4,1,2,0,17.385,78.4867,0,2
23,2,2,7,1,0,0,0,17.385,78.4867,3,6
23,0,2,8,1,1,1,3,17.385,78.4867,0,1
23,0,2,8,1,2,0,0,17.385,78.4867,3,3
4,1,1,2,3,0,0,1,20.5937,78.9629,0,5
23,1,2,8,2,2,3,1,17.385,78.4867,0,1
23,0,2,2,0,2,0,3,17.385,78.4867,1,2
23,0,2,8,0,2,1,3,17.385,78.4867,3,6
23,0,2,8,0,1,4,1,17.385,78.4867,3,1
23,0,2,8,0,2,1,1,17.385,78.4867,2,6
15,1,0,2,2,0,0,0,20.5937,78.9629,0,0
9,0,1,3,0,0,0,0,20.5937,78.9629,0,5
9,1,2,0,1,2,1,0,20.5937,78.9629,1,0
22,1,0,3,2,0,0,0,20.5937,78.9629,0,1
9,0,2,8,2,4,1,0,20.5937,78.9629,1,6
9,0,2,1,1,2,2,1,20.5937,78.9629,0,4
9,1,1,5,0,0,0,3,20.5937,78.9629,3,0
9,0,2,5,0,4,2,0,20.5937,78.9629,3,0
9,1,2,3,0,2,2,0,20.5937,78.9629,1,6
9,2,2,7,0,2,3,0,20.5937,78.9629,0,0
9,0,2,6,4,3,1,0,20.5937,78.9629,3,0
9,1,2,2,4,3,1,0,20.5937,78.9629,3,2
9,0,2,2,1,1,1,1,20.5937,78.9629,3,1
9,1,2,1,0,2,3,3,20.5937,78.9629,0,2
9,0,2,8,4,2,4,3,20.5937,78.9629,0,1
9,0,0,6,0,0,0,0,20.5937,78.9629,3,5
9,1,2,3,0,0,0,0,20.5937,78.9629,0,5
9,2,2,2,3,2,3,1,20.5937,78.9629,1,1
9,0,1,8,0,4,2,0,20.5937,78.9629,1,2
9,1,0,12,2,0,0,3,20.5937,78.9629,1,1
9,0,2,7,0,3,4,0,20.5937,78.9629,1,2
9,0,2,12,4,4,2,1,20.5937,78.9629,0,1
2,2,0,0,4,0,0,2,19.076,72.8777,0,1
9,0,2,8,3,2,4,2,20.5937,78.9629,0,1
9,0,2,8,0,1,1,0,20.5937,78.9629,1,6
9,0,2,8,0,4,1,1,20.5937,78.9629,1,1
11,2,0,2,1,0,0,2,20.5937,78.9629,2,4
9,0,2,2,1,2,3,3,20.5937,78.9629,3,3
9,0,2,0,0,1,2,3,20.5937,78.9629,3,0
9,1,2,3,0,3,4,0,20.5937,78.9629,3,6
8,1,1,6,1,0,0,0,20.5937,78.9629,0,0
22,0,0,0,0,0,0,2,20.5937,78.9629,3,5
9,0,2,1,1,1,3,0,20.5937,78.9629,0,0
9,2,2,2,0,3,4,3,20.5937,78.9629,1,0
9,1,2,3,4,1,4,0,20.5937,78.9629,0,1
9,0,2,1,2,3,4,2,20.5937,78.9629,1,0
29,0,1,4,4,0,0,1,20.5937,78.9629,1,5
9,0,1,5,0,3,3,0,20.5937,78.9629,3,2
38,0,0,6,0,0,0,0,20.5937,78.9629,0,6
9,0,0,3,0,0,0,0,20.5937,78.9629,0,4
40,0,0,0,4,0,0,3,20.5937,78.9629,1,4
40,0,1,2,2,0,0,3,20.5937,78.9629,1,1
40,0,1,7,0,4,3,2,20.5937,78.9629,3,3
40,0,2,8,0,4,4,0,20.5937,78.9629,0,5
40,0,2,6,3,0,0,1,20.5937,78.9629,2,2
3,0,0,8,2,0,0,3,20.5937,78.9629,0,4
40,2,2,8,2,1,0,1,20.5937,78.9629,1,3
40,1,2,0,0,0,0,3,20.5937,78.9629,3,5
40,0,0,3,0,0,0,2,20.5937,78.9629,3,2
40,1,2,7,0,1,1,0,20.5937,78.9629,0,2
40,0,0,0,0,0,0,3,20.5937,78.9629,1,3
40,0,2,9,0,2,1,0,20.5937,78.9629,3,0
40,0,2,1,0,4,4,0,20.5937,78.9629,1,0
40,0,2,4,0,1,2,2,20.5937,78.9629,1,0
41,1,0,3,0,0,0,1,20.5937,78.9629,1,5
40,1,1,10,0,0,0,1,20.5937,78.9629,1,5
40,1,2,5,0,4,4,2,20.5937,78.9629,3,5
40,0,2,2,3,4,4,3,20.5937,78.9629,0,3
40,1,2,3,0,1,3,3,20.5937,78.9629,0,6
40,0,2,7,0,0,0,0,20.5937,78.9629,0,2
40,1,2,11,3,3,1,1,20.5937,78.9629,1,4
40,2,2,2,2,4,1,3,20.5937,78.9629,1,3
40,0,2,6,3,4,2,1,20.5937,78.9629,0,1
40,0,1,3,4,3,1,1,20.5937,78.9629,2,5
40,0,1,8,0,2,3,1,20.5937,78.9629,0,5
40,0,1,7,0,0,0,3,20.5937,78.9629,0,3
40,0,2,8,0,3,2,0,20.5937,78.9629,0,1
40,1,2,6,2,1,4,1,20.5937,78.9629,0,1
40,1,2,5,2,2,3,2,20.5937,78.9629,0,1
40,1,2,12,0,4,3,1,20.5937,78.9629,3,4
40,1,1,2,4,4,0,0,20.5937,78.9629,0,1
40,0,1,12,3,4,4,1,20.5937,78.9629,3,4
40,0,2,2,4,4,1,0,20.5937,78.9629,3,1
40,0,2,6,0,3,3,0,20.5937,78.9629,0,1
40,0,2,8,0,4,4,0,20.5937,78.9629,0,2
40,0,2,3,0,2,3,2,20.5937,78.9629,0,0
40,0,2,3,2,4,3,0,20.5937,78.9629,1,3
47,1,0,13,1,0,0,0,20.5937,78.9629,1,6
40,0,2,8,1,3,3,3,20.5937,78.9629,2,0
40,1,2,3,1,4,0,1,20.5937,78.9629,0,2
0,0,2,2,0,2,1,0,26.9124,75.7873,0,0
7,0,1,9,0,0,0,0,22.5726,88.3639,1,1
0,0,0,5,0,0,0,0,26.9124,75.7873,0,1
0,2,2,5,0,3,1,0,26.9124,75.7873,1,4
43,0,0,8,1,0,0,2,20.5937,78.9629,1,4
43,2,1,6,0,0,0,0,20.5937,78.9629,0,4
0,0,2,1,4,2,4,0,26.9124,75.7873,1,0
1,2,0,7,0,0,0,0,27.1767,78.0081,0,2
42,0,0,8,2,0,0,0,20.5937,78.9629,0,6
0,0,2,3,0,3,4,0,26.9124,75.7873,1,1
0,2,2,12,0,0,0,0,26.9124,75.7873,3,1
48,0,0,3,1,0,0,3,20.5937,78.9629,2,3
20,0,0,1,0,0,0,3,20.5937,78.9629,0,4
0,2,2,5,0,3,4,3,26.9124,75.7873,1,5
0,0,1,14,4,1,3,0,26.9124,75.7873,1,4
0,1,1,13,0,2,4,3,26.9124,75.7873,0,1
0,1,2,15,0,4,4,0,26.9124,75.7873,0,2
0,0,1,3,2,0,0,0,26.9124,75.7873,1,1
35,0,0,8,0,0,0,0,18.5204,73.8567,2,4
31,0,1,5,0,0,0,2,26.8467,80.9462,3,1
0,0,2,6,0,2,4,3,26.9124,75.7873,1,4
36,1,0,2,0,0,0,1,25.3176,82.9739,3,4
47,1,0,7,0,0,0,0,20.5937,78.9629,0,3
0,2,2,1,3,3,2,1,26.9124,75.7873,0,5
0,0,0,12,0,0,0,0,26.9124,75.7873,2,6
0,1,2,6,3,4,2,0,26.9124,75.7873,3,2
0,0,1,7,0,0,0,2,26.9124,75.7873,0,0
0,1,2,3,0,4,1,1,26.9124,75.7873,3,1
29,0,1,12,1,0,0,2,20.5937,78.9629,0,2
3,0,0,3,3,0,0,1,20.5937,78.9629,0,1
0,2,2,3,2,1,1,2,26.9124,75.7873,2,2
0,0,2,2,0,4,1,3,26.9124,75.7873,0,6
0,0,2,16,0,3,0,1,26.9124,75.7873,1,6
0,0,1,12,0,4,4,2,26.9124,75.7873,1,0
0,2,0,8,0,0,0,2,26.9124,75.7873,2,5
0,2,1,12,4,1,2,2,26.9124,75.7873,1,2
0,0,2,2,0,1,3,3,26.9124,75.7873,2,5
30,0,1,6,0,0,0,2,20.5937,78.9629,0,6
5,0,1,3,4,0,0,1,23.0225,72.5714,3,5
0,1,2,8,3,3,1,3,26.9124,75.7873,0,2
11,0,2,0,3,2,1,0,20.5937,78.9629,3,3
11,2,2,0,0,3,3,0,20.5937,78.9629,3,2
11,0,2,8,0,3,4,1,20.5937,78.9629,2,4
48,1,1,8,1,0,0,1,20.5937,78.9629,0,1
0,2,0,8,0,0,0,0,26.9124,75.7873,1,5
11,1,2,7,1,3,3,0,20.5937,78.9629,3,5
18,0,0,12,0,0,0,1,21.1702,72.8311,1,5
11,0,2,3,3,1,4,2,20.5937,78.9629,2,2
11,0,2,2,0,4,2,0,20.5937,78.9629,1,2
11,0,2,12,0,1,1,0,20.5937,78.9629,3,0
11,0,2,12,0,2,2,1,20.5937,78.9629,0,1
11,0,2,8,2,2,4,2,20.5937,78.9629,3,1
42,0,1,5,0,0,0,1,20.5937,78.9629,0,0
11,1,2,3,2,4,4,0,20.5937,78.9629,0,1
11,1,2,3,0,1,3,2,20.5937,78.9629,1,1
11,0,2,8,2,1,1,0,20.5937,78.9629,2,1
11,1,2,8,2,1,2,3,20.5937,78.9629,1,1
11,1,0,16,3,0,0,2,20.5937,78.9629,2,3
11,1,2,13,1,0,0,0,20.5937,78.9629,1,3
11,2,2,6,0,3,2,0,20.5937,78.9629,0,0
11,1,2,7,1,2,1,0,20.5937,78.9629,1,0
33,0,1,6,0,0,0,0,20.5937,78.9629,0,6
11,1,1,5,0,0,0,3,20.5937,78.9629,1,3
39,0,0,5,1,0,0,2,20.5937,78.9629,3,0
11,0,1,0,0,0,0,1,20.5937,78.9629,2,3
11,0,2,8,0,2,1,1,20.5937,78.9629,1,6
11,0,2,0,2,2,1,3,20.5937,78.9629,0,1
11,0,2,6,0,1,2,0,20.5937,78.9629,0,5
17,0,0,12,2,0,0,3,20.5937,78.9629,3,2
11,0,0,8,0,0,0,2,20.5937,78.9629,1,1
11,0,1,5,0,2,2,1,20.5937,78.9629,1,1
11,0,1,3,0,4,1,0,20.5937,78.9629,3,1
39,2,0,8,0,0,0,0,20.5937,78.9629,3,2
29,2,0,12,1,0,0,0,20.5937,78.9629,1,2
11,1,2,8,0,2,1,0,20.5937,78.9629,3,1
11,2,0,6,2,0,0,0,20.5937,78.9629,3,1
11,0,2,3,0,2,3,0,20.5937,78.9629,0,2
11,0,2,7,4,3,2,1,20.5937,78.9629,1,4
11,0,2,6,0,4,2,0,20.5937,78.9629,1,6
11,0,0,2,2,0,0,3,20.5937,78.9629,2,5
16,0,0,17,0,0,0,3,20.5937,78.9629,0,2
30,0,2,14,0,1,3,0,20.5937,78.9629,3,5
30,0,2,12,0,4,4,0,20.5937,78.9629,2,4
30,0,2,14,0,2,1,2,20.5937,78.9629,2,1
29,2,0,12,1,0,0,2,20.5937,78.9629,3,6
30,0,1,7,1,4,4,3,20.5937,78.9629,1,1
30,0,2,12,0,4,1,0,20.5937,78.9629,1,4
30,1,1,3,1,3,4,0,20.5937,78.9629,1,1
30,0,2,0,2,3,3,0,20.5937,78.9629,2,0
30,0,0,12,1,0,0,0,20.5937,78.9629,0,5
31,0,0,3,1,0,0,0,26.8467,80.9462,2,4
30,0,2,12,4,4,4,3,20.5937,78.9629,1,4
30,0,2,12,0,4,4,0,20.5937,78.9629,1,2
30,1,2,12,1,3,0,3,20.5937,78.9629,1,2
43,1,1,3,0,0,0,0,20.5937,78.9629,1,3
30,0,2,3,0,1,1,0,20.5937,78.9629,2,0
30,0,2,12,0,1,1,1,20.5937,78.9629,1,5
1,1,1,1,2,0,0,3,27.1767,78.0081,2,5
7,0,0,3,0,0,0,2,22.5726,88.3639,1,0
30,2,2,8,0,0,0,0,20.5937,78.9629,0,5
30,0,2,5,2,4,0,0,20.5937,78.9629,2,0
37,0,1,3,2,0,0,3,20.5937,78.9629,1,4
41,1,0,3,1,0,0,3,20.5937,78.9629,0,6
30,0,0,1,0,0,0,0,20.5937,78.9629,2,1
30,0,2,5,2,3,2,2,20.5937,78.9629,3,1
30,0,1,14,0,3,3,0,20.5937,78.9629,2,1
30,0,2,1,0,4,2,2,20.5937,78.9629,3,3
30,0,1,6,0,0,0,3,20.5937,78.9629,2,0
30,0,2,0,0,4,1,3,20.5937,78.9629,1,1
30,1,1,5,0,0,0,0,20.5937,78.9629,0,3
30,0,2,6,0,4,3,2,20.5937,78.9629,3,6
30,1,1,7,0,0,0,0,20.5937,78.9629,0,6
12,1,0,3,0,0,0,2,28.6139,77.209,0,6
30,0,2,3,1,4,4,0,20.5937,78.9629,0,1
30,0,2,3,0,2,2,0,20.5937,78.9629,3,6
30,0,1,14,0,4,4,2,20.5937,78.9629,3,3
3,2,0,2,0,0,0,0,20.5937,78.9629,1,5
30,0,0,0,1,0,0,3,20.5937,78.9629,0,6
30,0,2,13,4,3,1,1,20.5937,78.9629,0,4
30,0,0,0,0,0,0,3,20.5937,78.9629,0,5
28,0,0,8,1,0,0,3,20.5937,78.9629,1,6
44,0,2,5,3,0,0,0,20.5937,78.9629,1,6
45,0,0,6,0,0,0,2,26.4499,80.3319,2,4
44,0,2,3,2,3,2,0,20.5937,78.9629,0,1
34,0,0,5,0,0,0,1,25.5941,85.1376,0,5
44,0,2,8,4,0,0,3,20.5937,78.9629,2,1
44,0,2,12,0,2,2,0,20.5937,78.9629,2,6
44,0,2,8,0,4,1,0,20.5937,78.9629,1,0
44,0,2,0,0,1,1,3,20.5937,78.9629,0,2
44,0,2,8,1,3,2,3,20.5937,78.9629,3,2
44,1,2,0,1,2,4,2,20.5937,78.9629,2,6
5,0,1,7,1,0,0,1,23.0225,72.5714,3,4
44,0,2,2,3,4,1,3,20.5937,78.9629,0,5
44,1,2,8,0,1,4,1,20.5937,78.9629,1,6
44,1,2,5,0,2,2,2,20.5937,78.9629,0,0
44,1,2,8,3,4,3,0,20.5937,78.9629,0,0
44,0,0,7,0,0,0,2,20.5937,78.9629,0,5
23,0,0,0,4,0,0,0,17.385,78.4867,0,3
44,2,2,7,2,2,2,2,20.5937,78.9629,3,2
44,1,0,8,3,0,0,0,20.5937,78.9629,1,2
30,0,0,7,4,0,0,0,20.5937,78.9629,3,2
44,0,1,12,0,3,3,0,20.5937,78.9629,1,1
44,0,2,9,3,2,2,0,20.5937,78.9629,1,1
44,0,2,12,0,0,0,0,20.5937,78.9629,0,6
40,2,0,2,0,0,0,1,20.5937,78.9629,1,4
44,1,1,6,0,0,0,0,20.5937,78.9629,0,2
44,0,2,3,2,1,4,3,20.5937,78.9629,0,5
43,0,1,3,1,0,0,0,20.5937,78.9629,2,4
44,0,2,8,0,1,2,2,20.5937,78.9629,0,2
44,0,1,8,0,1,4,2,20.5937,78.9629,1,2
44,0,2,2,2,2,4,0,20.5937,78.9629,0,4
44,0,1,3,0,0,0,0,20.5937,78.9629,0,6
44,0,0,6,0,0,0,0,20.5937,78.9629,3,5
44,2,2,2,0,1,1,0,20.5937,78.9629,0,4
44,1,2,6,2,4,0,0,20.5937,78.9629,1,5
44,0,2,0,0,3,4,3,20.5937,78.9629,1,2
44,0,2,17,0,4,3,0,20.5937,78.9629,0,6
44,0,2,8,2,4,1,2,20.5937,78.9629,0,1
21,0,1,8,0,0,0,0,20.5937,78.9629,1,1
45,0,1,8,0,0,0,1,26.4499,80.3319,1,1
45,1,2,2,0,3,1,2,26.4499,80.3319,1,2
45,0,2,6,4,4,0,1,26.4499,80.3319,3,0
45,2,2,13,0,2,2,2,26.4499,80.3319,2,2
45,1,2,1,0,1,4,2,26.4499,80.3319,1,4
45,0,2,5,0,0,0,1,26.4499,80.3319,0,1
31,0,0,2,0,0,0,1,26.8467,80.9462,0,3
7,0,0,7,4,0,0,0,22.5726,88.3639,3,4
45,1,2,2,0,1,4,0,26.4499,80.3319,1,2
45,0,2,8,1,2,1,0,26.4499,80.3319,3,3
45,0,2,0,0,4,2,2,26.4499,80.3319,0,1
45,2,2,2,0,1,2,0,26.4499,80.3319,1,6
45,2,1,5,2,0,0,3,26.4499,80.3319,2,5
45,0,2,8,3,1,2,3,26.4499,80.3319,0,5
45,0,2,0,3,4,3,1,26.4499,80.3319,1,2
45,0,0,8,2,0,0,0,26.4499,80.3319,2,3
45,0,2,2,0,3,2,3,26.4499,80.3319,1,1
45,1,2,2,0,2,4,2,26.4499,80.3319,2,3
45,1,0,7,0,0,0,0,26.4499,80.3319,1,1
28,1,0,2,0,0,0,0,20.5937,78.9629,0,4
45,1,2,12,0,2,1,0,26.4499,80.3319,1,6
41,1,1,12,3,0,0,1,20.5937,78.9629,2,1
45,2,2,7,0,3,0,0,26.4499,80.3319,3,5
45,0,2,9,2,1,4,0,26.4499,80.3319,1,4
45,1,2,8,1,1,4,0,26.4499,80.3319,0,4
45,0,0,2,0,0,0,1,26.4499,80.3319,1,1
45,0,2,6,3,4,3,2,26.4499,80.3319,2,6
45,0,2,8,3,4,3,1,26.4499,80.3319,3,0
45,2,2,7,0,1,2,0,26.4499,80.3319,0,0
45,0,2,7,0,1,2,0,26.4499,80.3319,3,6
45,1,1,6,0,3,4,0,26.4499,80.3319,1,5
45,0,1,12,4,4,3,0,26.4499,80.3319,3,2
45,0,1,3,4,1,1,2,26.4499,80.3319,2,6
45,0,1,2,2,4,1,0,26.4499,80.3319,3,2
45,0,0,0,0,0,0,2,26.4499,80.3319,2,0
45,1,2,12,2,2,4,0,26.4499,80.3319,3,3
45,0,2,14,0,3,2,0,26.4499,80.3319,0,4