Million_Plus_Cities,Age_band_of_driver,Accident_severity,Cause_of_accident,Weather Conditions,Road Type,Road Condition,Lighting Conditions,Latitude,Longitude,Time_Block,Vehicle Type Involved
45,0,2,14,1,1,2,3,26.4499,80.3319,0,1
45,1,2,7,2,2,4,0,26.4499,80.3319,3,1
45,1,2,2,0,1,2,0,26.4499,80.3319,1,3
45,1,2,3,0,0,0,3,26.4499,80.3319,0,4
47,0,2,12,0,0,0,0,20.5937,78.9629,0,5
47,0,0,8,0,0,0,2,20.5937,78.9629,0,6
47,0,2,9,0,2,2,0,20.5937,78.9629,1,3
47,0,2,18,0,4,4,0,20.5937,78.9629,3,3
47,1,2,3,0,1,1,0,20.5937,78.9629,3,1
47,0,2,12,0,2,0,0,20.5937,78.9629,2,6
47,2,2,0,0,3,1,0,20.5937,78.9629,0,3
33,0,0,17,0,0,0,0,20.5937,78.9629,0,2
47,0,2,3,0,4,2,2,20.5937,78.9629,0,2
47,0,2,12,0,3,2,2,20.5937,78.9629,1,0
16,0,0,6,0,0,0,2,20.5937,78.9629,1,1
47,1,2,0,2,2,4,1,20.5937,78.9629,1,5
47,0,2,2,0,3,1,3,20.5937,78.9629,0,6
47,1,0,16,1,0,0,0,20.5937,78.9629,1,0
47,1,2,8,0,1,2,3,20.5937,78.9629,1,6
47,0,2,12,0,4,4,0,20.5937,78.9629,0,2
47,0,2,8,0,1,2,1,20.5937,78.9629,1,2
35,0,1,2,1,0,0,2,18.5204,73.8567,0,5
47,0,1,7,0,0,0,0,20.5937,78.9629,3,1
16,0,0,8,0,0,0,0,20.5937,78.9629,1,0
47,0,2,8,4,2,2,3,20.5937,78.9629,0,1
3,0,0,2,0,0,0,3,20.5937,78.9629,0,0
47,0,2,8,0,3,2,0,20.5937,78.9629,0,4
47,0,2,2,0,1,1,0,20.5937,78.9629,1,4
33,0,0,8,0,0,0,2,20.5937,78.9629,0,0
47,0,2,8,0,1,2,0,20.5937,78.9629,1,4
47,0,2,8,0,4,3,2,20.5937,78.9629,2,0
47,0,2,2,2,1,4,0,20.5937,78.9629,0,1
47,1,2,3,0,4,2,0,20.5937,78.9629,0,2
47,0,0,0,3,0,0,2,20.5937,78.9629,1,2
47,1,2,3,2,2,3,0,20.5937,78.9629,0,1
47,1,2,8,0,0,0,0,20.5937,78.9629,0,3
47,0,1,1,1,0,0,0,20.5937,78.9629,0,6
47,0,0,5,0,0,0,0,20.5937,78.9629,1,1
47,0,2,5,0,4,3,0,20.5937,78.9629,1,2
47,1,2,3,0,3,1,0,20.5937,78.9629,2,1
47,1,2,7,0,4,0,2,20.5937,78.9629,0,4
35,0,1,6,0,0,0,0,18.5204,73.8567,0,5
47,0,2,2,0,4,4,0,20.5937,78.9629,3,1
30,2,1,2,4,0,0,0,20.5937,78.9629,0,2
22,0,2,1,0,0,0,3,20.5937,78.9629,0,3
22,0,0,8,0,0,0,0,20.5937,78.9629,1,2
22,0,0,6,4,0,0,0,20.5937,78.9629,0,4
23,1,0,3,3,0,0,0,17.385,78.4867,1,1
22,0,0,2,0,0,0,0,20.5937,78.9629,1,1
22,0,2,8,3,1,3,2,20.5937,78.9629,3,1
22,0,2,12,0,1,1,0,20.5937,78.9629,2,0
22,2,2,7,0,4,3,0,20.5937,78.9629,1,6
22,2,0,12,0,0,0,0,20.5937,78.9629,3,1
22,1,2,0,0,3,4,0,20.5937,78.9629,3,0
22,0,2,8,0,1,1,0,20.5937,78.9629,3,1
22,2,0,8,3,0,0,3,20.5937,78.9629,1,0
22,0,2,8,2,1,1,1,20.5937,78.9629,0,2
22,0,2,2,0,1,1,3,20.5937,78.9629,1,1
22,0,2,2,3,3,0,0,20.5937,78.9629,1,1
22,0,2,0,0,1,1,2,20.5937,78.9629,0,3
22,0,0,3,0,0,0,0,20.5937,78.9629,1,1
22,0,2,6,0,4,0,0,20.5937,78.9629,2,5
22,0,2,0,4,3,2,2,20.5937,78.9629,0,1
22,1,0,12,1,0,0,2,20.5937,78.9629,0,3
22,1,2,12,0,3,3,3,20.5937,78.9629,3,0
22,1,2,18,0,2,1,0,20.5937,78.9629,1,2
5,1,0,7,4,0,0,3,23.0225,72.5714,1,6
22,1,2,6,0,4,3,1,20.5937,78.9629,3,0
22,1,2,12,0,2,0,2,20.5937,78.9629,3,1
22,1,2,0,0,2,4,0,20.5937,78.9629,3,1
22,2,2,12,0,3,2,0,20.5937,78.9629,0,0
16,1,1,6,4,0,0,3,20.5937,78.9629,2,6
5,0,0,3,3,0,0,0,23.0225,72.5714,0,1
22,1,2,2,0,1,2,2,20.5937,78.9629,2,2
22,0,2,6,0,1,1,1,20.5937,78.9629,3,4
22,1,1,12,3,0,0,1,20.5937,78.9629,1,4
22,1,0,0,0,0,0,1,20.5937,78.9629,1,6
24,0,1,1,2,0,0,3,20.5937,78.9629,1,1
22,0,2,2,4,4,1,0,20.5937,78.9629,2,2
22,2,2,3,4,1,2,0,20.5937,78.9629,1,5
22,0,2,1,0,2,4,0,20.5937,78.9629,0,5
22,0,1,4,0,2,0,1,20.5937,78.9629,0,3
22,0,1,5,0,0,0,0,20.5937,78.9629,0,0
22,0,2,6,2,2,3,2,20.5937,78.9629,0,5
7,0,2,3,1,3,1,0,22.5726,88.3639,1,2
7,0,2,0,3,2,1,2,22.5726,88.3639,1,1
7,0,2,2,2,4,1,1,22.5726,88.3639,1,6
7,0,2,7,0,3,3,1,22.5726,88.3639,3,1
7,0,2,8,2,3,4,2,22.5726,88.3639,1,4
7,2,0,6,3,0,0,0,22.5726,88.3639,2,6
7,1,2,8,0,3,2,2,22.5726,88.3639,3,5
27,0,0,8,1,0,0,0,20.5937,78.9629,0,2
7,2,2,0,0,4,2,0,22.5726,88.3639,1,0
7,1,2,3,0,0,0,2,22.5726,88.3639,2,4
7,1,2,7,0,1,1,0,22.5726,88.3639,1,6
7,0,2,0,4,1,3,0,22.5726,88.3639,3,1
7,0,2,9,0,1,1,0,22.5726,88.3639,0,1
7,0,2,1,1,2,0,1,22.5726,88.3639,3,3
7,0,2,4,2,4,3,2,22.5726,88.3639,3,4
7,1,2,3,1,1,1,3,22.5726,88.3639,3,1
43,1,0,10,2,0,0,1,20.5937,78.9629,2,0
7,1,2,5,4,1,3,0,22.5726,88.3639,1,3
7,1,2,2,0,2,4,2,22.5726,88.3639,0,0
7,2,1,3,4,0,0,2,22.5726,88.3639,0,6
7,0,2,7,2,3,1,0,22.5726,88.3639,0,4
5,2,0,11,0,0,0,0,23.0225,72.5714,1,6
7,1,1,2,2,3,2,0,22.5726,88.3639,0,4
7,0,1,6,1,1,0,3,22.5726,88.3639,1,6
7,0,2,3,0,1,1,0,22.5726,88.3639,0,2
7,0,2,8,0,1,1,3,22.5726,88.3639,0,1
7,0,2,7,0,2,0,2,22.5726,88.3639,1,6
7,0,2,8,0,1,2,0,22.5726,88.3639,2,6
22,0,0,6,0,0,0,0,20.5937,78.9629,1,0
7,0,2,5,2,3,1,3,22.5726,88.3639,3,1
7,0,2,12,1,2,1,0,22.5726,88.3639,1,0
7,1,2,2,2,4,4,2,22.5726,88.3639,0,6
7,1,2,12,1,1,3,2,22.5726,88.3639,3,0
7,1,2,2,0,1,1,3,22.5726,88.3639,2,5
7,0,2,6,4,1,3,0,22.5726,88.3639,3,1
7,0,2,8,0,1,2,1,22.5726,88.3639,2,0
20,1,0,3,3,0,0,1,20.5937,78.9629,0,6
7,0,2,3,0,4,4,3,22.5726,88.3639,3,6
7,0,2,13,0,3,4,0,22.5726,88.3639,3,1
31,0,0,8,2,0,0,1,26.8467,80.9462,0,1
33,2,2,3,0,0,0,3,20.5937,78.9629,2,0
33,0,2,2,4,4,3,0,20.5937,78.9629,1,4
33,2,0,9,3,0,0,3,20.5937,78.9629,1,1
33,0,2,5,0,2,3,3,20.5937,78.9629,0,1
33,0,2,5,0,3,4,0,20.5937,78.9629,3,0
33,0,2,8,1,1,3,0,20.5937,78.9629,0,3
33,0,2,6,0,3,3,3,20.5937,78.9629,1,4
33,0,2,1,0,0,0,0,20.5937,78.9629,1,5
33,1,1,7,4,3,4,0,20.5937,78.9629,3,6
33,0,2,8,0,4,0,3,20.5937,78.9629,1,0
33,1,2,3,0,2,2,3,20.5937,78.9629,1,5
33,2,2,12,0,1,4,0,20.5937,78.9629,3,5
33,0,2,3,0,1,2,3,20.5937,78.9629,1,1
33,1,1,1,0,3,2,0,20.5937,78.9629,0,2
33,2,2,5,3,2,3,3,20.5937,78.9629,2,1
33,1,1,14,1,0,0,0,20.5937,78.9629,3,6
33,0,2,13,3,4,2,1,20.5937,78.9629,0,3
33,0,0,15,0,0,0,3,20.5937,78.9629,0,2
33,0,0,3,0,0,0,1,20.5937,78.9629,0,2
33,0,2,8,4,3,3,0,20.5937,78.9629,1,1
33,1,2,5,1,1,2,1,20.5937,78.9629,0,3
33,0,2,6,0,2,1,2,20.5937,78.9629,1,4
33,1,2,2,0,3,3,0,20.5937,78.9629,0,4
33,0,2,7,4,3,2,1,20.5937,78.9629,2,4
33,0,2,1,0,2,3,1,20.5937,78.9629,1,0
33,1,0,12,3,0,0,0,20.5937,78.9629,3,0
33,0,2,6,3,4,2,1,20.5937,78.9629,2,6
33,1,2,7,0,1,2,0,20.5937,78.9629,1,2
33,0,2,3,1,1,3,3,20.5937,78.9629,1,0
31,0,0,12,3,0,0,0,26.8467,80.9462,1,5
33,0,0,3,2,0,0,0,20.5937,78.9629,1,1
33,0,0,3,2,0,0,2,20.5937,78.9629,3,2
17,0,1,2,1,0,0,0,20.5937,78.9629,2,1
33,2,2,16,0,2,0,3,20.5937,78.9629,3,5
38,0,1,12,3,0,0,0,20.5937,78.9629,2,1
33,2,2,8,0,1,1,0,20.5937,78.9629,3,6
33,0,2,12,0,0,0,2,20.5937,78.9629,1,2
13,0,1,2,4,0,0,3,20.5937,78.9629,1,0
33,1,2,6,0,2,1,0,20.5937,78.9629,3,0
33,1,2,3,3,4,1,2,20.5937,78.9629,3,0
16,0,0,8,2,0,0,0,20.5937,78.9629,1,6
16,2,2,0,3,2,3,0,20.5937,78.9629,2,3
16,0,2,1,3,3,3,0,20.5937,78.9629,2,1
16,0,0,2,2,0,0,0,20.5937,78.9629,3,2
16,0,2,3,4,4,3,3,20.5937,78.9629,2,6
16,1,2,1,0,1,3,1,20.5937,78.9629,1,0
16,0,2,4,0,4,1,3,20.5937,78.9629,2,1
16,0,2,5,0,4,2,0,20.5937,78.9629,0,1
16,0,2,6,0,2,3,1,20.5937,78.9629,3,2
16,0,2,3,3,4,3,0,20.5937,78.9629,1,3
16,0,2,0,0,3,3,0,20.5937,78.9629,3,5
16,0,2,2,0,3,3,0,20.5937,78.9629,3,3
16,0,2,7,0,3,0,3,20.5937,78.9629,0,6
16,0,2,8,2,1,1,2,20.5937,78.9629,1,6
16,0,2,6,0,1,2,1,20.5937,78.9629,0,1
38,0,0,8,0,0,0,1,20.5937,78.9629,0,1
33,0,0,8,0,0,0,0,20.5937,78.9629,1,2
16,0,2,0,0,3,4,1,20.5937,78.9629,3,1
16,0,2,3,0,1,4,0,20.5937,78.9629,3,1
29,0,0,7,4,0,0,0,20.5937,78.9629,3,6
16,1,1,0,0,4,2,0,20.5937,78.9629,3,5
6,2,0,9,0,0,0,0,20.5937,78.9629,2,3
16,0,2,1,0,1,1,0,20.5937,78.9629,1,1
16,0,2,4,0,3,0,0,20.5937,78.9629,2,5
16,1,2,3,0,2,3,0,20.5937,78.9629,0,0
16,0,2,10,2,1,1,1,20.5937,78.9629,3,2
0,0,0,5,0,0,0,0,26.9124,75.7873,0,4
16,0,1,2,0,4,4,0,20.5937,78.9629,0,6
16,0,1,3,0,4,3,0,20.5937,78.9629,2,1
16,2,1,7,1,1,3,0,20.5937,78.9629,2,6
16,0,1,11,0,3,3,3,20.5937,78.9629,1,1
16,0,1,2,2,0,0,0,20.5937,78.9629,3,2
16,0,0,6,4,0,0,0,20.5937,78.9629,0,5
16,0,2,3,0,4,3,3,20.5937,78.9629,0,6
16,0,1,8,0,0,0,0,20.5937,78.9629,3,2
16,0,2,7,4,2,4,0,20.5937,78.9629,1,2
16,1,2,8,3,1,2,0,20.5937,78.9629,1,2
23,1,1,6,4,0,0,0,17.385,78.4867,2,5
16,0,2,5,0,1,4,3,20.5937,78.9629,0,1
16,0,2,12,0,3,3,3,20.5937,78.9629,0,1
31,1,2,2,3,3,4,1,26.8467,80.9462,3,2
31,0,1,12,0,4,1,0,26.8467,80.9462,1,3
31,0,1,2,3,4,1,2,26.8467,80.9462,0,3
31,1,2,6,0,3,4,0,26.8467,80.9462,1,2
2,0,0,8,0,0,0,3,19.076,72.8777,2,2
31,2,2,3,0,3,3,2,26.8467,80.9462,1,2
3,1,0,3,3,0,0,2,20.5937,78.9629,2,5
31,1,1,13,2,0,0,3,26.8467,80.9462,2,6
31,0,2,8,2,3,1,3,26.8467,80.9462,1,0
31,0,2,3,0,4,4,0,26.8467,80.9462,0,1
31,2,2,2,0,3,4,2,26.8467,80.9462,3,3
31,0,2,9,0,2,1,2,26.8467,80.9462,1,1
31,0,2,5,0,2,3,0,26.8467,80.9462,1,1
31,0,1,5,0,2,3,0,26.8467,80.9462,2,5
10,0,0,8,0,0,0,1,20.5937,78.9629,1,1
31,1,2,6,1,1,4,0,26.8467,80.9462,0,6
31,1,1,1,0,0,0,1,26.8467,80.9462,0,6
31,0,0,7,2,0,0,0,26.8467,80.9462,1,5
31,1,2,8,0,4,1,1,26.8467,80.9462,2,3
31,1,2,3,0,2,3,2,26.8467,80.9462,3,1
31,0,0,12,0,0,0,2,26.8467,80.9462,0,1
31,0,2,3,0,3,1,3,26.8467,80.9462,0,4
31,0,0,1,0,0,0,2,26.8467,80.9462,0,3
31,0,0,5,1,0,0,3,26.8467,80.9462,3,1
31,2,1,14,4,4,2,1,26.8467,80.9462,0,0
31,0,2,13,1,2,2,0,26.8467,80.9462,1,0
31,2,2,15,3,1,4,0,26.8467,80.9462,0,6
19,0,0,3,0,0,0,0,20.5937,78.9629,0,5
31,0,1,8,2,0,0,2,26.8467,80.9462,1,5
31,0,0,5,1,0,0,0,26.8467,80.9462,0,4
31,0,2,6,2,2,3,2,26.8467,80.9462,3,2
31,0,2,2,0,1,1,1,26.8467,80.9462,1,6
31,0,0,7,4,0,0,0,26.8467,80.9462,1,6
31,0,2,1,3,3,2,0,26.8467,80.9462,3,3
31,0,2,12,3,4,3,0,26.8467,80.9462,1,1
31,1,2,6,0,2,4,3,26.8467,80.9462,0,0
31,2,2,7,0,4,4,0,26.8467,80.9462,1,5
28,0,0,3,0,0,0,1,20.5937,78.9629,3,0
31,0,2,12,4,2,1,0,26.8467,80.9462,1,0
31,0,2,3,0,3,3,0,26.8467,80.9462,1,0
43,1,2,3,4,3,0,1,20.5937,78.9629,2,1
4,1,0,2,0,0,0,0,20.5937,78.9629,0,1
39,0,0,16,0,0,0,3,20.5937,78.9629,1,6
43,0,2,12,3,2,0,0,20.5937,78.9629,0,5
43,1,2,8,1,1,2,1,20.5937,78.9629,0,5
43,0,2,12,0,4,3,3,20.5937,78.9629,3,1
43,1,2,2,0,2,0,0,20.5937,78.9629,1,0
3,1,1,6,0,0,0,0,20.5937,78.9629,1,6
43,1,2,3,1,4,4,0,20.5937,78.9629,3,1
44,2,0,8,0,0,0,0,20.5937,78.9629,0,0
43,1,2,0,3,3,3,3,20.5937,78.9629,3,2
43,0,1,0,3,0,0,0,20.5937,78.9629,3,6
16,1,0,8,4,0,0,0,20.5937,78.9629,1,5
43,0,2,8,0,2,1,2,20.5937,78.9629,1,6
35,0,0,8,2,0,0,1,18.5204,73.8567,3,3
43,2,2,7,1,3,3,2,20.5937,78.9629,3,5
43,1,2,12,4,4,4,1,20.5937,78.9629,0,1
43,0,2,3,0,3,1,0,20.5937,78.9629,3,4
43,0,2,2,4,1,4,3,20.5937,78.9629,1,0
43,0,0,12,0,0,0,3,20.5937,78.9629,1,6
39,2,0,12,0,0,0,2,20.5937,78.9629,3,3
43,1,1,8,0,0,0,1,20.5937,78.9629,1,5
43,2,2,5,0,4,4,0,20.5937,78.9629,2,1
43,0,2,3,3,4,0,1,20.5937,78.9629,0,0
43,0,2,3,3,1,1,1,20.5937,78.9629,1,1
43,1,2,8,1,3,3,2,20.5937,78.9629,1,1
43,1,2,8,0,1,1,0,20.5937,78.9629,3,1
18,1,1,16,3,0,0,3,21.1702,72.8311,0,0
19,0,0,13,0,0,0,0,20.5937,78.9629,0,5
43,1,1,6,0,3,4,2,20.5937,78.9629,1,5
43,0,2,7,0,4,2,0,20.5937,78.9629,0,4
43,1,2,6,1,3,2,3,20.5937,78.9629,0,4
43,0,2,5,0,1,1,0,20.5937,78.9629,1,1
43,0,2,5,0,3,2,0,20.5937,78.9629,0,0
43,0,2,0,3,3,4,0,20.5937,78.9629,3,3
43,0,0,8,4,0,0,0,20.5937,78.9629,3,5
43,0,2,0,0,4,1,0,20.5937,78.9629,0,6
43,1,2,6,3,3,1,0,20.5937,78.9629,0,1
43,0,2,12,0,4,2,0,20.5937,78.9629,0,2
43,0,0,8,0,0,0,0,20.5937,78.9629,1,4
19,0,2,5,0,1,0,2,20.5937,78.9629,1,4
19,0,2,3,0,3,2,3,20.5937,78.9629,0,5
19,0,2,8,1,2,1,1,20.5937,78.9629,1,6
19,1,2,12,2,2,1,1,20.5937,78.9629,0,3
19,0,2,8,4,1,4,0,20.5937,78.9629,3,1
19,0,2,6,2,3,3,0,20.5937,78.9629,0,2
19,0,2,3,0,0,0,0,20.5937,78.9629,1,2
19,1,1,7,0,0,0,3,20.5937,78.9629,3,4
19,0,2,6,3,3,0,0,20.5937,78.9629,0,2
0,0,1,2,0,0,0,2,26.9124,75.7873,1,5
19,0,2,17,1,2,4,3,20.5937,78.9629,3,5
19,0,0,14,4,0,0,3,20.5937,78.9629,1,6
19,1,2,12,1,4,3,1,20.5937,78.9629,0,2
19,0,2,14,2,1,1,1,20.5937,78.9629,1,2
19,0,2,12,0,4,1,0,20.5937,78.9629,3,1
19,0,2,7,2,1,4,1,20.5937,78.9629,0,2
19,1,0,12,4,0,0,1,20.5937,78.9629,3,0
19,2,2,3,0,4,2,0,20.5937,78.9629,2,5
19,1,2,0,0,1,3,2,20.5937,78.9629,0,2
19,0,2,12,3,3,2,0,20.5937,78.9629,0,1
19,0,2,3,0,1,1,0,20.5937,78.9629,1,5
19,0,0,12,1,0,0,0,20.5937,78.9629,2,4
15,0,0,12,1,0,0,0,20.5937,78.9629,0,3
19,0,0,12,1,0,0,3,20.5937,78.9629,0,3
19,2,2,3,0,1,3,2,20.5937,78.9629,0,1
19,0,2,3,0,4,4,2,20.5937,78.9629,0,0
10,1,0,12,0,0,0,0,20.5937,78.9629,3,5
19,0,0,1,0,0,0,0,20.5937,78.9629,1,2
19,0,2,3,0,3,1,2,20.5937,78.9629,1,1
19,1,2,8,0,4,2,3,20.5937,78.9629,2,0
19,1,1,5,3,0,0,0,20.5937,78.9629,1,6
19,1,1,3,2,0,0,0,20.5937,78.9629,0,1
19,1,2,3,0,1,1,0,20.5937,78.9629,0,5
19,0,2,1,0,4,3,1,20.5937,78.9629,3,1
19,0,2,5,4,4,3,3,20.5937,78.9629,0,3
48,0,1,14,0,0,0,3,20.5937,78.9629,0,0
19,0,2,1,1,3,4,3,20.5937,78.9629,2,0
19,0,2,6,0,2,4,2,20.5937,78.9629,2,4
19,2,1,0,0,0,0,0,20.5937,78.9629,3,6
19,0,2,5,0,3,1,0,20.5937,78.9629,0,2
3,1,2,6,0,4,3,1,20.5937,78.9629,1,5
3,2,1,7,2,0,0,2,20.5937,78.9629,1,1
3,0,2,3,1,3,3,0,20.5937,78.9629,0,2
3,0,2,3,0,4,2,1,20.5937,78.9629,0,0
3,0,2,3,0,1,3,1,20.5937,78.9629,0,1
3,1,0,14,3,0,0,1,20.5937,78.9629,0,0
3,1,0,2,0,0,0,0,20.5937,78.9629,1,6
3,0,0,0,2,0,0,1,20.5937,78.9629,0,4
3,1,2,13,1,1,1,0,20.5937,78.9629,1,1
3,0,2,0,0,4,1,3,20.5937,78.9629,0,6
3,0,1,8,2,0,0,0,20.5937,78.9629,2,2
3,0,1,5,0,4,2,0,20.5937,78.9629,0,2
3,0,1,6,0,3,0,1,20.5937,78.9629,1,0
3,1,2,3,0,1,1,2,20.5937,78.9629,1,0
3,1,2,5,3,3,2,3,20.5937,78.9629,1,2
3,0,0,8,0,0,0,0,20.5937,78.9629,0,4
3,0,2,12,0,3,3,0,20.5937,78.9629,2,3
3,0,2,8,0,4,4,0,20.5937,78.9629,0,2
3,0,2,0,0,1,3,0,20.5937,78.9629,3,1
45,1,0,8,3,0,0,2,26.4499,80.3319,2,1
3,2,0,0,2,0,0,0,20.5937,78.9629,1,1
3,1,2,7,0,3,3,0,20.5937,78.9629,1,5
3,0,1,2,0,0,0,0,20.5937,78.9629,2,4
3,0,0,8,0,0,0,2,20.5937,78.9629,2,4
3,1,2,5,0,1,0,3,20.5937,78.9629,0,2
49,0,0,8,0,0,0,1,20.5937,78.9629,1,2
3,0,2,7,0,1,3,0,20.5937,78.9629,1,0
3,0,1,0,0,3,3,1,20.5937,78.9629,0,1
3,1,1,7,4,2,4,3,20.5937,78.9629,2,5
1,1,0,8,4,0,0,0,27.1767,78.0081,0,4
3,1,2,7,3,2,4,0,20.5937,78.9629,1,5
3,0,2,12,0,2,4,3,20.5937,78.9629,0,5
3,0,0,9,0,0,0,0,20.5937,78.9629,2,5
28,1,0,12,4,0,0,0,20.5937,78.9629,1,6
23,0,1,2,1,0,0,0,17.385,78.4867,2,0
3,1,2,6,3,1,4,0,20.5937,78.9629,3,1
3,1,0,3,0,0,0,0,20.5937,78.9629,0,1
3,0,0,3,1,0,0,3,20.5937,78.9629,1,1
3,2,2,8,0,3,1,2,20.5937,78.9629,0,4
3,0,1,8,4,4,4,3,20.5937,78.9629,0,4
13,1,0,2,0,0,0,0,20.5937,78.9629,2,2
29,0,0,3,1,0,0,2,20.5937,78.9629,2,1
35,0,0,6,4,0,0,1,18.5204,73.8567,2,6
13,0,2,2,0,3,2,1,20.5937,78.9629,2,3
13,1,2,6,1,4,3,0,20.5937,78.9629,1,0
13,0,2,0,0,3,0,2,20.5937,78.9629,3,0
13,0,2,17,0,1,0,1,20.5937,78.9629,3,0
13,0,2,8,0,2,2,0,20.5937,78.9629,0,1
13,1,0,8,1,0,0,2,20.5937,78.9629,0,2
13,0,2,8,4,1,1,3,20.5937,78.9629,1,4
13,1,2,2,0,1,2,3,20.5937,78.9629,1,6
13,1,2,6,3,1,1,3,20.5937,78.9629,1,2
13,0,2,13,0,2,3,0,20.5937,78.9629,0,3
13,0,0,1,4,0,0,0,20.5937,78.9629,1,4
13,2,2,5,2,2,3,0,20.5937,78.9629,1,6
6,0,0,2,1,0,0,2,20.5937,78.9629,0,4
13,0,0,7,0,0,0,2,20.5937,78.9629,0,2
18,0,0,2,3,0,0,0,21.1702,72.8311,1,6
28,0,0,8,0,0,0,0,20.5937,78.9629,1,1
13,0,1,0,0,2,1,0,20.5937,78.9629,2,2
13,0,0,2,2,0,0,0,20.5937,78.9629,0,4
13,1,2,5,1,2,3,0,20.5937,78.9629,1,5
13,0,2,8,0,4,4,3,20.5937,78.9629,1,4
39,0,1,0,0,0,0,0,20.5937,78.9629,2,6
13,0,2,8,0,0,0,0,20.5937,78.9629,0,0
13,2,2,2,4,3,3,1,20.5937,78.9629,1,3
13,2,2,2,2,1,3,0,20.5937,78.9629,3,3
13,2,0,7,4,0,0,2,20.5937,78.9629,1,4
13,0,2,2,3,0,0,0,20.5937,78.9629,1,0
13,1,2,12,2,1,2,3,20.5937,78.9629,0,6
13,0,1,12,4,3,4,0,20.5937,78.9629,3,1
3,1,1,7,2,0,0,0,20.5937,78.9629,3,0
13,0,0,9,0,0,0,0,20.5937,78.9629,3,1
13,0,2,8,0,3,2,1,20.5937,78.9629,0,1
13,0,2,2,0,4,1,3,20.5937,78.9629,1,5
13,2,1,6,0,2,3,0,20.5937,78.9629,2,1
13,0,1,8,4,2,2,0,20.5937,78.9629,1,0
13,0,2,7,0,3,2,3,20.5937,78.9629,3,5
13,1,2,7,0,4,1,2,20.5937,78.9629,0,2
32,0,0,6,0,0,0,3,20.5937,78.9629,0,0
1,0,0,12,0,0,0,0,27.1767,78.0081,1,0
2,0,2,3,0,0,0,0,19.076,72.8777,1,2
22,1,0,2,0,0,0,3,20.5937,78.9629,1,2
2,1,2,0,0,0,0,0,19.076,72.8777,2,6
2,0,2,12,4,2,1,0,19.076,72.8777,0,3
6,0,0,14,2,0,0,2,20.5937,78.9629,3,1
2,0,2,14,2,2,4,1,19.076,72.8777,2,3
2,0,2,7,0,4,4,0,19.076,72.8777,0,1
2,1,1,2,2,4,3,0,19.076,72.8777,2,6
2,0,1,3,0,4,2,0,19.076,72.8777,1,2
2,1,2,12,0,1,3,1,19.076,72.8777,2,6
2,0,0,8,0,0,0,0,19.076,72.8777,3,5
2,1,0,9,0,0,0,0,19.076,72.8777,0,4
2,1,2,18,0,2,3,0,19.076,72.8777,1,5
2,0,2,3,3,1,1,3,19.076,72.8777,3,4
30,0,0,12,0,0,0,3,20.5937,78.9629,1,0
2,0,2,0,4,2,1,0,19.076,72.8777,2,2
2,0,2,17,0,4,1,2,19.076,72.8777,0,6
2,0,2,3,3,3,3,1,19.076,72.8777,2,4
2,1,1,12,0,3,3,3,19.076,72.8777,3,3
23,1,1,6,3,0,0,2,17.385,78.4867,2,6
2,1,2,0,4,4,2,0,19.076,72.8777,0,6
2,1,2,2,0,1,2,0,19.076,72.8777,1,1
2,0,2,16,0,1,4,2,19.076,72.8777,1,4
2,1,2,8,0,2,1,0,19.076,72.8777,1,1
32,0,1,12,1,0,0,2,20.5937,78.9629,0,1
2,0,2,8,4,0,0,2,19.076,72.8777,1,0
2,0,2,2,0,4,1,1,19.076,72.8777,0,3
2,0,2,7,4,3,0,0,19.076,72.8777,1,2
2,1,2,8,0,4,1,0,19.076,72.8777,0,2
2,0,2,8,0,4,1,2,19.076,72.8777,0,4
2,0,2,2,3,3,3,2,19.076,72.8777,3,3
2,2,2,8,3,3,4,0,19.076,72.8777,0,4
2,0,2,2,0,0,0,0,19.076,72.8777,1,2
2,0,0,8,0,0,0,0,19.076,72.8777,1,4
2,0,2,8,3,3,4,0,19.076,72.8777,0,5
2,1,1,8,0,0,0,2,19.076,72.8777,0,2
2,1,2,2,0,4,2,1,19.076,72.8777,2,6
2,1,2,3,4,3,4,0,19.076,72.8777,0,5
2,0,0,0,0,0,0,0,19.076,72.8777,0,1
42,1,0,3,0,0,0,0,20.5937,78.9629,1,0
46,0,2,8,0,1,3,3,20.5937,78.9629,3,6
46,1,0,1,0,0,0,2,20.5937,78.9629,2,1
18,1,0,5,0,0,0,2,21.1702,72.8311,2,3
46,0,2,5,4,4,3,2,20.5937,78.9629,0,2
46,1,2,3,0,0,0,3,20.5937,78.9629,0,3
46,2,2,7,0,2,4,2,20.5937,78.9629,0,2
46,1,2,6,2,3,2,2,20.5937,78.9629,0,1
44,1,0,2,1,0,0,1,20.5937,78.9629,0,6
42,0,0,2,0,0,0,0,20.5937,78.9629,3,3
46,0,0,1,1,0,0,3,20.5937,78.9629,1,1
46,0,2,8,1,4,3,0,20.5937,78.9629,0,6