Million_Plus_Cities,Age_band_of_driver,Accident_severity,Cause_of_accident,Weather Conditions,Road Type,Road Condition,Lighting Conditions,Latitude,Longitude,Time_Block,Vehicle Type Involved
25,0,2,12,0,3,2,1,20.5937,78.9629,0,0
12,1,0,1,2,0,0,1,28.6139,77.209,0,4
25,0,2,3,1,3,4,0,20.5937,78.9629,1,4
25,0,2,8,1,2,2,1,20.5937,78.9629,1,2
25,0,2,5,3,0,0,1,20.5937,78.9629,1,3
25,2,2,3,0,3,1,0,20.5937,78.9629,0,2
25,0,2,3,3,2,4,3,20.5937,78.9629,0,5
25,0,0,1,1,0,0,3,20.5937,78.9629,3,4
25,0,2,5,0,1,2,0,20.5937,78.9629,0,3
25,0,2,14,1,3,4,0,20.5937,78.9629,3,0
25,1,2,1,4,3,2,1,20.5937,78.9629,0,6
25,1,2,6,0,3,2,0,20.5937,78.9629,0,3
38,1,0,0,0,0,0,2,20.5937,78.9629,0,4
25,0,2,5,2,2,4,1,20.5937,78.9629,0,6
25,0,2,6,4,4,2,1,20.5937,78.9629,2,4
36,0,2,7,2,1,4,3,25.3176,82.9739,0,2
36,0,2,3,1,4,2,0,25.3176,82.9739,0,3
36,0,2,3,3,4,3,0,25.3176,82.9739,3,5
39,0,0,3,0,0,0,0,20.5937,78.9629,1,0
36,0,1,14,0,0,0,0,25.3176,82.9739,1,6
36,1,1,2,4,0,0,2,25.3176,82.9739,3,4
36,0,2,0,4,4,0,1,25.3176,82.9739,1,2
38,0,0,13,4,0,0,0,20.5937,78.9629,3,5
41,2,0,0,1,0,0,3,20.5937,78.9629,0,2
48,2,1,8,4,0,0,1,20.5937,78.9629,1,6
16,1,1,5,0,0,0,3,20.5937,78.9629,1,5
36,1,2,6,0,0,0,0,25.3176,82.9739,0,4
36,0,2,3,0,4,0,0,25.3176,82.9739,1,1
48,0,0,5,2,0,0,0,20.5937,78.9629,0,6
36,1,2,8,2,1,2,2,25.3176,82.9739,3,0
36,0,2,12,2,1,4,0,25.3176,82.9739,2,1
36,1,2,8,4,4,3,2,25.3176,82.9739,0,2
36,0,2,0,1,2,1,1,25.3176,82.9739,0,1
39,0,0,8,3,0,0,0,20.5937,78.9629,1,3
36,0,2,0,2,3,3,3,25.3176,82.9739,1,4
36,0,2,7,1,1,0,0,25.3176,82.9739,2,3
36,0,2,2,4,2,3,0,25.3176,82.9739,3,1
36,0,2,8,0,4,2,0,25.3176,82.9739,0,1
36,0,2,5,0,1,3,2,25.3176,82.9739,3,4
36,0,2,8,0,1,4,1,25.3176,82.9739,3,4
36,0,2,7,0,4,1,2,25.3176,82.9739,0,1
36,1,2,0,0,4,2,1,25.3176,82.9739,1,4
36,0,0,7,1,0,0,3,25.3176,82.9739,3,2
36,1,0,8,0,0,0,0,25.3176,82.9739,0,1
36,0,2,7,0,2,1,0,25.3176,82.9739,0,6
36,1,2,12,3,3,4,0,25.3176,82.9739,0,6
36,1,2,9,2,2,3,0,25.3176,82.9739,1,3
36,0,2,12,2,0,0,3,25.3176,82.9739,1,5
36,2,2,2,0,1,2,3,25.3176,82.9739,0,0
36,0,2,6,4,1,3,0,25.3176,82.9739,0,4
36,0,1,3,2,0,0,2,25.3176,82.9739,0,0
36,1,1,3,0,3,4,2,25.3176,82.9739,0,1
36,0,1,8,0,3,2,0,25.3176,82.9739,3,5
36,0,2,8,0,4,1,2,25.3176,82.9739,3,6
36,0,2,2,4,1,4,0,25.3176,82.9739,1,3
38,2,2,3,0,2,1,1,20.5937,78.9629,3,2
36,0,1,6,2,0,0,3,25.3176,82.9739,1,0
23,0,0,2,0,0,0,2,17.385,78.4867,0,1
38,0,2,6,0,1,3,0,20.5937,78.9629,0,5
38,0,2,0,3,1,1,0,20.5937,78.9629,2,5
38,0,2,17,3,4,2,0,20.5937,78.9629,1,0
38,1,2,8,4,1,2,0,20.5937,78.9629,2,1
38,0,2,8,0,1,2,3,20.5937,78.9629,1,6
30,0,0,8,0,0,0,2,20.5937,78.9629,1,1
38,0,2,2,1,3,3,3,20.5937,78.9629,1,0
38,0,2,6,3,2,3,0,20.5937,78.9629,2,6
38,0,2,13,0,0,0,3,20.5937,78.9629,0,4
38,0,2,1,4,2,3,0,20.5937,78.9629,0,0
38,0,0,5,3,0,0,0,20.5937,78.9629,3,1
17,0,1,2,4,0,0,0,20.5937,78.9629,3,1
38,1,1,7,0,0,0,1,20.5937,78.9629,1,5
38,0,1,2,0,4,2,0,20.5937,78.9629,0,5
38,0,1,8,0,4,1,1,20.5937,78.9629,1,5
38,0,0,0,0,0,0,1,20.5937,78.9629,1,2
38,0,2,2,0,1,2,0,20.5937,78.9629,1,0
38,0,0,5,1,0,0,3,20.5937,78.9629,1,3
38,1,1,8,0,3,1,0,20.5937,78.9629,0,4
4,1,0,0,4,0,0,0,20.5937,78.9629,3,6
38,0,1,8,2,3,4,2,20.5937,78.9629,3,6
38,1,0,2,4,0,0,0,20.5937,78.9629,1,5
38,0,2,2,0,2,3,0,20.5937,78.9629,0,0
38,0,2,7,0,3,3,0,20.5937,78.9629,0,4
38,0,2,2,0,3,4,1,20.5937,78.9629,1,0
38,0,2,12,0,3,3,2,20.5937,78.9629,3,1
38,0,2,12,0,4,3,0,20.5937,78.9629,1,5
38,2,2,7,3,4,2,2,20.5937,78.9629,3,5
38,0,2,9,0,3,3,3,20.5937,78.9629,0,4
11,2,1,8,0,0,0,1,20.5937,78.9629,2,0
4,0,0,2,0,0,0,0,20.5937,78.9629,2,4
38,0,2,6,0,1,0,1,20.5937,78.9629,2,2
38,0,1,8,0,0,0,3,20.5937,78.9629,0,0
38,0,1,7,2,3,2,2,20.5937,78.9629,0,6
38,2,2,7,0,2,3,0,20.5937,78.9629,1,1
48,0,0,6,0,0,0,2,20.5937,78.9629,1,5
9,0,1,12,3,0,0,0,20.5937,78.9629,2,1
48,0,2,3,0,4,1,0,20.5937,78.9629,2,1
48,0,1,2,1,0,0,0,20.5937,78.9629,0,3
48,0,2,0,4,0,0,0,20.5937,78.9629,0,0
48,0,2,12,0,0,0,2,20.5937,78.9629,2,1
48,0,2,14,4,0,0,0,20.5937,78.9629,2,0
48,2,2,14,3,3,2,1,20.5937,78.9629,3,2
48,0,2,7,1,1,2,3,20.5937,78.9629,3,1
48,1,2,2,3,1,3,0,20.5937,78.9629,0,5
48,1,2,3,2,2,1,0,20.5937,78.9629,1,1
48,1,2,12,0,4,1,0,20.5937,78.9629,0,2
48,0,0,8,0,0,0,0,20.5937,78.9629,2,1
48,0,2,9,0,1,2,2,20.5937,78.9629,0,6
48,0,2,18,1,0,0,0,20.5937,78.9629,0,4
48,1,2,3,1,3,0,0,20.5937,78.9629,2,3
48,0,2,12,0,4,2,0,20.5937,78.9629,1,1
48,0,2,0,0,2,1,0,20.5937,78.9629,0,6
48,0,2,17,4,2,4,0,20.5937,78.9629,2,1
48,1,2,3,0,3,1,1,20.5937,78.9629,3,3
48,0,1,12,3,3,3,2,20.5937,78.9629,0,5
43,0,0,6,1,0,0,0,20.5937,78.9629,3,3
48,0,1,0,0,3,3,0,20.5937,78.9629,3,6
48,0,1,2,0,2,1,1,20.5937,78.9629,3,6
48,0,1,16,2,0,0,3,20.5937,78.9629,0,6
48,2,1,8,4,1,1,3,20.5937,78.9629,0,6
48,0,1,12,3,4,2,3,20.5937,78.9629,3,2
48,0,0,8,3,0,0,0,20.5937,78.9629,1,5
48,0,2,2,0,1,2,1,20.5937,78.9629,0,5
16,0,0,7,3,0,0,2,20.5937,78.9629,0,2
48,0,2,8,1,1,4,0,20.5937,78.9629,0,5
48,0,2,8,0,1,0,2,20.5937,78.9629,1,1
48,1,2,2,2,2,3,0,20.5937,78.9629,0,0
32,1,0,8,4,0,0,0,20.5937,78.9629,1,0
48,0,2,2,4,0,0,0,20.5937,78.9629,3,1
48,1,2,8,0,2,4,0,20.5937,78.9629,2,5
48,0,2,8,0,3,0,2,20.5937,78.9629,3,0
48,0,2,8,0,0,0,0,20.5937,78.9629,1,4
36,0,1,2,1,0,0,3,25.3176,82.9739,1,2
48,0,2,3,2,3,4,2,20.5937,78.9629,1,1
48,1,0,0,0,0,0,1,20.5937,78.9629,0,6
43,1,1,3,0,0,0,0,20.5937,78.9629,3,1
1,0,2,8,2,0,0,3,27.1767,78.0081,1,0
1,1,2,1,2,4,1,0,27.1767,78.0081,3,2
1,0,2,5,0,4,1,2,27.1767,78.0081,0,4
43,0,0,5,4,0,0,2,20.5937,78.9629,2,6
1,0,2,3,0,3,1,0,27.1767,78.0081,0,2
1,1,2,7,0,1,0,1,27.1767,78.0081,3,5
1,1,2,6,1,1,4,3,27.1767,78.0081,1,6
1,1,0,2,3,0,0,2,27.1767,78.0081,0,4
1,0,2,2,0,4,4,1,27.1767,78.0081,0,0
1,2,2,1,3,4,1,3,27.1767,78.0081,0,2
1,0,2,8,0,2,1,0,27.1767,78.0081,2,1
1,0,2,6,0,2,3,0,27.1767,78.0081,3,2
8,0,0,3,0,0,0,0,20.5937,78.9629,2,6
1,2,2,2,2,4,2,3,27.1767,78.0081,1,1
1,0,2,8,0,4,4,0,27.1767,78.0081,1,5
34,2,0,12,4,0,0,0,25.5941,85.1376,3,6
1,0,2,7,0,3,1,0,27.1767,78.0081,1,4
1,0,2,12,3,4,1,2,27.1767,78.0081,0,1
1,1,2,0,2,0,0,0,27.1767,78.0081,1,1
1,1,2,8,1,1,4,1,27.1767,78.0081,3,4
49,1,0,8,0,0,0,0,20.5937,78.9629,1,0
1,1,2,8,0,2,0,0,27.1767,78.0081,0,2
1,0,2,2,0,0,0,0,27.1767,78.0081,1,1
1,1,2,2,0,3,3,0,27.1767,78.0081,0,0
1,0,2,0,4,1,1,2,27.1767,78.0081,1,5
1,0,2,3,0,2,1,1,27.1767,78.0081,1,4
1,0,1,6,1,0,0,1,27.1767,78.0081,2,2
1,0,2,0,3,3,4,0,27.1767,78.0081,2,6
1,1,2,12,0,3,1,0,27.1767,78.0081,1,2
1,2,2,12,1,4,1,3,27.1767,78.0081,1,2
1,1,2,18,0,4,2,0,27.1767,78.0081,3,2
1,0,2,7,0,1,1,0,27.1767,78.0081,0,5
1,0,2,6,0,1,3,1,27.1767,78.0081,0,2
1,0,1,12,0,1,2,0,27.1767,78.0081,1,0
1,1,2,0,4,1,3,3,27.1767,78.0081,0,6
1,1,2,12,0,2,1,0,27.1767,78.0081,3,0
5,1,2,6,0,3,0,0,23.0225,72.5714,1,4
5,1,1,3,0,4,0,2,23.0225,72.5714,0,2
5,1,2,2,0,2,3,0,23.0225,72.5714,2,3
5,0,2,6,0,1,3,0,23.0225,72.5714,1,4
5,0,2,12,2,4,2,2,23.0225,72.5714,1,3
5,0,2,0,1,2,4,0,23.0225,72.5714,0,4
5,1,2,8,3,1,1,3,23.0225,72.5714,0,0
5,0,2,2,0,1,3,0,23.0225,72.5714,2,5
5,0,2,2,2,2,3,2,23.0225,72.5714,3,5
5,2,2,8,2,4,0,0,23.0225,72.5714,0,6
5,0,2,2,0,2,1,1,23.0225,72.5714,0,4
5,1,2,12,0,1,2,2,23.0225,72.5714,0,6
5,2,2,2,2,3,1,0,23.0225,72.5714,3,1
5,0,2,8,0,1,4,2,23.0225,72.5714,1,6
5,0,2,3,0,0,0,0,23.0225,72.5714,2,5
5,0,2,8,0,1,1,1,23.0225,72.5714,0,1
5,0,0,14,4,0,0,3,23.0225,72.5714,0,4
5,0,2,8,0,3,3,3,23.0225,72.5714,1,1
38,1,0,1,1,0,0,0,20.5937,78.9629,0,4
5,0,2,18,3,3,1,0,23.0225,72.5714,1,1
5,0,0,7,0,0,0,0,23.0225,72.5714,0,1
5,0,1,0,0,1,0,3,23.0225,72.5714,2,3
5,0,2,3,2,1,0,0,23.0225,72.5714,0,0
16,1,1,2,3,0,0,3,20.5937,78.9629,2,1
5,1,2,3,1,1,2,2,23.0225,72.5714,2,6
5,0,0,18,0,0,0,3,23.0225,72.5714,2,0
5,0,0,6,0,0,0,0,23.0225,72.5714,0,1
5,0,2,6,2,4,4,2,23.0225,72.5714,0,5
5,0,2,2,3,2,4,2,23.0225,72.5714,1,0
5,0,2,3,1,2,1,3,23.0225,72.5714,3,3
5,1,2,3,2,1,2,0,23.0225,72.5714,0,3
19,2,0,2,0,0,0,0,20.5937,78.9629,3,0
5,0,2,2,0,2,0,0,23.0225,72.5714,2,5
9,0,0,9,0,0,0,1,20.5937,78.9629,2,2
5,1,2,1,0,1,2,0,23.0225,72.5714,1,6
5,2,0,2,4,0,0,0,23.0225,72.5714,0,0
7,0,1,18,2,0,0,0,22.5726,88.3639,2,1
8,0,2,12,3,1,2,0,20.5937,78.9629,1,4
8,0,2,0,0,1,4,0,20.5937,78.9629,2,5
8,0,0,8,0,0,0,0,20.5937,78.9629,2,4
1,0,1,6,4,0,0,3,27.1767,78.0081,0,4
8,1,2,16,0,1,0,0,20.5937,78.9629,0,5
8,0,2,2,4,4,1,0,20.5937,78.9629,3,5
8,0,2,8,3,4,3,0,20.5937,78.9629,0,1
45,1,0,0,0,0,0,1,26.4499,80.3319,3,5
8,0,2,6,0,4,1,1,20.5937,78.9629,3,1
8,1,2,6,0,2,2,1,20.5937,78.9629,3,4
8,0,2,8,0,1,2,1,20.5937,78.9629,0,4
8,1,2,8,2,1,3,2,20.5937,78.9629,3,5
8,1,2,1,0,3,3,1,20.5937,78.9629,3,6
8,0,2,18,0,1,1,0,20.5937,78.9629,1,2
8,0,2,3,4,3,1,0,20.5937,78.9629,1,6
8,1,2,2,4,1,1,2,20.5937,78.9629,0,1
8,0,2,12,0,4,2,3,20.5937,78.9629,1,5
8,0,2,0,3,2,3,3,20.5937,78.9629,0,4
8,0,2,0,1,2,1,3,20.5937,78.9629,0,5
8,0,2,3,0,2,3,2,20.5937,78.9629,1,1
8,0,2,6,4,3,4,0,20.5937,78.9629,1,2
8,0,0,13,0,0,0,3,20.5937,78.9629,1,6
18,0,1,18,3,0,0,1,21.1702,72.8311,3,5
8,0,2,3,0,1,2,3,20.5937,78.9629,1,5
6,0,0,12,4,0,0,0,20.5937,78.9629,3,3
22,0,0,8,0,0,0,1,20.5937,78.9629,3,1
8,0,2,2,1,2,1,0,20.5937,78.9629,0,1
8,0,2,8,0,1,3,3,20.5937,78.9629,1,3
48,0,1,8,0,0,0,3,20.5937,78.9629,1,3
8,2,2,9,0,4,2,3,20.5937,78.9629,2,2
8,0,2,1,0,4,3,3,20.5937,78.9629,0,1
28,0,0,12,0,0,0,2,20.5937,78.9629,2,5
8,0,0,18,0,0,0,0,20.5937,78.9629,2,4
8,0,0,0,2,0,0,1,20.5937,78.9629,1,5
21,0,1,16,3,0,0,0,20.5937,78.9629,2,1
46,2,1,18,0,0,0,0,20.5937,78.9629,1,5
17,2,2,3,0,4,1,0,20.5937,78.9629,1,3
17,0,2,2,4,4,4,2,20.5937,78.9629,0,1
17,0,2,8,0,2,0,2,20.5937,78.9629,3,5
17,1,2,8,0,3,2,2,20.5937,78.9629,3,1
17,0,2,6,2,0,0,2,20.5937,78.9629,0,6
17,1,2,0,1,2,2,0,20.5937,78.9629,0,4
17,0,2,0,0,4,2,3,20.5937,78.9629,0,1
17,1,2,9,1,1,4,3,20.5937,78.9629,1,5
17,2,1,2,0,4,2,2,20.5937,78.9629,1,0
41,0,1,2,0,0,0,2,20.5937,78.9629,3,0
17,1,2,6,0,2,2,2,20.5937,78.9629,1,1
17,0,1,3,3,0,0,1,20.5937,78.9629,1,1
17,0,0,3,0,0,0,2,20.5937,78.9629,3,1
17,0,2,12,1,1,2,3,20.5937,78.9629,1,2
17,0,2,2,3,4,4,0,20.5937,78.9629,1,2
19,0,0,3,0,0,0,3,20.5937,78.9629,1,2
17,0,1,18,0,0,0,0,20.5937,78.9629,3,0
17,0,1,12,0,3,4,1,20.5937,78.9629,2,6
17,0,0,8,3,0,0,0,20.5937,78.9629,1,2
17,0,2,6,1,4,2,3,20.5937,78.9629,3,1
17,0,2,6,3,1,3,1,20.5937,78.9629,1,4
17,0,0,6,0,0,0,1,20.5937,78.9629,1,0
17,1,2,2,0,4,4,2,20.5937,78.9629,2,1
17,0,0,0,3,0,0,0,20.5937,78.9629,0,5
17,0,2,12,4,4,3,3,20.5937,78.9629,0,3
17,2,2,18,3,1,1,0,20.5937,78.9629,2,2
17,1,2,3,0,4,4,3,20.5937,78.9629,0,4
17,0,2,6,3,3,2,2,20.5937,78.9629,0,5
17,0,2,3,3,2,0,3,20.5937,78.9629,0,1
17,0,2,14,3,3,1,2,20.5937,78.9629,0,5
23,2,1,0,0,0,0,2,17.385,78.4867,1,6
17,0,2,6,4,4,3,0,20.5937,78.9629,3,3
17,0,2,8,0,0,0,1,20.5937,78.9629,0,4
17,0,2,12,3,4,4,0,20.5937,78.9629,3,4
17,0,2,2,0,4,3,0,20.5937,78.9629,0,1
10,1,2,6,0,2,4,0,20.5937,78.9629,1,2
10,1,2,6,0,3,4,3,20.5937,78.9629,1,0
10,0,2,8,0,3,1,0,20.5937,78.9629,0,2
10,0,1,14,3,0,0,0,20.5937,78.9629,1,2
10,0,1,12,0,2,0,0,20.5937,78.9629,2,6
34,0,0,12,2,0,0,0,25.5941,85.1376,1,0
10,0,0,3,0,0,0,0,20.5937,78.9629,0,5
26,1,1,12,0,0,0,0,12.9716,77.5946,0,6
10,1,1,2,1,4,3,0,20.5937,78.9629,3,3
10,2,2,12,3,1,2,3,20.5937,78.9629,3,2
10,0,2,12,0,4,1,1,20.5937,78.9629,2,2
10,0,1,18,0,4,2,1,20.5937,78.9629,0,1
10,0,1,12,0,3,4,0,20.5937,78.9629,3,1
29,0,1,8,0,0,0,0,20.5937,78.9629,0,5
10,0,2,12,0,4,0,1,20.5937,78.9629,0,1
10,2,2,14,0,3,1,1,20.5937,78.9629,0,2
34,2,0,1,1,0,0,3,25.5941,85.1376,2,4
10,0,2,8,3,4,2,0,20.5937,78.9629,0,1
10,1,0,12,2,0,0,1,20.5937,78.9629,0,5
44,1,0,6,0,0,0,3,20.5937,78.9629,3,1
10,0,2,6,0,1,0,0,20.5937,78.9629,0,1
10,0,2,6,2,4,3,0,20.5937,78.9629,0,3
10,0,2,6,3,1,3,2,20.5937,78.9629,2,3
10,1,2,8,0,2,3,0,20.5937,78.9629,1,5
10,0,2,0,2,1,4,0,20.5937,78.9629,3,2
10,2,2,8,1,4,2,0,20.5937,78.9629,2,5
10,0,2,2,0,3,3,0,20.5937,78.9629,3,2
3,0,1,2,2,0,0,0,20.5937,78.9629,1,4
14,0,0,7,0,0,0,0,13.0827,80.2707,2,2
10,0,2,0,0,2,4,0,20.5937,78.9629,2,3
10,0,2,2,0,2,3,0,20.5937,78.9629,0,2
10,2,2,8,3,3,4,0,20.5937,78.9629,3,2
10,0,2,6,2,3,0,0,20.5937,78.9629,2,1
10,0,2,3,1,4,4,0,20.5937,78.9629,1,1
10,0,2,8,4,4,1,0,20.5937,78.9629,1,1
10,0,2,8,0,3,0,0,20.5937,78.9629,2,6
24,0,2,9,3,4,2,3,20.5937,78.9629,1,5
24,0,0,7,0,0,0,0,20.5937,78.9629,3,4
24,0,0,2,3,0,0,1,20.5937,78.9629,0,2
24,0,2,8,4,3,3,0,20.5937,78.9629,0,1
24,1,1,12,0,0,0,2,20.5937,78.9629,1,5
24,1,2,8,1,4,2,1,20.5937,78.9629,2,5
24,0,2,3,0,4,3,2,20.5937,78.9629,0,1
24,0,2,1,0,4,3,0,20.5937,78.9629,0,1
24,0,0,12,0,0,0,3,20.5937,78.9629,2,6
24,2,2,0,0,2,2,3,20.5937,78.9629,0,2
31,2,0,8,4,0,0,0,26.8467,80.9462,1,3
21,0,0,1,1,0,0,0,20.5937,78.9629,0,5
24,1,2,12,4,1,2,2,20.5937,78.9629,3,0
24,1,1,12,0,0,0,0,20.5937,78.9629,0,3
24,1,2,0,0,2,3,3,20.5937,78.9629,1,5
24,1,2,12,3,0,0,0,20.5937,78.9629,3,2
24,1,2,14,4,3,1,0,20.5937,78.9629,1,1
24,1,0,2,0,0,0,1,20.5937,78.9629,0,5
24,0,0,8,2,0,0,0,20.5937,78.9629,3,6
24,0,0,8,4,0,0,1,20.5937,78.9629,2,5
4,0,1,3,4,0,0,0,20.5937,78.9629,3,5
24,0,1,18,0,1,4,0,20.5937,78.9629,2,2
24,0,1,3,0,3,3,3,20.5937,78.9629,1,6
24,0,1,2,2,3,4,2,20.5937,78.9629,1,6
24,0,1,0,0,3,1,2,20.5937,78.9629,3,0
24,0,2,8,1,1,3,2,20.5937,78.9629,2,6
17,1,0,3,4,0,0,1,20.5937,78.9629,3,0
24,0,2,0,0,3,1,1,20.5937,78.9629,3,2
24,0,2,8,0,2,2,0,20.5937,78.9629,0,2
24,1,2,14,1,1,4,3,20.5937,78.9629,0,5
24,0,2,14,0,2,1,1,20.5937,78.9629,2,2
24,0,1,0,0,3,2,0,20.5937,78.9629,0,3
20,0,0,0,0,0,0,2,20.5937,78.9629,1,5
24,0,2,1,0,4,3,0,20.5937,78.9629,2,2
24,0,2,12,3,2,2,2,20.5937,78.9629,0,6
24,0,2,2,4,4,1,0,20.5937,78.9629,0,2
26,1,2,18,2,3,1,1,12.9716,77.5946,1,1
26,0,1,8,0,0,0,1,12.9716,77.5946,2,6
26,0,2,0,0,1,2,2,12.9716,77.5946,3,3
26,0,0,2,0,0,0,0,12.9716,77.5946,2,1
26,1,2,3,0,3,0,2,12.9716,77.5946,2,1
26,2,2,8,0,3,1,3,12.9716,77.5946,2,2
26,0,2,13,0,2,2,0,12.9716,77.5946,0,2
10,0,0,3,2,0,0,2,20.5937,78.9629,0,5
26,0,1,6,3,1,3,0,12.9716,77.5946,1,1
26,2,1,8,2,4,1,1,12.9716,77.5946,2,1
26,2,2,17,2,4,2,2,12.9716,77.5946,0,3
26,0,2,8,4,0,0,0,12.9716,77.5946,3,0
26,0,2,3,3,3,1,0,12.9716,77.5946,3,5
26,0,0,8,0,0,0,3,12.9716,77.5946,1,0
26,0,0,2,0,0,0,1,12.9716,77.5946,2,2
26,0,1,12,4,3,1,1,12.9716,77.5946,0,6
26,0,2,3,4,1,3,0,12.9716,77.5946,0,2
1,0,0,6,3,0,0,0,27.1767,78.0081,3,1
33,0,0,8,0,0,0,0,20.5937,78.9629,2,1
41,0,1,7,0,0,0,0,20.5937,78.9629,1,0
26,0,2,7,0,4,1,0,12.9716,77.5946,2,6
26,0,2,6,0,3,2,1,12.9716,77.5946,1,1
26,0,2,2,0,3,3,0,12.9716,77.5946,0,1
11,1,1,2,0,0,0,0,20.5937,78.9629,1,1
19,0,1,8,0,0,0,0,20.5937,78.9629,0,2
26,0,1,6,0,1,1,0,12.9716,77.5946,1,6
26,0,1,8,3,0,0,1,12.9716,77.5946,0,3
26,0,1,8,0,1,3,3,12.9716,77.5946,0,6
26,0,2,3,0,2,1,0,12.9716,77.5946,0,6
26,1,2,2,0,4,0,0,12.9716,77.5946,0,2
26,1,0,8,3,0,0,0,12.9716,77.5946,0,1
26,0,0,16,0,0,0,0,12.9716,77.5946,0,1
26,1,2,6,0,4,4,0,12.9716,77.5946,1,6
26,0,2,0,2,1,4,1,12.9716,77.5946,0,6
26,1,2,18,0,3,4,0,12.9716,77.5946,3,1
26,1,2,0,2,2,3,0,12.9716,77.5946,0,0
28,0,1,3,0,0,0,0,20.5937,78.9629,0,5
1,0,0,11,3,0,0,0,27.1767,78.0081,1,6
28,0,0,18,0,0,0,0,20.5937,78.9629,0,1
14,2,0,12,3,0,0,2,13.0827,80.2707,0,5
28,2,2,8,0,3,4,2,20.5937,78.9629,0,0
28,1,2,6,3,1,3,3,20.5937,78.9629,0,2
28,2,1,11,3,0,0,2,20.5937,78.9629,0,0
28,0,0,18,0,0,0,2,20.5937,78.9629,1,1
28,0,2,3,1,3,1,3,20.5937,78.9629,3,5
28,0,2,3,0,4,4,2,20.5937,78.9629,0,1
28,0,2,3,0,4,4,1,20.5937,78.9629,1,5
28,0,2,3,0,1,4,0,20.5937,78.9629,0,2
28,0,2,0,0,2,1,2,20.5937,78.9629,0,1
28,1,2,8,0,2,3,0,20.5937,78.9629,0,6
28,1,2,11,0,4,1,1,20.5937,78.9629,3,5
28,0,2,8,0,4,3,2,20.5937,78.9629,3,4
31,0,0,12,4,0,0,3,26.8467,80.9462,0,4
28,1,1,8,1,0,0,0,20.5937,78.9629,3,6
28,1,2,8,0,1,1,1,20.5937,78.9629,0,3
28,0,2,8,3,2,2,1,20.5937,78.9629,1,6
28,0,1,3,0,0,0,1,20.5937,78.9629,1,0
28,0,2,8,4,1,4,1,20.5937,78.9629,2,0
28,0,2,6,0,4,2,0,20.5937,78.9629,0,2
28,0,2,2,0,2,3,3,20.5937,78.9629,2,3
28,1,2,0,0,1,4,3,20.5937,78.9629,1,1
28,0,2,12,3,2,4,0,20.5937,78.9629,0,3
28,0,0,2,4,0,0,2,20.5937,78.9629,1,2
28,0,2,7,1,0,0,2,20.5937,78.9629,0,5
28,0,2,8,4,4,2,0,20.5937,78.9629,0,1
28,0,2,8,0,4,4,0,20.5937,78.9629,2,1
28,1,2,16,4,4,1,0,20.5937,78.9629,1,6
28,0,2,8,0,3,3,1,20.5937,78.9629,0,3
44,0,1,19,2,0,0,0,20.5937,78.9629,1,0
28,0,2,0,3,2,1,1,20.5937,78.9629,0,3
39,1,0,7,0,0,0,2,20.5937,78.9629,0,4
28,1,2,2,2,1,4,2,20.5937,78.9629,2,1
29,1,2,2,0,4,4,3,20.5937,78.9629,1,6
29,0,2,9,4,1,4,0,20.5937,78.9629,0,1
29,1,2,8,0,2,4,0,20.5937,78.9629,1,6
29,0,2,3,0,2,4,0,20.5937,78.9629,3,0
29,0,2,3,0,1,2,2,20.5937,78.9629,2,6
29,1,2,0,1,3,3,1,20.5937,78.9629,1,5
29,0,1,13,0,0,0,2,20.5937,78.9629,1,0
29,0,0,2,0,0,0,3,20.5937,78.9629,0,6
29,0,2,3,0,3,3,3,20.5937,78.9629,1,4
29,1,2,8,0,3,2,2,20.5937,78.9629,2,6
29,1,2,3,0,3,4,2,20.5937,78.9629,0,0
29,1,2,3,0,2,2,0,20.5937,78.9629,3,4
29,0,2,8,3,0,0,1,20.5937,78.9629,0,6
29,0,2,3,0,3,3,3,20.5937,78.9629,3,5
29,0,2,12,0,1,3,0,20.5937,78.9629,1,6
29,0,2,12,0,4,3,0,20.5937,78.9629,2,4
29,2,2,3,4,4,1,2,20.5937,78.9629,1,1
29,2,2,16,2,3,0,1,20.5937,78.9629,0,6
29,0,2,3,1,3,4,0,20.5937,78.9629,1,2
29,0,2,0,1,1,2,2,20.5937,78.9629,3,6
29,1,1,8,1,0,0,0,20.5937,78.9629,2,3
29,0,2,16,3,2,3,0,20.5937,78.9629,3,6
29,0,1,12,0,0,0,3,20.5937,78.9629,2,5
29,1,2,3,3,3,1,3,20.5937,78.9629,3,1
29,0,2,13,0,2,4,0,20.5937,78.9629,1,2
29,0,2,2,2,4,3,1,20.5937,78.9629,0,5
29,0,2,12,1,2,0,1,20.5937,78.9629,0,1
29,0,2,8,1,2,1,0,20.5937,78.9629,3,3
29,0,1,0,0,4,2,2,20.5937,78.9629,1,2
9,0,0,7,2,0,0,0,20.5937,78.9629,0,0
42,0,1,0,0,0,0,1,20.5937,78.9629,3,0
29,0,2,3,4,1,3,0,20.5937,78.9629,3,5