Million_Plus_Cities,Age_band_of_driver,Accident_severity,Cause_of_accident,Weather Conditions,Road Type,Road Condition,Lighting Conditions,Latitude,Longitude,Time_Block,Vehicle Type Involved
29,0,0,8,3,0,0,1,20.5937,78.9629,1,4
29,0,0,19,0,0,0,1,20.5937,78.9629,2,0
29,0,2,3,2,4,2,3,20.5937,78.9629,3,1
29,2,2,12,4,1,2,0,20.5937,78.9629,0,6
14,0,2,14,2,2,2,2,13.0827,80.2707,0,1
14,0,0,3,2,0,0,1,13.0827,80.2707,1,5
14,0,0,3,0,0,0,2,13.0827,80.2707,1,4
21,0,1,12,4,0,0,3,20.5937,78.9629,0,6
14,0,2,2,0,1,3,0,13.0827,80.2707,1,4
14,1,2,6,0,3,1,3,13.0827,80.2707,0,6
14,1,2,12,3,3,3,3,13.0827,80.2707,0,2
14,1,2,3,0,0,0,2,13.0827,80.2707,3,0
44,1,0,12,0,0,0,3,20.5937,78.9629,1,0
14,0,2,18,0,3,2,0,13.0827,80.2707,0,0
14,1,2,8,3,2,4,0,13.0827,80.2707,1,6
14,0,0,2,0,0,0,0,13.0827,80.2707,0,5
14,0,2,6,1,0,0,0,13.0827,80.2707,3,3
14,0,2,0,0,1,2,0,13.0827,80.2707,0,3
14,1,2,0,4,4,3,0,13.0827,80.2707,3,1
14,1,1,8,0,3,1,0,13.0827,80.2707,0,0
14,1,1,3,3,0,0,0,13.0827,80.2707,3,6
14,1,2,3,4,3,3,0,13.0827,80.2707,3,0
14,0,2,0,0,1,4,0,13.0827,80.2707,2,0
7,1,1,12,4,0,0,0,22.5726,88.3639,2,1
14,1,2,18,0,1,4,2,13.0827,80.2707,2,1
14,0,2,8,1,4,1,3,13.0827,80.2707,2,5
14,0,2,8,4,2,1,0,13.0827,80.2707,0,5
17,0,0,6,1,0,0,0,20.5937,78.9629,1,0
14,0,2,14,0,1,3,1,13.0827,80.2707,0,1
14,2,2,6,0,1,2,0,13.0827,80.2707,2,1
14,0,2,6,4,4,2,0,13.0827,80.2707,2,6
14,0,1,6,4,0,0,0,13.0827,80.2707,3,4
14,1,1,8,0,2,3,0,13.0827,80.2707,1,5
14,0,0,0,2,0,0,0,13.0827,80.2707,1,4
14,0,0,3,0,0,0,3,13.0827,80.2707,1,1
14,2,2,12,0,2,3,3,13.0827,80.2707,0,3
14,0,2,2,1,4,1,0,13.0827,80.2707,1,4
14,0,0,8,0,0,0,1,13.0827,80.2707,1,1
14,0,2,3,0,4,0,3,13.0827,80.2707,1,5
14,1,2,18,0,4,3,0,13.0827,80.2707,0,1
32,1,2,8,0,3,3,0,20.5937,78.9629,0,1
32,0,1,16,0,4,1,0,20.5937,78.9629,0,3
28,2,0,8,2,0,0,2,20.5937,78.9629,2,0
32,0,2,3,0,4,3,0,20.5937,78.9629,0,1
32,2,2,6,2,2,1,0,20.5937,78.9629,2,2
32,0,0,3,0,0,0,2,20.5937,78.9629,3,3
32,1,2,2,2,1,1,2,20.5937,78.9629,3,0
32,0,0,8,4,0,0,0,20.5937,78.9629,1,0
32,0,2,7,2,2,1,1,20.5937,78.9629,1,1
32,1,2,12,0,1,2,1,20.5937,78.9629,0,6
32,0,2,8,0,3,3,0,20.5937,78.9629,0,4
32,0,2,12,1,2,4,0,20.5937,78.9629,2,6
32,0,2,12,0,2,1,0,20.5937,78.9629,1,1
32,0,2,0,0,1,3,2,20.5937,78.9629,1,6
32,0,2,1,0,1,3,0,20.5937,78.9629,3,3
32,0,2,6,3,2,3,0,20.5937,78.9629,2,6
32,2,2,6,0,1,0,1,20.5937,78.9629,0,3
32,0,0,2,4,0,0,0,20.5937,78.9629,1,3
32,2,2,6,0,3,1,0,20.5937,78.9629,0,5
32,1,2,8,4,3,3,3,20.5937,78.9629,0,6
34,0,1,0,3,0,0,3,25.5941,85.1376,0,1
32,1,2,3,4,4,3,0,20.5937,78.9629,0,0
32,0,2,8,1,2,4,3,20.5937,78.9629,1,3
32,2,2,1,0,3,4,1,20.5937,78.9629,0,5
43,0,0,8,3,0,0,0,20.5937,78.9629,2,0
32,0,1,2,3,0,0,3,20.5937,78.9629,1,4
32,0,0,18,0,0,0,3,20.5937,78.9629,0,5
37,0,0,8,0,0,0,1,20.5937,78.9629,0,3
49,0,0,8,0,0,0,0,20.5937,78.9629,1,1
32,1,1,3,0,1,2,3,20.5937,78.9629,0,2
28,1,1,2,3,0,0,2,20.5937,78.9629,3,2
32,0,2,0,0,2,2,0,20.5937,78.9629,1,4
32,1,2,8,3,1,2,0,20.5937,78.9629,2,6
32,2,2,8,0,2,1,2,20.5937,78.9629,0,2
32,2,2,12,0,4,2,0,20.5937,78.9629,3,4
32,1,2,0,0,1,3,0,20.5937,78.9629,0,6
12,1,2,8,2,1,0,2,28.6139,77.209,1,0
11,0,0,3,4,0,0,3,20.5937,78.9629,1,4
12,0,1,12,3,3,1,0,28.6139,77.209,3,2
12,1,1,14,0,0,0,0,28.6139,77.209,0,1
12,0,2,3,2,3,1,2,28.6139,77.209,3,2
12,0,2,12,1,1,2,1,28.6139,77.209,2,5
24,0,1,3,4,0,0,0,20.5937,78.9629,2,6
12,0,0,6,4,0,0,0,28.6139,77.209,0,1
12,0,2,3,0,4,2,1,28.6139,77.209,2,2
12,0,2,17,0,2,1,2,28.6139,77.209,2,0
12,0,0,6,0,0,0,0,28.6139,77.209,0,5
12,0,2,13,0,1,1,0,28.6139,77.209,0,1
12,0,2,8,2,3,3,0,28.6139,77.209,3,2
12,2,2,8,4,0,0,3,28.6139,77.209,3,0
12,0,2,12,4,3,3,3,28.6139,77.209,2,4
39,0,0,12,0,0,0,1,20.5937,78.9629,1,1
12,0,2,0,0,3,1,3,28.6139,77.209,1,5
12,2,2,8,0,0,0,2,28.6139,77.209,1,2
38,0,0,3,0,0,0,0,20.5937,78.9629,1,2
12,0,2,1,3,2,3,2,28.6139,77.209,1,1
12,1,1,8,1,0,0,0,28.6139,77.209,3,5
12,0,2,1,2,2,3,3,28.6139,77.209,3,0
12,0,2,0,4,2,0,0,28.6139,77.209,0,2
12,1,2,8,0,4,4,1,28.6139,77.209,0,1
25,1,0,8,0,0,0,1,20.5937,78.9629,2,1
12,1,1,6,0,0,0,1,28.6139,77.209,0,0
17,1,0,6,1,0,0,2,20.5937,78.9629,1,2
12,0,0,2,4,0,0,0,28.6139,77.209,2,5
12,0,2,8,2,4,2,2,28.6139,77.209,3,4
6,1,0,18,1,0,0,2,20.5937,78.9629,0,6
12,0,2,2,0,1,0,0,28.6139,77.209,0,5
12,1,0,3,0,0,0,2,28.6139,77.209,1,2
12,1,2,14,2,2,1,2,28.6139,77.209,0,2
20,0,0,13,0,0,0,2,20.5937,78.9629,0,3
6,0,1,1,0,0,0,3,20.5937,78.9629,0,2
12,0,0,3,0,0,0,3,28.6139,77.209,2,6
37,1,2,3,4,3,2,1,20.5937,78.9629,0,2
37,1,2,0,0,3,3,2,20.5937,78.9629,2,6
37,0,2,0,4,3,0,0,20.5937,78.9629,0,1
37,2,2,2,2,3,2,3,20.5937,78.9629,1,5
37,1,2,0,4,4,3,0,20.5937,78.9629,1,4
37,0,2,8,2,3,2,0,20.5937,78.9629,0,2
37,0,2,0,4,2,2,0,20.5937,78.9629,0,6
37,1,2,3,3,3,4,0,20.5937,78.9629,3,3
37,1,2,2,2,2,2,1,20.5937,78.9629,1,4
37,2,2,6,3,2,1,0,20.5937,78.9629,0,1
37,2,1,8,0,4,4,1,20.5937,78.9629,0,0
37,0,1,6,0,4,4,3,20.5937,78.9629,0,1
37,0,2,18,0,4,1,0,20.5937,78.9629,1,0
37,0,2,3,3,1,3,0,20.5937,78.9629,0,2
13,0,0,8,0,0,0,0,20.5937,78.9629,0,1
37,0,2,8,2,0,0,3,20.5937,78.9629,0,5
37,0,0,2,0,0,0,0,20.5937,78.9629,3,3
37,0,2,3,3,2,1,2,20.5937,78.9629,1,0
37,2,1,3,0,0,0,2,20.5937,78.9629,2,2
37,1,0,18,0,0,0,3,20.5937,78.9629,1,4
19,0,1,0,0,0,0,3,20.5937,78.9629,0,2
37,0,2,2,0,2,4,2,20.5937,78.9629,1,6
14,0,0,7,1,0,0,0,13.0827,80.2707,0,4
37,0,0,8,0,0,0,3,20.5937,78.9629,3,5
37,0,0,8,0,0,0,0,20.5937,78.9629,3,2
37,0,0,2,0,0,0,0,20.5937,78.9629,2,1
37,1,2,3,0,2,0,2,20.5937,78.9629,0,4
37,0,0,12,3,0,0,0,20.5937,78.9629,2,4
37,0,2,8,0,3,1,2,20.5937,78.9629,0,3
37,0,2,2,0,1,4,2,20.5937,78.9629,1,5
9,1,0,0,2,0,0,3,20.5937,78.9629,2,1
37,2,2,8,3,1,1,0,20.5937,78.9629,0,6
37,0,1,7,0,0,0,3,20.5937,78.9629,2,5
0,2,0,2,4,0,0,1,26.9124,75.7873,3,6
37,2,2,8,0,3,3,2,20.5937,78.9629,1,4
9,0,1,12,0,0,0,3,20.5937,78.9629,0,4
39,1,2,6,3,4,2,0,20.5937,78.9629,1,1
39,0,2,3,0,1,1,0,20.5937,78.9629,0,2
39,1,2,0,4,4,2,1,20.5937,78.9629,1,5
39,0,2,6,0,2,4,0,20.5937,78.9629,0,0
39,0,2,7,3,2,2,2,20.5937,78.9629,1,0
15,0,1,2,0,0,0,1,20.5937,78.9629,2,5
39,2,2,2,3,2,1,3,20.5937,78.9629,3,3
0,0,0,18,3,0,0,0,26.9124,75.7873,2,2
39,0,2,0,3,3,1,1,20.5937,78.9629,3,1
39,0,1,3,0,1,0,2,20.5937,78.9629,3,2
39,0,1,3,0,0,0,0,20.5937,78.9629,3,0
39,0,2,8,1,4,1,0,20.5937,78.9629,3,1
39,2,2,0,3,4,3,0,20.5937,78.9629,0,3
39,0,1,8,0,3,3,0,20.5937,78.9629,2,2
39,1,1,12,3,4,1,2,20.5937,78.9629,1,4
11,0,1,7,1,0,0,1,20.5937,78.9629,2,5
39,0,0,6,0,0,0,3,20.5937,78.9629,2,4
39,2,2,0,2,2,4,0,20.5937,78.9629,0,0
39,1,2,3,0,1,3,2,20.5937,78.9629,1,5
39,1,2,8,0,3,2,1,20.5937,78.9629,1,6
39,0,2,12,2,1,2,0,20.5937,78.9629,1,6
39,1,2,2,2,1,1,1,20.5937,78.9629,1,5
39,0,2,0,1,2,2,0,20.5937,78.9629,3,1
39,0,1,8,1,3,4,1,20.5937,78.9629,1,1
39,1,2,3,1,4,1,3,20.5937,78.9629,0,5
39,1,2,6,0,4,4,3,20.5937,78.9629,0,3
39,0,0,9,1,0,0,1,20.5937,78.9629,3,6
39,2,2,8,0,4,1,0,20.5937,78.9629,3,1
39,0,2,8,4,2,2,0,20.5937,78.9629,1,6
39,0,2,2,1,0,0,2,20.5937,78.9629,1,1
39,0,2,6,3,0,0,0,20.5937,78.9629,0,6
39,0,2,12,2,1,1,0,20.5937,78.9629,1,2
39,0,1,3,4,3,1,1,20.5937,78.9629,3,2
39,0,1,8,0,2,3,0,20.5937,78.9629,0,1
39,0,1,3,0,2,1,0,20.5937,78.9629,0,0
39,2,2,8,0,3,3,2,20.5937,78.9629,3,5
20,1,2,18,0,2,4,0,20.5937,78.9629,3,0
20,1,2,2,0,4,3,3,20.5937,78.9629,0,3
20,0,2,9,1,4,3,3,20.5937,78.9629,0,0
20,2,2,4,0,4,4,2,20.5937,78.9629,0,1
20,0,0,12,2,0,0,0,20.5937,78.9629,2,2
20,2,2,1,0,2,3,2,20.5937,78.9629,1,1
20,0,2,8,3,2,3,2,20.5937,78.9629,0,1
20,1,2,16,0,2,4,0,20.5937,78.9629,2,2
20,0,1,12,0,1,3,1,20.5937,78.9629,2,4
20,0,1,7,0,3,3,0,20.5937,78.9629,0,0
20,0,2,8,4,3,3,3,20.5937,78.9629,0,5
20,0,0,6,0,0,0,2,20.5937,78.9629,1,0
20,1,2,9,1,4,3,3,20.5937,78.9629,1,5
20,0,2,7,0,1,4,0,20.5937,78.9629,3,1
40,0,0,3,4,0,0,0,20.5937,78.9629,0,5
20,1,0,0,1,0,0,1,20.5937,78.9629,0,0
38,1,0,2,0,0,0,3,20.5937,78.9629,1,0
20,1,2,8,0,3,4,0,20.5937,78.9629,3,5
20,0,1,12,0,4,4,2,20.5937,78.9629,2,2
20,0,1,18,3,1,1,0,20.5937,78.9629,2,4
20,0,2,12,0,2,1,1,20.5937,78.9629,0,4
20,2,2,12,0,2,4,0,20.5937,78.9629,1,5
20,2,2,3,0,3,2,3,20.5937,78.9629,0,3
20,0,2,8,0,2,1,2,20.5937,78.9629,1,0
33,1,0,12,0,0,0,0,20.5937,78.9629,1,3
20,0,2,7,4,2,3,2,20.5937,78.9629,3,3
20,2,2,8,0,3,1,0,20.5937,78.9629,0,2
20,1,2,0,0,4,4,0,20.5937,78.9629,1,5
20,0,2,0,2,3,2,0,20.5937,78.9629,1,2
20,0,2,6,2,3,1,2,20.5937,78.9629,3,5
20,1,0,8,4,0,0,0,20.5937,78.9629,1,5
20,0,2,0,1,2,1,1,20.5937,78.9629,3,1
20,2,2,3,2,4,1,1,20.5937,78.9629,1,0
20,1,2,0,0,1,2,0,20.5937,78.9629,1,2
20,2,2,3,2,3,2,3,20.5937,78.9629,3,2
20,2,2,12,3,2,3,3,20.5937,78.9629,0,6
41,0,0,3,2,0,0,3,20.5937,78.9629,1,5
41,0,2,8,0,3,4,3,20.5937,78.9629,1,5
0,2,1,0,4,0,0,0,26.9124,75.7873,0,2
41,2,2,12,0,3,2,0,20.5937,78.9629,3,1
4,1,0,8,0,0,0,0,20.5937,78.9629,2,5
41,0,2,6,2,4,1,0,20.5937,78.9629,3,5
41,2,2,3,0,4,4,0,20.5937,78.9629,3,4
41,0,2,0,2,2,2,1,20.5937,78.9629,1,4
41,2,0,18,3,0,0,0,20.5937,78.9629,1,6
37,0,0,3,0,0,0,0,20.5937,78.9629,2,0
41,0,0,6,3,0,0,0,20.5937,78.9629,1,4
41,0,2,2,0,1,4,0,20.5937,78.9629,0,0
41,0,2,12,4,3,3,0,20.5937,78.9629,2,2
41,0,2,7,1,3,4,0,20.5937,78.9629,3,4
41,0,2,7,1,0,0,0,20.5937,78.9629,2,3
41,0,2,3,0,4,2,2,20.5937,78.9629,1,3
41,0,2,19,0,1,3,0,20.5937,78.9629,1,0
41,0,2,2,0,3,2,0,20.5937,78.9629,1,6
41,0,1,2,0,0,0,0,20.5937,78.9629,2,3
41,0,2,14,3,3,2,0,20.5937,78.9629,1,5
37,1,0,2,2,0,0,0,20.5937,78.9629,0,0
41,0,2,18,3,3,4,1,20.5937,78.9629,0,3
41,0,2,7,0,4,1,0,20.5937,78.9629,0,6
41,0,2,2,2,1,1,0,20.5937,78.9629,1,4
41,1,2,0,0,3,4,3,20.5937,78.9629,1,6
41,1,0,8,1,0,0,0,20.5937,78.9629,1,6
41,1,1,3,0,0,0,2,20.5937,78.9629,2,1
41,1,0,6,4,0,0,3,20.5937,78.9629,0,5
41,0,2,0,0,1,3,1,20.5937,78.9629,3,1
41,1,2,1,0,1,1,0,20.5937,78.9629,0,3
41,0,2,2,0,4,4,1,20.5937,78.9629,1,1
41,1,2,3,3,3,4,3,20.5937,78.9629,3,1
41,1,0,1,0,0,0,0,20.5937,78.9629,1,2
41,0,1,4,0,0,0,0,20.5937,78.9629,1,4
41,0,2,5,0,3,2,1,20.5937,78.9629,0,6
21,0,0,6,0,0,0,0,20.5937,78.9629,3,3
23,2,2,3,3,1,4,3,17.385,78.4867,1,3
23,0,2,0,2,4,3,1,17.385,78.4867,0,0
23,2,2,2,2,4,4,0,17.385,78.4867,1,0
23,1,2,7,4,4,2,0,17.385,78.4867,0,3
23,1,2,8,0,3,0,0,17.385,78.4867,1,5
23,1,2,6,1,3,2,1,17.385,78.4867,2,5
23,1,2,8,0,4,3,3,17.385,78.4867,2,1
23,1,2,8,4,2,1,2,17.385,78.4867,3,1
23,0,2,0,0,1,3,1,17.385,78.4867,1,1
23,0,2,3,2,3,0,3,17.385,78.4867,1,1
23,0,2,7,0,4,2,0,17.385,78.4867,1,0
43,0,1,0,0,0,0,0,20.5937,78.9629,1,2
23,0,2,9,0,3,3,0,17.385,78.4867,0,3
23,0,1,1,0,0,0,2,17.385,78.4867,0,1
23,0,2,4,4,1,0,0,17.385,78.4867,0,4
23,1,2,3,1,0,0,1,17.385,78.4867,2,5
46,1,1,10,0,0,0,2,20.5937,78.9629,0,3
23,0,1,5,0,0,0,2,17.385,78.4867,0,5
23,0,2,2,0,4,1,0,17.385,78.4867,0,5
23,0,1,3,4,0,0,0,17.385,78.4867,1,4
23,0,2,7,4,4,1,1,17.385,78.4867,1,0
23,0,2,11,2,3,4,0,17.385,78.4867,0,0
23,2,2,2,3,1,3,0,17.385,78.4867,3,0
23,0,2,6,4,3,3,1,17.385,78.4867,0,6
7,0,0,3,3,0,0,2,22.5726,88.3639,0,1
23,0,2,8,0,4,1,2,17.385,78.4867,2,6
23,1,2,7,0,3,4,0,17.385,78.4867,0,2
30,0,1,8,0,0,0,1,20.5937,78.9629,3,6
23,0,0,6,2,0,0,1,17.385,78.4867,2,5
23,1,2,5,4,4,0,0,17.385,78.4867,0,2
23,0,2,12,3,3,1,2,17.385,78.4867,0,3
23,0,0,2,0,0,0,0,17.385,78.4867,0,3
23,0,2,12,4,3,2,0,17.385,78.4867,2,1
23,0,1,2,0,0,0,3,17.385,78.4867,0,3
23,0,2,6,3,1,3,2,17.385,78.4867,3,1
23,0,2,8,0,0,0,3,17.385,78.4867,3,1
9,0,2,3,3,1,1,0,20.5937,78.9629,3,0
9,0,0,3,0,0,0,0,20.5937,78.9629,0,4
9,0,2,13,3,3,3,0,20.5937,78.9629,2,0
9,0,2,8,0,3,4,1,20.5937,78.9629,1,6
9,0,0,3,2,0,0,0,20.5937,78.9629,0,6
9,1,2,2,3,4,3,0,20.5937,78.9629,0,1
9,1,2,9,0,4,4,1,20.5937,78.9629,1,4
9,1,2,5,0,1,2,0,20.5937,78.9629,1,5
22,0,0,5,3,0,0,0,20.5937,78.9629,1,5
9,0,2,8,2,4,1,2,20.5937,78.9629,0,3
9,0,2,6,0,2,1,0,20.5937,78.9629,1,6
9,0,2,1,0,4,2,0,20.5937,78.9629,1,1
9,2,2,7,2,1,4,3,20.5937,78.9629,0,5
9,0,2,8,1,4,1,2,20.5937,78.9629,1,3
9,0,2,3,0,2,2,0,20.5937,78.9629,1,1
15,0,0,12,0,0,0,0,20.5937,78.9629,0,2
9,1,2,3,3,1,4,1,20.5937,78.9629,0,1
9,0,1,1,0,3,2,0,20.5937,78.9629,3,1
9,1,1,5,0,0,0,0,20.5937,78.9629,2,1
39,0,1,14,1,0,0,3,20.5937,78.9629,3,1
9,0,2,13,0,0,0,0,20.5937,78.9629,0,4
9,0,2,15,4,4,4,1,20.5937,78.9629,0,4
9,0,1,3,1,0,0,0,20.5937,78.9629,0,5
37,2,0,8,0,0,0,0,20.5937,78.9629,3,2
46,0,0,5,0,0,0,0,20.5937,78.9629,0,5
9,0,2,6,1,4,4,3,20.5937,78.9629,1,1
9,0,2,2,0,3,1,1,20.5937,78.9629,2,6
9,0,0,7,0,0,0,3,20.5937,78.9629,1,2
9,0,1,1,0,3,2,0,20.5937,78.9629,1,3
9,1,2,12,0,3,1,3,20.5937,78.9629,1,1
9,0,2,6,0,1,0,0,20.5937,78.9629,3,0
9,1,2,7,3,4,1,3,20.5937,78.9629,1,4
9,1,2,3,0,2,2,2,20.5937,78.9629,2,1
9,0,2,12,0,0,0,0,20.5937,78.9629,0,2
9,1,2,3,4,0,0,0,20.5937,78.9629,1,4
9,0,2,3,0,3,2,0,20.5937,78.9629,1,2
40,1,0,2,2,0,0,1,20.5937,78.9629,1,0
11,0,0,16,4,0,0,0,20.5937,78.9629,2,6
10,1,0,12,1,0,0,0,20.5937,78.9629,0,3
40,1,2,8,3,2,2,0,20.5937,78.9629,0,5
40,1,1,12,4,0,0,3,20.5937,78.9629,2,5
46,0,0,2,0,0,0,0,20.5937,78.9629,1,6
40,0,2,6,0,1,3,0,20.5937,78.9629,1,1
40,0,2,3,1,3,3,0,20.5937,78.9629,0,0
40,0,2,8,1,1,3,1,20.5937,78.9629,1,2
40,0,2,0,0,3,2,3,20.5937,78.9629,0,3
40,0,2,0,1,4,4,1,20.5937,78.9629,0,6
40,1,2,8,0,1,1,0,20.5937,78.9629,2,4
40,1,2,8,0,3,2,1,20.5937,78.9629,3,6
40,0,2,8,2,2,2,0,20.5937,78.9629,0,2
40,1,2,7,1,1,1,1,20.5937,78.9629,0,6
31,0,0,12,2,0,0,3,26.8467,80.9462,3,2
40,0,2,3,4,3,1,0,20.5937,78.9629,3,3
40,0,2,2,0,2,4,2,20.5937,78.9629,1,0
40,2,1,12,0,2,1,0,20.5937,78.9629,1,3
40,2,2,12,4,4,4,0,20.5937,78.9629,1,2
40,1,1,8,1,0,0,2,20.5937,78.9629,2,1
40,1,2,5,4,1,4,3,20.5937,78.9629,0,3
40,0,2,3,3,4,3,0,20.5937,78.9629,3,1
40,0,2,3,4,2,2,0,20.5937,78.9629,0,0
40,0,2,8,0,2,2,0,20.5937,78.9629,1,5
22,0,0,8,0,0,0,1,20.5937,78.9629,0,0
44,0,0,16,4,0,0,0,20.5937,78.9629,1,1
40,1,2,13,0,3,1,0,20.5937,78.9629,1,5
34,0,1,6,2,0,0,1,25.5941,85.1376,0,6
40,0,1,7,0,3,3,1,20.5937,78.9629,1,6
40,0,1,6,0,1,3,0,20.5937,78.9629,1,3
40,0,1,5,0,3,4,3,20.5937,78.9629,3,0
40,2,2,5,0,0,0,2,20.5937,78.9629,1,4
40,0,1,0,0,0,0,2,20.5937,78.9629,0,0
40,2,2,8,0,0,0,0,20.5937,78.9629,2,5
40,0,2,0,1,2,3,3,20.5937,78.9629,3,5
0,0,2,6,2,3,1,2,26.9124,75.7873,0,4
0,0,2,12,0,2,1,1,26.9124,75.7873,1,3
0,0,2,8,4,4,4,0,26.9124,75.7873,1,6
0,0,1,5,3,0,0,3,26.9124,75.7873,3,4
0,0,2,3,0,4,3,2,26.9124,75.7873,3,0
41,0,1,8,0,0,0,0,20.5937,78.9629,2,1
0,0,2,12,0,2,4,3,26.9124,75.7873,0,0
0,0,0,8,0,0,0,0,26.9124,75.7873,2,1
0,0,2,6,3,2,3,2,26.9124,75.7873,1,1
0,0,2,3,0,4,3,1,26.9124,75.7873,0,5
0,0,2,7,0,4,2,0,26.9124,75.7873,1,2
0,0,1,6,3,0,0,2,26.9124,75.7873,2,4
0,0,2,2,3,4,1,2,26.9124,75.7873,0,2
0,0,2,17,4,4,0,0,26.9124,75.7873,1,6
0,1,2,14,0,2,3,1,26.9124,75.7873,1,1
42,0,0,12,1,0,0,0,20.5937,78.9629,2,6
0,0,1,14,4,0,0,2,26.9124,75.7873,3,5
0,1,1,12,0,0,0,0,26.9124,75.7873,0,5
36,0,0,7,0,0,0,1,25.3176,82.9739,3,0
4,0,0,12,2,0,0,1,20.5937,78.9629,2,2
0,0,2,3,2,1,4,0,26.9124,75.7873,1,2
33,0,0,0,3,0,0,2,20.5937,78.9629,0,6
0,0,2,12,1,1,2,0,26.9124,75.7873,1,6
0,0,1,3,0,2,1,3,26.9124,75.7873,2,3
0,0,1,12,0,1,3,0,26.9124,75.7873,0,6
0,0,1,12,0,1,3,0,26.9124,75.7873,3,4
0,0,2,12,4,1,1,0,26.9124,75.7873,0,1
24,2,0,3,0,0,0,1,20.5937,78.9629,0,0
0,1,1,3,4,2,3,3,26.9124,75.7873,1,3
0,1,2,12,4,1,2,0,26.9124,75.7873,0,2
0,0,2,1,3,1,4,0,26.9124,75.7873,3,2
0,0,2,3,0,3,3,1,26.9124,75.7873,0,5
0,0,2,8,0,1,1,3,26.9124,75.7873,0,1
0,0,2,5,2,3,2,0,26.9124,75.7873,0,3
0,2,2,3,0,3,1,3,26.9124,75.7873,0,6
34,0,0,3,0,0,0,3,25.5941,85.1376,1,1
7,0,0,1,4,0,0,0,22.5726,88.3639,0,1
11,0,1,5,4,1,3,1,20.5937,78.9629,1,6
7,0,0,14,3,0,0,0,22.5726,88.3639,3,6
11,2,2,1,3,2,0,2,20.5937,78.9629,1,6
32,0,0,6,4,0,0,0,20.5937,78.9629,0,1
11,0,2,0,2,3,3,0,20.5937,78.9629,3,0
11,0,2,5,1,3,3,0,20.5937,78.9629,0,3
11,1,2,6,1,2,1,0,20.5937,78.9629,3,6
11,0,2,7,0,3,4,1,20.5937,78.9629,0,1
11,0,2,3,3,3,2,0,20.5937,78.9629,2,2
11,0,2,3,0,1,2,1,20.5937,78.9629,2,6
11,1,2,3,2,1,4,0,20.5937,78.9629,1,0
11,2,2,14,4,1,4,2,20.5937,78.9629,3,5
11,0,1,2,4,0,0,2,20.5937,78.9629,1,1
1,1,0,0,1,0,0,0,27.1767,78.0081,3,1
11,1,2,13,1,1,0,0,20.5937,78.9629,1,5
11,1,2,0,0,3,2,0,20.5937,78.9629,0,3
11,0,2,8,0,1,2,2,20.5937,78.9629,2,5
11,0,2,5,4,3,1,3,20.5937,78.9629,0,3
11,0,2,6,4,3,3,0,20.5937,78.9629,1,5
11,0,2,3,2,2,2,1,20.5937,78.9629,0,1
11,0,2,5,0,2,4,0,20.5937,78.9629,3,6
0,0,0,8,2,0,0,3,26.9124,75.7873,1,2
11,0,2,12,3,1,1,2,20.5937,78.9629,3,1
11,0,0,8,2,0,0,0,20.5937,78.9629,2,1
11,0,2,0,0,4,1,1,20.5937,78.9629,1,1
11,0,2,8,0,2,3,0,20.5937,78.9629,1,1
11,0,2,0,3,2,3,2,20.5937,78.9629,1,5
29,1,1,7,4,0,0,0,20.5937,78.9629,0,0
11,2,2,2,0,1,4,2,20.5937,78.9629,0,1
5,0,1,8,0,0,0,3,23.0225,72.5714,1,1
18,0,1,5,1,0,0,0,21.1702,72.8311,0,5
11,0,0,8,3,0,0,0,20.5937,78.9629,1,6
11,0,2,7,0,4,4,0,20.5937,78.9629,0,5
11,0,1,0,0,0,0,3,20.5937,78.9629,3,6
11,1,0,7,4,0,0,2,20.5937,78.9629,0,0
30,0,2,8,0,1,1,1,20.5937,78.9629,0,1
30,0,0,7,0,0,0,0,20.5937,78.9629,1,6
30,0,1,12,0,0,0,2,20.5937,78.9629,0,0
30,0,0,9,0,0,0,2,20.5937,78.9629,0,5
30,0,2,12,1,3,3,1,20.5937,78.9629,0,0
16,1,0,2,0,0,0,0,20.5937,78.9629,1,4
30,0,2,6,3,4,3,0,20.5937,78.9629,3,1
30,0,2,3,4,3,2,0,20.5937,78.9629,3,6
30,0,2,3,1,2,3,3,20.5937,78.9629,1,5
30,2,2,8,4,4,1,0,20.5937,78.9629,1,3
30,0,2,8,0,3,1,3,20.5937,78.9629,0,1
30,0,0,2,1,0,0,2,20.5937,78.9629,2,6
30,0,0,3,3,0,0,1,20.5937,78.9629,0,2
30,0,2,6,0,1,2,0,20.5937,78.9629,2,1
30,1,2,2,0,4,1,2,20.5937,78.9629,3,3
30,0,2,6,0,2,3,3,20.5937,78.9629,3,1
30,0,1,0,0,0,0,2,20.5937,78.9629,1,1
30,0,0,17,4,0,0,3,20.5937,78.9629,0,5
30,1,1,8,0,2,2,0,20.5937,78.9629,0,0