Million_Plus_Cities,Age_band_of_driver,Accident_severity,Cause_of_accident,Weather Conditions,Road Type,Road Condition,Lighting Conditions,Latitude,Longitude,Time_Block,Vehicle Type Involved
30,0,0,8,3,0,0,3,20.5937,78.9629,1,0
30,1,2,8,2,0,0,0,20.5937,78.9629,0,1
30,2,2,2,2,1,1,0,20.5937,78.9629,2,6
30,0,2,6,0,0,0,1,20.5937,78.9629,0,0
30,0,1,13,0,1,3,2,20.5937,78.9629,2,6
30,1,1,1,0,4,4,0,20.5937,78.9629,3,3
30,0,2,5,4,0,0,1,20.5937,78.9629,3,4
30,0,1,2,2,2,2,1,20.5937,78.9629,0,5
25,0,1,7,2,0,0,0,20.5937,78.9629,1,4
30,0,0,2,3,0,0,0,20.5937,78.9629,1,5
30,0,1,8,0,2,4,2,20.5937,78.9629,3,2
49,0,1,0,0,0,0,1,20.5937,78.9629,3,1
30,0,1,2,3,4,4,0,20.5937,78.9629,1,1
30,2,1,5,0,1,2,2,20.5937,78.9629,2,0
5,0,0,8,0,0,0,1,23.0225,72.5714,1,5
30,0,2,0,0,1,2,0,20.5937,78.9629,1,4
30,0,1,8,0,3,4,2,20.5937,78.9629,3,3
44,1,1,2,2,3,3,3,20.5937,78.9629,1,2
44,1,0,2,4,0,0,2,20.5937,78.9629,1,4
44,0,2,7,3,2,1,0,20.5937,78.9629,2,2
44,2,2,2,1,4,1,2,20.5937,78.9629,3,6
44,0,2,12,0,4,2,0,20.5937,78.9629,3,3
44,0,2,12,2,4,2,1,20.5937,78.9629,3,6
44,0,2,7,0,1,3,0,20.5937,78.9629,1,4
44,0,2,9,0,4,2,3,20.5937,78.9629,3,4
44,0,2,8,0,0,0,1,20.5937,78.9629,3,6
44,1,2,2,0,1,2,2,20.5937,78.9629,1,5
44,0,1,6,0,0,0,0,20.5937,78.9629,0,6
44,0,2,8,4,0,0,0,20.5937,78.9629,0,2
44,0,2,7,0,1,3,3,20.5937,78.9629,3,6
44,0,0,7,0,0,0,0,20.5937,78.9629,3,1
44,1,1,6,1,0,0,0,20.5937,78.9629,1,1
44,0,2,12,1,1,0,0,20.5937,78.9629,0,2
44,2,0,3,1,0,0,3,20.5937,78.9629,3,3
44,1,2,2,3,1,2,1,20.5937,78.9629,3,2
44,1,2,0,2,0,0,1,20.5937,78.9629,0,3
44,2,2,12,1,1,3,0,20.5937,78.9629,0,1
44,0,2,14,2,1,2,0,20.5937,78.9629,0,4
6,1,1,14,0,0,0,0,20.5937,78.9629,0,6
44,0,2,7,0,2,1,0,20.5937,78.9629,0,1
49,1,0,2,0,0,0,0,20.5937,78.9629,3,5
2,1,0,3,3,0,0,0,19.076,72.8777,1,2
44,1,2,12,3,1,3,3,20.5937,78.9629,3,1
44,0,0,8,2,0,0,3,20.5937,78.9629,1,1
44,0,0,9,3,0,0,0,20.5937,78.9629,1,3
44,0,0,18,0,0,0,0,20.5937,78.9629,2,1
44,2,2,3,0,4,1,2,20.5937,78.9629,1,2
22,0,1,12,0,0,0,1,20.5937,78.9629,1,0
44,0,2,0,0,3,1,0,20.5937,78.9629,3,3
44,0,1,17,1,0,0,1,20.5937,78.9629,1,2
44,1,0,3,2,2,2,1,20.5937,78.9629,3,0
44,2,0,12,3,4,4,1,20.5937,78.9629,1,5
44,1,1,6,0,4,4,0,20.5937,78.9629,3,1
45,0,0,0,0,4,3,0,26.4499,80.3319,3,3
45,0,0,2,0,4,3,1,26.4499,80.3319,0,2
45,0,0,16,2,1,3,3,26.4499,80.3319,0,5
45,0,0,8,0,4,1,3,26.4499,80.3319,1,5
45,1,0,12,2,4,1,0,26.4499,80.3319,2,1
46,2,0,8,0,0,0,0,20.5937,78.9629,3,5
45,0,0,2,0,0,0,1,26.4499,80.3319,3,6
45,0,0,7,2,4,4,0,26.4499,80.3319,2,5
45,0,0,8,0,4,2,3,26.4499,80.3319,1,6
45,0,0,8,0,4,4,0,26.4499,80.3319,3,5
45,1,0,2,0,4,1,2,26.4499,80.3319,3,1
45,0,0,8,4,3,1,2,26.4499,80.3319,2,0
45,0,0,2,2,1,1,0,26.4499,80.3319,1,4
45,0,0,8,0,4,3,0,26.4499,80.3319,3,5
45,1,0,8,0,0,0,3,26.4499,80.3319,2,6
45,0,0,8,0,4,2,3,26.4499,80.3319,0,4
46,1,0,2,0,0,0,2,20.5937,78.9629,1,2
45,0,0,3,0,2,3,0,26.4499,80.3319,2,3
37,0,0,0,0,0,0,0,20.5937,78.9629,3,0
45,0,0,3,3,3,1,1,26.4499,80.3319,2,6
45,0,0,8,1,0,0,0,26.4499,80.3319,0,3
19,0,0,1,3,0,0,0,20.5937,78.9629,3,1
45,1,0,5,1,3,1,0,26.4499,80.3319,1,2
45,0,2,5,1,3,3,3,26.4499,80.3319,0,4
45,0,0,3,1,4,4,0,26.4499,80.3319,0,6
45,1,0,7,0,1,4,1,26.4499,80.3319,0,2
45,0,0,6,3,0,0,1,26.4499,80.3319,3,1
45,0,0,2,0,2,4,0,26.4499,80.3319,3,5
17,0,0,2,1,0,0,0,20.5937,78.9629,0,1
45,0,0,1,1,3,2,0,26.4499,80.3319,2,1
45,0,0,8,2,3,4,3,26.4499,80.3319,2,1
45,0,0,6,4,1,4,3,26.4499,80.3319,1,5
45,0,0,3,3,1,3,2,26.4499,80.3319,1,1
45,0,0,2,1,3,1,0,26.4499,80.3319,1,4
45,0,0,8,1,0,0,0,26.4499,80.3319,0,1
45,2,0,12,1,0,0,3,26.4499,80.3319,2,4
47,0,0,7,0,0,0,1,20.5937,78.9629,1,1
47,0,0,12,4,2,1,1,20.5937,78.9629,1,1
47,0,0,0,1,1,2,3,20.5937,78.9629,3,4
47,0,0,8,0,0,0,0,20.5937,78.9629,0,4
47,0,1,8,0,1,1,2,20.5937,78.9629,3,1
47,0,0,8,0,0,0,2,20.5937,78.9629,0,1
47,0,0,2,2,0,0,1,20.5937,78.9629,2,2
34,1,0,2,3,0,0,1,25.5941,85.1376,1,0
47,0,0,0,2,0,0,3,20.5937,78.9629,1,3
47,0,0,3,2,4,4,1,20.5937,78.9629,3,2
47,0,0,6,1,2,1,2,20.5937,78.9629,2,5
40,0,1,0,0,0,0,3,20.5937,78.9629,1,1
47,0,0,12,4,3,3,0,20.5937,78.9629,2,2
47,1,0,12,1,0,0,3,20.5937,78.9629,0,3
47,1,0,18,1,1,2,0,20.5937,78.9629,3,1
47,0,1,7,0,4,0,0,20.5937,78.9629,3,2
47,1,1,6,1,4,3,0,20.5937,78.9629,2,0
4,1,0,12,2,0,0,0,20.5937,78.9629,1,2
47,0,1,0,0,4,4,0,20.5937,78.9629,1,3
47,1,1,12,4,0,0,0,20.5937,78.9629,3,6
47,1,0,6,3,2,2,0,20.5937,78.9629,0,3
47,1,0,3,0,4,4,2,20.5937,78.9629,3,2
47,0,0,2,2,2,2,0,20.5937,78.9629,0,2
47,0,0,6,0,2,4,1,20.5937,78.9629,3,4
47,0,0,12,3,0,0,0,20.5937,78.9629,1,3
47,0,0,0,0,1,1,0,20.5937,78.9629,1,5
47,1,0,8,4,3,2,3,20.5937,78.9629,1,1
47,1,1,2,0,0,0,0,20.5937,78.9629,0,5
47,1,0,2,0,4,4,0,20.5937,78.9629,3,2
47,1,0,8,2,0,0,3,20.5937,78.9629,0,5
47,0,0,2,0,4,4,0,20.5937,78.9629,3,0
47,0,0,12,2,2,1,1,20.5937,78.9629,0,3
47,0,0,2,0,2,3,1,20.5937,78.9629,3,4
47,0,0,8,1,1,3,0,20.5937,78.9629,1,6
47,0,0,3,0,1,3,0,20.5937,78.9629,3,2
47,1,0,8,0,2,4,0,20.5937,78.9629,0,6
22,2,0,14,2,1,2,0,20.5937,78.9629,1,1
22,0,0,8,1,2,1,0,20.5937,78.9629,3,3
22,0,0,1,0,2,1,3,20.5937,78.9629,0,4
22,0,0,18,1,0,0,0,20.5937,78.9629,2,5
22,0,0,7,4,2,4,0,20.5937,78.9629,0,6
22,0,0,0,2,4,4,3,20.5937,78.9629,2,0
22,0,0,3,4,1,1,2,20.5937,78.9629,1,1
22,0,0,2,2,0,0,2,20.5937,78.9629,2,5
22,0,0,3,0,4,4,0,20.5937,78.9629,0,0
22,0,0,18,0,4,2,3,20.5937,78.9629,0,6
45,2,1,6,0,0,0,3,26.4499,80.3319,2,6
22,0,0,6,0,4,1,0,20.5937,78.9629,3,6
49,0,0,2,4,0,0,2,20.5937,78.9629,0,1
22,0,0,3,2,1,2,0,20.5937,78.9629,1,0
22,0,0,3,0,1,3,2,20.5937,78.9629,2,1
22,2,0,2,4,1,3,2,20.5937,78.9629,3,6
22,0,0,2,4,0,0,3,20.5937,78.9629,0,6
22,0,0,9,3,4,0,1,20.5937,78.9629,1,0
22,0,0,1,0,2,2,2,20.5937,78.9629,0,6
22,1,0,2,0,4,4,3,20.5937,78.9629,1,4
22,0,0,18,0,0,0,0,20.5937,78.9629,0,4
22,1,0,12,0,4,2,1,20.5937,78.9629,2,4
35,0,0,0,1,0,0,3,18.5204,73.8567,2,2
22,1,0,8,1,4,2,0,20.5937,78.9629,3,0
22,0,0,6,0,2,4,0,20.5937,78.9629,2,6
22,1,0,16,2,3,2,0,20.5937,78.9629,2,3
22,2,0,2,3,4,1,2,20.5937,78.9629,2,6
22,0,0,8,0,4,1,0,20.5937,78.9629,3,1
22,0,0,0,2,0,0,1,20.5937,78.9629,1,3
22,0,0,6,0,4,4,0,20.5937,78.9629,2,6
22,0,0,6,0,3,3,0,20.5937,78.9629,1,6
22,0,0,8,4,4,3,0,20.5937,78.9629,2,6
22,1,0,8,0,2,4,3,20.5937,78.9629,1,4
22,0,0,1,0,1,1,3,20.5937,78.9629,3,3
22,0,0,18,3,1,0,3,20.5937,78.9629,0,2
22,0,0,3,4,2,4,3,20.5937,78.9629,2,1
7,1,0,2,2,4,1,0,22.5726,88.3639,2,0
7,1,0,12,3,2,3,0,22.5726,88.3639,1,2
39,0,1,0,0,0,0,2,20.5937,78.9629,1,2
7,2,0,0,0,2,1,1,22.5726,88.3639,0,1
7,0,0,3,2,3,1,0,22.5726,88.3639,3,3
44,0,1,6,0,0,0,0,20.5937,78.9629,1,1
7,0,0,13,3,4,4,0,22.5726,88.3639,1,1
38,1,0,18,0,0,0,0,20.5937,78.9629,1,2
1,1,0,3,0,0,0,0,27.1767,78.0081,3,1
7,0,0,12,1,2,0,3,22.5726,88.3639,0,3
7,0,0,8,0,3,2,0,22.5726,88.3639,0,4
7,0,0,2,0,4,4,0,22.5726,88.3639,0,2
6,0,0,8,0,0,0,1,20.5937,78.9629,1,2
7,1,0,8,0,1,3,3,22.5726,88.3639,0,5
7,2,1,9,0,0,0,1,22.5726,88.3639,2,5
7,0,0,1,4,4,1,1,22.5726,88.3639,2,0
7,0,0,12,0,2,3,0,22.5726,88.3639,0,2
5,0,0,18,3,0,0,2,23.0225,72.5714,2,6
7,1,1,0,0,0,0,0,22.5726,88.3639,0,5
7,0,0,16,0,2,3,0,22.5726,88.3639,1,0
7,0,0,18,1,3,1,2,22.5726,88.3639,2,2
7,0,0,3,0,0,0,0,22.5726,88.3639,3,1
7,0,0,2,2,2,3,2,22.5726,88.3639,3,0
49,0,0,8,0,0,0,0,20.5937,78.9629,0,2
18,0,1,8,3,0,0,3,21.1702,72.8311,3,3
7,0,0,6,4,4,3,0,22.5726,88.3639,1,0
7,0,0,0,0,1,1,0,22.5726,88.3639,0,3
7,0,1,0,0,0,0,1,22.5726,88.3639,0,6
43,0,0,9,4,0,0,2,20.5937,78.9629,0,5
7,0,0,2,0,4,3,0,22.5726,88.3639,2,1
7,0,0,2,1,4,2,0,22.5726,88.3639,0,0
7,0,0,6,2,0,0,2,22.5726,88.3639,0,0
7,0,0,3,4,1,2,0,22.5726,88.3639,3,6
7,0,0,3,0,0,0,0,22.5726,88.3639,1,1
7,1,0,12,0,1,1,3,22.5726,88.3639,1,6
7,0,0,2,4,0,0,2,22.5726,88.3639,0,5
33,1,0,3,2,0,0,0,20.5937,78.9629,0,6
33,0,0,18,0,3,1,1,20.5937,78.9629,0,3
33,0,0,12,0,0,0,0,20.5937,78.9629,0,2
33,0,0,8,1,0,0,2,20.5937,78.9629,3,3
33,0,0,6,2,0,0,1,20.5937,78.9629,1,0
41,0,0,6,3,0,0,0,20.5937,78.9629,0,6
33,0,0,6,1,0,0,1,20.5937,78.9629,0,6
33,0,0,2,0,1,4,3,20.5937,78.9629,0,3
33,1,0,0,0,1,3,1,20.5937,78.9629,3,1
33,0,0,12,3,2,2,0,20.5937,78.9629,3,1
33,1,0,18,0,2,1,0,20.5937,78.9629,1,2
33,0,0,3,3,4,1,1,20.5937,78.9629,1,3
33,0,0,6,4,4,2,1,20.5937,78.9629,2,0
33,2,0,3,0,4,3,2,20.5937,78.9629,3,2
33,2,0,14,4,2,3,1,20.5937,78.9629,0,6
39,1,0,0,4,0,0,0,20.5937,78.9629,0,1
33,1,0,6,2,3,1,2,20.5937,78.9629,2,1
33,0,0,8,1,3,4,0,20.5937,78.9629,3,0
33,1,0,12,4,2,2,0,20.5937,78.9629,1,4
33,1,0,2,4,3,4,3,20.5937,78.9629,1,1
33,1,0,6,0,4,1,2,20.5937,78.9629,1,1
33,1,1,6,0,0,0,0,20.5937,78.9629,1,4
33,1,0,8,0,1,3,0,20.5937,78.9629,0,1
33,2,1,14,0,0,0,2,20.5937,78.9629,0,1
20,0,0,12,0,0,0,2,20.5937,78.9629,2,2
22,0,0,12,0,0,0,0,20.5937,78.9629,0,3
33,0,0,3,0,3,1,0,20.5937,78.9629,3,5
16,1,0,12,4,0,0,0,20.5937,78.9629,0,6
33,0,0,2,0,3,3,1,20.5937,78.9629,2,2
33,1,0,12,0,3,1,0,20.5937,78.9629,2,2
33,1,0,12,4,4,0,0,20.5937,78.9629,2,5
29,1,0,18,0,0,0,1,20.5937,78.9629,0,1
33,1,0,12,1,3,1,0,20.5937,78.9629,3,1
33,0,1,8,0,0,0,1,20.5937,78.9629,0,1
33,1,1,12,4,4,4,2,20.5937,78.9629,1,2
33,0,0,14,0,0,0,3,20.5937,78.9629,0,1
16,1,1,1,0,0,0,1,20.5937,78.9629,0,0
16,0,0,8,2,4,1,0,20.5937,78.9629,3,1
16,2,1,12,0,4,1,0,20.5937,78.9629,0,1
16,2,0,6,3,2,3,3,20.5937,78.9629,3,0
45,1,0,6,0,0,0,2,26.4499,80.3319,0,5
16,0,0,6,4,2,2,1,20.5937,78.9629,0,0
16,0,0,6,0,3,2,2,20.5937,78.9629,0,6
45,0,0,8,1,0,0,2,26.4499,80.3319,3,4
37,0,0,0,0,0,0,0,20.5937,78.9629,1,1
16,1,0,8,0,2,4,0,20.5937,78.9629,3,1
16,0,0,2,0,0,0,1,20.5937,78.9629,2,1
16,1,0,2,0,3,3,2,20.5937,78.9629,0,4
16,0,0,7,4,2,4,0,20.5937,78.9629,3,4
16,0,0,0,0,4,3,2,20.5937,78.9629,3,1
16,0,0,2,1,1,4,0,20.5937,78.9629,0,1
16,0,0,8,0,2,1,3,20.5937,78.9629,3,2
16,0,1,6,3,0,0,3,20.5937,78.9629,1,6
16,0,0,3,2,3,2,2,20.5937,78.9629,3,2
16,0,0,8,4,4,1,0,20.5937,78.9629,0,6
16,2,0,8,0,4,1,0,20.5937,78.9629,0,2
16,2,0,9,1,1,2,3,20.5937,78.9629,0,1
6,2,0,7,4,0,0,0,20.5937,78.9629,1,2
16,0,0,2,3,2,1,3,20.5937,78.9629,0,0
16,0,0,8,1,3,1,2,20.5937,78.9629,3,2
16,0,1,12,0,0,0,0,20.5937,78.9629,1,0
16,1,0,8,0,2,3,0,20.5937,78.9629,2,1
16,0,0,3,4,3,2,0,20.5937,78.9629,3,6
16,0,0,1,2,1,4,1,20.5937,78.9629,3,1
16,1,1,12,0,0,0,2,20.5937,78.9629,3,5
16,1,0,0,4,4,4,1,20.5937,78.9629,0,1
16,0,0,8,0,0,0,0,20.5937,78.9629,0,2
16,1,0,1,0,4,1,3,20.5937,78.9629,2,5
16,0,0,12,4,4,1,0,20.5937,78.9629,3,1
16,0,0,12,1,0,0,3,20.5937,78.9629,0,4
16,0,0,0,0,4,1,0,20.5937,78.9629,0,1
16,1,0,12,4,3,2,2,20.5937,78.9629,1,2
31,0,0,14,1,1,2,3,26.8467,80.9462,1,6
31,0,0,2,0,2,3,3,26.8467,80.9462,1,5
31,2,0,8,2,2,2,0,26.8467,80.9462,1,4
31,0,0,8,3,4,1,2,26.8467,80.9462,2,0
31,0,0,3,0,1,1,3,26.8467,80.9462,1,5
31,0,0,18,0,4,2,0,26.8467,80.9462,0,0
27,1,0,3,4,0,0,0,20.5937,78.9629,0,1
31,0,2,2,3,4,2,0,26.8467,80.9462,0,5
31,0,0,0,0,1,1,2,26.8467,80.9462,2,6
31,0,0,8,4,3,0,1,26.8467,80.9462,1,2
31,1,0,3,0,3,1,0,26.8467,80.9462,1,1
31,0,0,0,0,1,1,3,26.8467,80.9462,1,6
31,1,0,8,3,0,0,3,26.8467,80.9462,2,3
31,1,0,14,1,2,1,0,26.8467,80.9462,3,5
31,1,0,14,1,0,0,0,26.8467,80.9462,0,1
31,1,0,0,0,2,4,0,26.8467,80.9462,2,5
31,1,0,0,2,3,1,2,26.8467,80.9462,3,2
31,0,0,1,3,2,4,0,26.8467,80.9462,0,6
31,0,0,12,4,0,0,2,26.8467,80.9462,0,5
31,0,0,2,4,4,2,2,26.8467,80.9462,0,0
31,0,0,18,2,4,3,1,26.8467,80.9462,0,2
31,0,0,8,2,2,4,2,26.8467,80.9462,3,2
31,0,1,0,0,0,0,1,26.8467,80.9462,0,5
18,0,0,2,1,0,0,1,21.1702,72.8311,3,3
31,1,0,3,4,1,4,2,26.8467,80.9462,3,3
31,0,0,8,0,4,1,3,26.8467,80.9462,0,6
31,0,0,13,0,1,1,0,26.8467,80.9462,2,4
31,0,0,3,0,4,2,0,26.8467,80.9462,0,5
31,0,0,6,0,0,0,0,26.8467,80.9462,1,1
31,0,1,8,3,0,0,0,26.8467,80.9462,2,3
31,1,0,17,0,1,4,2,26.8467,80.9462,0,4
31,0,1,8,0,1,1,2,26.8467,80.9462,3,2
31,0,1,3,0,1,2,1,26.8467,80.9462,3,0
31,0,0,8,0,1,2,2,26.8467,80.9462,0,3
31,0,0,2,3,2,1,1,26.8467,80.9462,1,1
31,2,0,12,0,1,2,3,26.8467,80.9462,2,3
43,0,0,3,0,3,2,1,20.5937,78.9629,1,1
43,0,1,6,0,3,4,0,20.5937,78.9629,0,3
43,0,1,8,0,1,3,0,20.5937,78.9629,3,3
43,0,0,7,1,0,0,3,20.5937,78.9629,1,1
31,1,0,7,1,0,0,1,26.8467,80.9462,0,0
43,0,0,6,0,0,0,2,20.5937,78.9629,3,0
43,1,0,2,0,2,3,3,20.5937,78.9629,1,4
43,0,0,2,3,3,3,3,20.5937,78.9629,2,1
43,0,0,8,0,1,3,0,20.5937,78.9629,2,5
43,0,0,6,1,2,3,0,20.5937,78.9629,3,5
43,2,0,8,3,1,2,2,20.5937,78.9629,3,5
10,0,1,8,0,0,0,3,20.5937,78.9629,1,5
43,0,1,3,0,0,0,0,20.5937,78.9629,0,3
47,1,0,2,4,0,0,0,20.5937,78.9629,0,0
43,1,0,8,0,1,1,0,20.5937,78.9629,1,0
43,0,0,16,0,3,3,0,20.5937,78.9629,3,2
43,1,1,6,0,0,0,0,20.5937,78.9629,0,2
43,0,0,0,0,1,4,0,20.5937,78.9629,0,1
21,1,0,18,2,0,0,1,20.5937,78.9629,0,0
35,2,1,0,2,0,0,1,18.5204,73.8567,3,1
43,2,0,3,0,3,4,1,20.5937,78.9629,3,0
43,0,0,11,1,2,3,0,20.5937,78.9629,0,1
11,0,0,18,0,0,0,0,20.5937,78.9629,3,1
36,0,0,12,0,0,0,1,25.3176,82.9739,0,6
43,0,0,8,0,4,2,1,20.5937,78.9629,0,3
43,1,0,6,4,3,1,0,20.5937,78.9629,1,6
43,0,0,11,4,3,3,0,20.5937,78.9629,2,3
43,2,0,18,0,0,0,0,20.5937,78.9629,1,0
43,0,0,3,1,2,2,0,20.5937,78.9629,1,2
43,0,0,3,4,1,2,3,20.5937,78.9629,0,1
43,0,0,3,0,2,2,0,20.5937,78.9629,0,3
43,0,0,3,0,3,4,3,20.5937,78.9629,1,6
43,1,0,0,3,0,0,0,20.5937,78.9629,1,4
43,0,0,8,1,0,0,3,20.5937,78.9629,1,3
9,1,1,11,4,0,0,0,20.5937,78.9629,0,3
43,1,1,8,0,3,4,0,20.5937,78.9629,1,5
19,0,1,12,0,2,2,0,20.5937,78.9629,0,6
19,1,0,8,0,2,1,0,20.5937,78.9629,1,5
19,2,0,8,4,1,3,3,20.5937,78.9629,3,6
19,0,0,8,0,2,3,3,20.5937,78.9629,1,4
19,1,0,3,0,4,2,0,20.5937,78.9629,1,0
28,0,0,8,3,0,0,3,20.5937,78.9629,0,1
19,0,0,6,2,3,4,0,20.5937,78.9629,2,0
19,1,0,2,0,2,1,3,20.5937,78.9629,0,2
19,0,0,0,2,3,4,0,20.5937,78.9629,1,0
19,0,0,12,0,2,4,3,20.5937,78.9629,1,1
19,0,0,2,2,2,3,0,20.5937,78.9629,2,5
14,1,1,7,0,0,0,3,13.0827,80.2707,2,0
19,0,0,8,3,3,0,1,20.5937,78.9629,3,3
19,1,0,8,0,4,1,2,20.5937,78.9629,2,3
9,1,0,16,0,0,0,0,20.5937,78.9629,0,0
26,0,0,8,4,0,0,0,12.9716,77.5946,1,1
19,1,1,19,0,0,0,0,20.5937,78.9629,0,2
19,0,0,0,2,3,2,2,20.5937,78.9629,2,6
19,2,0,7,0,3,1,2,20.5937,78.9629,2,1
19,0,0,2,1,0,0,0,20.5937,78.9629,1,5
19,0,0,2,0,4,0,0,20.5937,78.9629,2,1
19,0,0,9,0,4,1,2,20.5937,78.9629,2,1
19,1,0,8,0,3,3,0,20.5937,78.9629,2,5
19,0,0,3,0,3,3,3,20.5937,78.9629,2,3
19,0,0,3,0,2,1,1,20.5937,78.9629,1,0
19,1,0,0,0,4,3,2,20.5937,78.9629,2,2
19,1,1,13,0,4,0,3,20.5937,78.9629,2,2
19,0,1,2,2,4,1,0,20.5937,78.9629,1,6
19,2,0,3,2,2,3,0,20.5937,78.9629,3,2
19,0,0,8,0,4,1,1,20.5937,78.9629,1,1
19,0,0,3,0,4,2,3,20.5937,78.9629,1,5
19,1,0,3,0,2,4,0,20.5937,78.9629,1,1
19,0,0,8,0,3,3,2,20.5937,78.9629,2,4
19,0,0,3,0,3,3,2,20.5937,78.9629,1,6
19,1,0,12,0,1,2,0,20.5937,78.9629,0,1
19,0,0,12,3,2,4,0,20.5937,78.9629,1,3
3,1,0,3,2,3,1,0,20.5937,78.9629,2,2
3,0,0,16,2,0,0,2,20.5937,78.9629,0,1
34,0,0,3,0,0,0,3,25.5941,85.1376,2,3
3,0,0,0,0,3,1,0,20.5937,78.9629,0,5
3,0,0,8,0,1,1,3,20.5937,78.9629,3,1
3,0,0,16,0,3,3,2,20.5937,78.9629,1,1
3,2,0,12,0,3,3,1,20.5937,78.9629,0,3
3,0,0,3,0,1,2,0,20.5937,78.9629,3,6
3,0,0,13,0,2,3,1,20.5937,78.9629,3,0
3,0,0,2,0,4,4,0,20.5937,78.9629,3,5
3,0,1,12,2,0,0,2,20.5937,78.9629,1,0
3,0,0,8,4,0,0,1,20.5937,78.9629,0,4
3,0,0,0,0,0,0,1,20.5937,78.9629,0,0
37,0,0,7,4,0,0,2,20.5937,78.9629,2,0
18,0,1,0,3,0,0,0,21.1702,72.8311,3,6
3,0,0,3,0,4,4,0,20.5937,78.9629,1,5
3,2,0,8,0,1,3,0,20.5937,78.9629,1,1
3,1,0,19,1,4,4,0,20.5937,78.9629,0,0
3,1,0,3,3,4,3,0,20.5937,78.9629,0,4
3,0,0,12,0,0,0,3,20.5937,78.9629,0,1
3,0,0,14,0,3,0,3,20.5937,78.9629,3,5
3,2,1,3,0,1,1,0,20.5937,78.9629,0,1
3,1,1,3,0,4,2,1,20.5937,78.9629,1,6
3,0,1,12,2,4,0,3,20.5937,78.9629,3,6
3,0,0,2,4,4,0,0,20.5937,78.9629,1,0
3,0,0,6,2,1,3,2,20.5937,78.9629,3,6
3,0,0,12,2,4,1,0,20.5937,78.9629,3,3
3,0,0,3,3,2,2,1,20.5937,78.9629,1,1
3,1,0,12,2,1,3,2,20.5937,78.9629,0,5
3,2,0,18,0,3,0,3,20.5937,78.9629,3,3
3,1,0,8,0,2,1,3,20.5937,78.9629,0,3
3,0,0,2,4,1,4,0,20.5937,78.9629,0,2
3,2,0,6,0,4,2,0,20.5937,78.9629,2,5
3,1,0,0,1,3,4,3,20.5937,78.9629,1,2
3,0,0,0,2,2,4,0,20.5937,78.9629,1,0
3,0,0,8,0,4,2,2,20.5937,78.9629,1,0
13,0,0,3,0,0,0,0,20.5937,78.9629,2,0
13,1,0,3,3,2,0,3,20.5937,78.9629,3,1
13,2,0,0,3,3,1,0,20.5937,78.9629,3,0
39,1,1,12,0,0,0,3,20.5937,78.9629,0,1
13,1,0,18,0,2,2,0,20.5937,78.9629,1,6
13,0,0,8,0,2,4,3,20.5937,78.9629,0,4
13,0,0,8,0,1,4,0,20.5937,78.9629,0,5
40,0,0,6,0,0,0,2,20.5937,78.9629,2,6
13,0,1,14,0,0,0,1,20.5937,78.9629,3,1
13,0,0,6,0,3,1,0,20.5937,78.9629,3,2
13,1,1,6,0,3,2,3,20.5937,78.9629,1,1
16,1,0,6,0,0,0,0,20.5937,78.9629,2,1
13,0,0,8,0,3,2,0,20.5937,78.9629,3,3
13,1,0,0,0,2,2,2,20.5937,78.9629,1,1
13,1,0,3,0,2,1,2,20.5937,78.9629,2,5
13,0,0,12,0,1,1,1,20.5937,78.9629,2,3
13,1,0,2,2,1,0,1,20.5937,78.9629,1,4
13,1,0,8,4,4,4,0,20.5937,78.9629,1,1
13,1,0,3,0,1,4,2,20.5937,78.9629,0,2
13,1,0,18,1,4,3,0,20.5937,78.9629,0,6
13,0,0,8,1,0,0,0,20.5937,78.9629,2,1
48,1,0,16,0,0,0,0,20.5937,78.9629,0,2
13,0,0,8,1,1,4,3,20.5937,78.9629,0,6
25,0,0,3,4,0,0,2,20.5937,78.9629,1,6
13,1,0,6,0,3,2,2,20.5937,78.9629,1,2
13,2,0,3,0,1,2,0,20.5937,78.9629,1,2
13,0,0,2,0,1,4,0,20.5937,78.9629,3,0
13,0,0,8,0,4,1,0,20.5937,78.9629,0,2
13,0,0,7,4,4,3,1,20.5937,78.9629,3,2
13,0,0,12,3,2,0,0,20.5937,78.9629,3,6
13,0,0,8,1,1,1,0,20.5937,78.9629,1,6
13,1,0,12,2,4,3,0,20.5937,78.9629,3,1
13,0,1,12,0,0,0,2,20.5937,78.9629,0,3
13,1,0,0,1,4,4,1,20.5937,78.9629,1,2
13,1,0,1,0,3,1,1,20.5937,78.9629,2,6
13,2,0,6,0,2,4,2,20.5937,78.9629,1,1
2,0,0,6,2,4,2,0,19.076,72.8777,1,4
2,0,1,2,0,1,2,0,19.076,72.8777,3,1
2,0,1,6,0,0,0,2,19.076,72.8777,2,2
2,0,0,8,0,1,0,0,19.076,72.8777,1,3