Million_Plus_Cities,Age_band_of_driver,Accident_severity,Cause_of_accident,Weather Conditions,Road Type,Road Condition,Lighting Conditions,Latitude,Longitude,Time_Block,Vehicle Type Involved
2,1,0,0,3,1,3,0,19.076,72.8777,0,5
30,0,0,3,3,0,0,2,20.5937,78.9629,2,2
2,0,0,8,4,4,3,1,19.076,72.8777,1,0
2,0,0,1,4,2,3,1,19.076,72.8777,3,1
22,0,1,8,4,0,0,3,20.5937,78.9629,0,6
2,2,0,2,0,4,1,0,19.076,72.8777,3,2
2,0,0,18,0,4,4,2,19.076,72.8777,1,0
26,1,0,8,0,0,0,3,12.9716,77.5946,1,0
2,1,0,8,0,4,4,0,19.076,72.8777,0,1
2,1,0,3,0,2,1,3,19.076,72.8777,1,0
23,0,0,2,4,0,0,2,17.385,78.4867,0,4
2,0,0,0,0,4,1,0,19.076,72.8777,0,1
5,0,1,8,0,0,0,2,23.0225,72.5714,0,3
2,0,0,8,1,1,3,2,19.076,72.8777,3,6
2,0,0,12,0,2,4,0,19.076,72.8777,1,3
2,1,0,0,0,1,2,3,19.076,72.8777,2,1
2,0,0,8,0,1,4,2,19.076,72.8777,0,6
2,0,0,3,1,3,2,0,19.076,72.8777,0,3
2,0,0,12,1,1,1,0,19.076,72.8777,0,4
23,1,0,14,3,0,0,3,17.385,78.4867,3,5
2,0,1,3,0,4,1,3,19.076,72.8777,1,2
2,0,0,12,0,0,0,2,19.076,72.8777,0,5
17,0,0,3,0,0,0,1,20.5937,78.9629,0,1
2,0,0,6,0,4,1,3,19.076,72.8777,3,2
2,0,0,3,0,0,0,0,19.076,72.8777,3,6
2,0,1,17,4,0,0,0,19.076,72.8777,1,5
2,0,0,6,0,1,4,0,19.076,72.8777,0,2
2,0,1,13,2,4,2,0,19.076,72.8777,2,1
2,0,0,8,1,3,3,2,19.076,72.8777,2,3
2,1,0,8,1,4,0,0,19.076,72.8777,1,1
2,1,0,12,0,2,1,0,19.076,72.8777,0,5
2,0,1,12,1,0,0,0,19.076,72.8777,0,5
46,0,0,0,3,1,1,1,20.5937,78.9629,1,2
46,2,0,8,1,3,4,0,20.5937,78.9629,3,0
46,0,1,3,0,2,3,0,20.5937,78.9629,1,6
46,1,1,1,0,3,1,2,20.5937,78.9629,3,6
20,0,1,8,0,0,0,0,20.5937,78.9629,0,1
46,2,0,1,3,0,0,0,20.5937,78.9629,0,2
46,2,0,0,0,4,0,0,20.5937,78.9629,0,0
46,1,0,8,0,1,2,2,20.5937,78.9629,0,6
46,2,0,8,0,0,0,0,20.5937,78.9629,1,1
46,0,0,6,0,2,0,3,20.5937,78.9629,1,5
46,0,0,6,0,1,2,0,20.5937,78.9629,3,5
6,2,0,2,0,0,0,3,20.5937,78.9629,3,5
46,2,0,8,1,0,0,0,20.5937,78.9629,0,2
46,0,1,18,2,3,0,2,20.5937,78.9629,0,2
46,0,1,2,0,0,0,0,20.5937,78.9629,3,0
46,0,0,3,0,0,0,3,20.5937,78.9629,1,3
46,0,1,14,2,2,2,0,20.5937,78.9629,3,1
46,0,0,13,0,4,2,2,20.5937,78.9629,3,5
46,0,0,1,0,4,1,0,20.5937,78.9629,0,4
46,0,0,3,0,0,0,2,20.5937,78.9629,2,6
46,0,0,3,0,3,3,0,20.5937,78.9629,1,2
25,2,0,0,4,0,0,2,20.5937,78.9629,1,3
46,0,0,0,4,1,3,0,20.5937,78.9629,0,0
46,0,0,2,0,1,1,1,20.5937,78.9629,2,0
46,0,0,0,4,0,0,3,20.5937,78.9629,0,6
46,1,0,8,3,1,0,0,20.5937,78.9629,1,2
46,1,0,0,4,2,2,3,20.5937,78.9629,0,5
46,1,0,3,2,2,2,0,20.5937,78.9629,1,1
46,1,0,2,4,3,3,0,20.5937,78.9629,0,4
46,2,0,6,3,3,4,3,20.5937,78.9629,1,2
46,0,0,8,2,4,4,0,20.5937,78.9629,3,2
46,1,0,6,0,4,0,0,20.5937,78.9629,0,3
39,0,0,18,2,0,0,3,20.5937,78.9629,2,0
46,0,1,3,4,1,2,1,20.5937,78.9629,3,0
13,2,0,8,4,0,0,2,20.5937,78.9629,2,3
9,2,0,8,0,0,0,2,20.5937,78.9629,3,6
25,1,0,2,4,0,0,2,20.5937,78.9629,3,1
27,1,0,3,3,1,4,0,20.5937,78.9629,2,3
27,0,0,3,0,2,2,0,20.5937,78.9629,0,0
27,0,0,18,0,1,3,3,20.5937,78.9629,0,3
27,0,0,0,3,0,0,0,20.5937,78.9629,1,2
27,1,1,2,0,3,1,0,20.5937,78.9629,0,5
27,1,0,7,0,4,4,0,20.5937,78.9629,1,3
27,0,0,8,0,2,4,0,20.5937,78.9629,3,1
27,0,0,8,3,1,4,3,20.5937,78.9629,3,2
27,2,1,2,0,2,3,1,20.5937,78.9629,2,5
27,1,1,3,1,4,1,3,20.5937,78.9629,1,4
31,2,0,12,3,0,0,0,26.8467,80.9462,1,4
27,2,1,8,0,0,0,0,20.5937,78.9629,0,6
27,0,0,2,0,3,3,0,20.5937,78.9629,1,0
27,1,0,0,0,0,0,0,20.5937,78.9629,1,2
27,1,0,8,1,0,0,3,20.5937,78.9629,1,0
27,1,0,7,3,2,1,0,20.5937,78.9629,2,3
27,0,0,2,0,2,1,0,20.5937,78.9629,1,5
27,1,0,8,4,2,2,3,20.5937,78.9629,0,4
27,0,0,12,3,2,4,0,20.5937,78.9629,2,1
27,0,0,6,1,2,4,3,20.5937,78.9629,0,0
27,1,0,3,1,1,4,1,20.5937,78.9629,1,0
27,1,0,0,3,2,4,0,20.5937,78.9629,2,4
27,0,0,6,0,0,0,3,20.5937,78.9629,1,2
27,0,0,7,0,0,0,0,20.5937,78.9629,3,2
27,0,0,2,1,1,3,0,20.5937,78.9629,1,3
27,0,0,2,0,0,0,0,20.5937,78.9629,3,6
27,0,0,18,2,4,1,0,20.5937,78.9629,0,6
14,0,0,0,0,0,0,3,13.0827,80.2707,1,2
27,1,1,3,0,0,0,1,20.5937,78.9629,1,6
27,1,0,3,0,1,2,1,20.5937,78.9629,0,5
27,0,0,8,4,3,3,0,20.5937,78.9629,1,2
27,0,0,0,0,0,0,3,20.5937,78.9629,0,5
27,0,0,8,2,4,1,1,20.5937,78.9629,1,0
27,0,0,12,0,4,1,2,20.5937,78.9629,0,1
27,0,0,7,3,3,0,2,20.5937,78.9629,2,6
34,1,0,6,3,1,3,3,25.5941,85.1376,1,5
34,0,0,0,0,4,1,3,25.5941,85.1376,0,1
34,0,0,3,1,3,1,0,25.5941,85.1376,3,5
34,2,1,8,3,4,2,1,25.5941,85.1376,1,4
38,1,0,12,0,0,0,0,20.5937,78.9629,0,6
34,0,1,2,4,4,1,0,25.5941,85.1376,1,3
34,0,0,0,1,0,0,1,25.5941,85.1376,0,1
34,1,1,8,1,0,0,3,25.5941,85.1376,2,1
24,2,0,3,1,0,0,3,20.5937,78.9629,1,2
39,0,0,6,1,0,0,3,20.5937,78.9629,1,1
34,1,0,9,0,1,4,0,25.5941,85.1376,1,2
34,1,1,8,3,1,2,2,25.5941,85.1376,3,6
34,0,1,8,4,0,0,2,25.5941,85.1376,0,4
34,0,0,2,2,2,2,2,25.5941,85.1376,2,1
34,0,0,6,0,2,2,1,25.5941,85.1376,3,1
34,0,1,12,3,0,0,0,25.5941,85.1376,0,1
34,0,1,3,4,2,4,3,25.5941,85.1376,3,1
34,0,0,8,4,3,2,1,25.5941,85.1376,1,1
34,0,0,3,4,2,3,1,25.5941,85.1376,3,6
34,0,0,8,2,4,1,0,25.5941,85.1376,1,2
34,0,0,18,2,4,4,0,25.5941,85.1376,3,4
34,0,1,2,4,0,0,2,25.5941,85.1376,3,5
34,0,0,9,0,3,4,3,25.5941,85.1376,3,5
34,2,0,4,4,2,3,0,25.5941,85.1376,3,5
34,0,0,12,1,1,2,0,25.5941,85.1376,1,5
34,1,0,1,3,4,4,0,25.5941,85.1376,1,1
34,1,0,8,1,4,3,0,25.5941,85.1376,0,5
34,1,0,16,2,2,1,0,25.5941,85.1376,0,1
34,0,0,12,4,4,3,3,25.5941,85.1376,1,2
7,2,0,7,0,0,0,3,22.5726,88.3639,3,2
34,1,0,8,1,2,2,0,25.5941,85.1376,0,5
34,1,0,6,0,4,4,0,25.5941,85.1376,2,2
40,1,1,9,0,0,0,1,20.5937,78.9629,1,6
34,2,0,7,2,0,0,0,25.5941,85.1376,0,1
34,0,0,3,2,3,3,0,25.5941,85.1376,1,5
34,0,0,0,0,2,4,2,25.5941,85.1376,2,2
35,1,0,2,1,4,0,0,18.5204,73.8567,0,1
35,0,0,8,0,4,1,3,18.5204,73.8567,0,2
35,0,0,12,2,1,4,0,18.5204,73.8567,0,0
35,0,0,18,0,2,4,1,18.5204,73.8567,2,1
35,0,0,12,2,3,0,1,18.5204,73.8567,1,2
35,1,1,12,2,4,3,0,18.5204,73.8567,2,1
35,1,0,3,0,0,0,3,18.5204,73.8567,0,6
35,1,0,8,4,3,4,0,18.5204,73.8567,3,1
35,0,0,12,0,1,3,0,18.5204,73.8567,1,0
24,0,0,7,0,0,0,2,20.5937,78.9629,1,2
35,0,0,8,0,1,4,0,18.5204,73.8567,2,2
22,1,0,0,0,0,0,3,20.5937,78.9629,0,0
35,2,0,0,0,3,1,1,18.5204,73.8567,0,6
33,2,0,6,0,0,0,0,20.5937,78.9629,1,1
35,0,0,8,3,2,2,2,18.5204,73.8567,0,2
35,0,0,0,2,0,0,0,18.5204,73.8567,0,1
35,0,0,3,1,0,0,1,18.5204,73.8567,1,6
35,0,0,0,0,2,3,0,18.5204,73.8567,3,5
35,0,0,3,2,1,1,2,18.5204,73.8567,3,1
35,1,0,12,0,4,0,0,18.5204,73.8567,0,2
35,0,1,3,3,2,3,1,18.5204,73.8567,3,4
35,1,1,8,1,4,2,1,18.5204,73.8567,2,3
14,0,0,0,0,0,0,2,13.0827,80.2707,0,2
35,1,1,12,2,3,2,3,18.5204,73.8567,1,0
35,1,1,8,4,4,2,1,18.5204,73.8567,0,4
35,0,1,6,0,0,0,3,18.5204,73.8567,2,1
35,0,0,3,0,0,0,1,18.5204,73.8567,3,0
35,0,0,0,2,4,4,0,18.5204,73.8567,1,1
35,0,0,18,4,1,1,2,18.5204,73.8567,1,2
35,0,0,3,0,4,3,0,18.5204,73.8567,1,1
35,0,0,6,0,4,1,0,18.5204,73.8567,1,1
35,0,0,2,0,0,0,1,18.5204,73.8567,1,4
41,0,1,12,0,0,0,3,20.5937,78.9629,1,1
35,0,0,7,1,1,1,0,18.5204,73.8567,1,2
35,0,0,7,0,2,3,2,18.5204,73.8567,1,0
35,0,0,3,0,2,1,0,18.5204,73.8567,1,0
6,0,0,19,0,4,4,0,20.5937,78.9629,3,3
6,0,0,2,0,0,0,0,20.5937,78.9629,0,1
6,0,0,2,1,2,3,0,20.5937,78.9629,3,2
41,0,1,14,1,0,0,3,20.5937,78.9629,0,5
6,0,0,2,0,4,4,3,20.5937,78.9629,1,5
6,0,0,18,2,2,4,0,20.5937,78.9629,2,4
6,0,0,7,0,0,0,2,20.5937,78.9629,0,2
6,0,0,2,1,1,1,3,20.5937,78.9629,0,1
6,1,1,0,0,3,0,2,20.5937,78.9629,0,0
6,1,1,1,2,4,4,2,20.5937,78.9629,3,0
45,2,0,2,0,0,0,3,26.4499,80.3319,2,6
6,1,0,3,3,2,4,1,20.5937,78.9629,2,2
6,0,0,1,0,1,3,2,20.5937,78.9629,1,6
6,0,0,4,3,3,3,2,20.5937,78.9629,2,3
4,0,0,5,1,0,0,1,20.5937,78.9629,0,6
2,0,1,6,0,0,0,1,19.076,72.8777,2,6
12,0,0,3,4,0,0,0,28.6139,77.209,1,1
6,0,0,0,3,2,2,2,20.5937,78.9629,3,4
6,0,0,2,0,3,2,2,20.5937,78.9629,1,6
33,0,0,7,3,0,0,1,20.5937,78.9629,3,2
45,1,0,8,0,0,0,3,26.4499,80.3319,1,2
6,0,0,6,0,0,0,0,20.5937,78.9629,0,3
5,0,1,8,0,0,0,0,23.0225,72.5714,2,4
6,1,0,8,0,3,4,0,20.5937,78.9629,3,4
6,0,0,0,1,4,3,0,20.5937,78.9629,2,6
6,0,0,3,0,2,1,2,20.5937,78.9629,1,2
6,1,1,7,3,0,0,0,20.5937,78.9629,1,1
6,0,0,0,0,1,3,0,20.5937,78.9629,1,2
6,1,0,0,3,0,0,2,20.5937,78.9629,2,1
6,1,0,1,0,3,1,3,20.5937,78.9629,0,2
6,0,0,2,0,3,2,0,20.5937,78.9629,3,5
6,1,0,3,4,4,2,0,20.5937,78.9629,0,2
6,0,0,1,0,0,0,2,20.5937,78.9629,0,6
6,0,1,4,0,0,0,0,20.5937,78.9629,3,4
6,2,0,5,4,3,3,0,20.5937,78.9629,1,2
6,0,1,6,3,1,2,0,20.5937,78.9629,3,3
49,1,1,3,0,3,2,1,20.5937,78.9629,0,6
49,0,0,0,1,3,1,0,20.5937,78.9629,2,2
18,0,0,2,1,0,0,0,21.1702,72.8311,3,6
49,0,1,7,3,4,3,1,20.5937,78.9629,0,2
36,2,0,8,2,0,0,1,25.3176,82.9739,3,4
49,2,0,6,0,0,0,3,20.5937,78.9629,1,3
49,1,1,8,0,4,1,1,20.5937,78.9629,3,3
49,0,0,0,3,0,0,0,20.5937,78.9629,1,2
49,1,1,1,4,4,3,0,20.5937,78.9629,0,4
49,0,0,2,0,1,2,3,20.5937,78.9629,0,6
49,0,0,3,1,4,4,0,20.5937,78.9629,2,5
49,0,0,1,0,3,4,0,20.5937,78.9629,1,5
21,0,0,4,2,0,0,2,20.5937,78.9629,2,2
49,1,0,5,3,3,4,3,20.5937,78.9629,0,5
49,2,0,6,0,4,4,2,20.5937,78.9629,1,0
49,2,0,3,4,4,0,0,20.5937,78.9629,0,0
49,0,0,0,2,3,2,0,20.5937,78.9629,1,5
49,0,0,2,1,3,2,0,20.5937,78.9629,1,1
49,0,0,7,0,2,4,1,20.5937,78.9629,3,1
49,0,0,8,3,0,0,0,20.5937,78.9629,1,2
24,0,0,6,3,0,0,2,20.5937,78.9629,1,1
49,0,0,8,4,1,3,0,20.5937,78.9629,2,1
49,0,0,8,0,0,0,0,20.5937,78.9629,1,1
49,1,0,0,4,0,0,0,20.5937,78.9629,0,1
49,1,0,3,0,0,0,0,20.5937,78.9629,3,3
27,1,0,7,2,0,0,0,20.5937,78.9629,1,3
49,0,0,0,0,4,3,3,20.5937,78.9629,0,1
49,1,0,9,0,3,1,0,20.5937,78.9629,1,3
49,1,0,1,2,4,4,0,20.5937,78.9629,3,4
10,0,0,4,0,0,0,0,20.5937,78.9629,2,1
49,1,0,3,0,3,1,3,20.5937,78.9629,1,1
49,0,0,10,0,3,1,1,20.5937,78.9629,1,3
49,0,0,5,4,3,2,0,20.5937,78.9629,3,1
49,0,0,2,0,1,4,0,20.5937,78.9629,0,0
49,0,0,3,0,0,0,3,20.5937,78.9629,3,2
49,1,0,7,0,0,0,0,20.5937,78.9629,0,0
15,0,0,11,0,1,3,0,20.5937,78.9629,3,1
15,1,0,2,0,0,0,1,20.5937,78.9629,0,0
26,1,0,6,0,0,0,0,12.9716,77.5946,2,2
15,0,0,3,0,2,3,0,20.5937,78.9629,1,6
15,1,0,8,0,3,3,0,20.5937,78.9629,3,0
15,1,0,7,0,0,0,0,20.5937,78.9629,0,4
15,1,0,8,3,2,3,0,20.5937,78.9629,2,0
15,1,0,6,1,2,3,3,20.5937,78.9629,2,5
15,0,0,5,3,3,1,1,20.5937,78.9629,2,3
36,1,0,12,2,0,0,3,25.3176,82.9739,1,2
15,0,0,2,1,2,1,0,20.5937,78.9629,0,0
15,0,0,12,1,4,2,0,20.5937,78.9629,0,3
15,0,0,2,0,4,1,1,20.5937,78.9629,3,6
15,1,0,6,4,1,2,2,20.5937,78.9629,1,1
15,1,0,8,1,0,0,2,20.5937,78.9629,3,3
3,2,0,3,0,0,0,1,20.5937,78.9629,2,6
15,1,0,3,4,3,1,1,20.5937,78.9629,2,4
15,1,0,13,4,4,4,0,20.5937,78.9629,0,4
15,0,1,8,0,2,2,3,20.5937,78.9629,0,1
15,0,0,3,2,0,0,0,20.5937,78.9629,2,1
15,0,0,2,0,1,3,3,20.5937,78.9629,1,4
15,0,0,9,0,3,2,1,20.5937,78.9629,2,5
15,0,0,5,1,2,2,1,20.5937,78.9629,3,5
15,0,0,5,3,2,4,1,20.5937,78.9629,1,5
15,0,0,8,0,0,0,3,20.5937,78.9629,1,5
15,0,1,6,2,4,3,0,20.5937,78.9629,2,6
15,0,1,1,0,4,2,0,20.5937,78.9629,3,1
15,0,0,7,4,1,2,0,20.5937,78.9629,1,4
15,0,0,8,0,3,3,0,20.5937,78.9629,3,6
15,0,0,3,3,0,0,0,20.5937,78.9629,0,3
15,1,0,12,3,1,3,3,20.5937,78.9629,1,5
15,0,0,3,4,1,3,3,20.5937,78.9629,0,6
4,0,0,1,0,0,0,0,20.5937,78.9629,2,4
15,0,0,5,2,1,3,3,20.5937,78.9629,0,3
15,1,0,14,4,4,2,0,20.5937,78.9629,3,1
2,0,0,13,1,0,0,2,19.076,72.8777,2,1
18,0,0,15,3,0,0,0,21.1702,72.8311,0,2
18,1,0,0,0,0,0,2,21.1702,72.8311,2,0
12,0,0,1,2,0,0,0,28.6139,77.209,3,5
18,0,0,2,0,0,0,0,21.1702,72.8311,0,0
18,0,0,3,0,3,1,2,21.1702,72.8311,3,3
18,1,0,1,0,2,1,2,21.1702,72.8311,0,2
18,1,0,4,0,4,3,0,21.1702,72.8311,2,2
44,0,1,5,4,0,0,2,20.5937,78.9629,0,3
18,0,0,6,0,3,3,0,21.1702,72.8311,0,6
18,1,0,3,0,1,0,0,21.1702,72.8311,0,4
45,1,0,0,0,0,0,0,26.4499,80.3319,0,3
18,1,0,2,0,2,3,1,21.1702,72.8311,3,3
18,2,0,7,4,2,2,0,21.1702,72.8311,3,0
18,0,0,8,1,0,0,1,21.1702,72.8311,1,1
18,0,0,6,4,3,1,3,21.1702,72.8311,1,0
18,0,0,8,0,0,0,3,21.1702,72.8311,2,6
18,2,0,8,0,2,4,3,21.1702,72.8311,0,1
18,0,0,0,1,0,0,3,21.1702,72.8311,1,5
18,0,0,3,1,2,0,0,21.1702,72.8311,1,1
18,0,0,7,0,2,2,3,21.1702,72.8311,1,6
18,0,0,0,3,1,1,0,21.1702,72.8311,3,1
18,1,0,9,0,2,3,0,21.1702,72.8311,1,5
18,0,0,1,3,1,2,3,21.1702,72.8311,2,2
18,0,0,4,0,4,1,2,21.1702,72.8311,0,2
18,1,0,3,3,4,4,0,21.1702,72.8311,3,1
18,0,0,10,0,2,4,1,21.1702,72.8311,1,0
18,0,0,5,0,4,3,0,21.1702,72.8311,1,6
18,1,0,2,0,3,2,3,21.1702,72.8311,1,4
18,1,0,3,3,3,1,0,21.1702,72.8311,2,6
18,0,0,7,4,3,2,0,21.1702,72.8311,1,0
1,1,0,11,2,0,0,0,27.1767,78.0081,3,1
18,0,0,2,2,4,4,3,21.1702,72.8311,0,0
18,1,0,6,0,4,2,3,21.1702,72.8311,1,0
18,1,0,3,0,4,2,0,21.1702,72.8311,3,1
0,0,0,8,0,0,0,3,26.9124,75.7873,3,3
35,1,0,7,0,0,0,1,18.5204,73.8567,0,0
42,0,0,8,4,1,1,0,20.5937,78.9629,3,5
42,0,1,6,0,0,0,0,20.5937,78.9629,3,1
42,1,0,5,0,4,4,1,20.5937,78.9629,2,4
11,1,0,12,0,0,0,1,20.5937,78.9629,3,3
37,2,0,2,0,0,0,3,20.5937,78.9629,0,5
42,0,0,12,0,1,4,0,20.5937,78.9629,0,1
42,0,0,2,1,1,3,2,20.5937,78.9629,3,4
42,1,0,6,0,3,0,3,20.5937,78.9629,2,5
42,1,0,8,0,4,3,2,20.5937,78.9629,0,6
42,1,0,3,1,0,0,2,20.5937,78.9629,0,3
42,0,0,3,2,2,1,1,20.5937,78.9629,2,3
42,1,0,13,0,2,4,3,20.5937,78.9629,2,5
42,1,0,8,3,2,3,1,20.5937,78.9629,0,1
42,0,0,3,4,0,0,0,20.5937,78.9629,3,2
36,0,0,2,0,0,0,2,25.3176,82.9739,1,1
42,1,1,9,0,3,4,0,20.5937,78.9629,1,3
42,0,1,5,0,3,4,1,20.5937,78.9629,3,4
42,1,0,5,0,0,0,0,20.5937,78.9629,3,4
0,1,1,8,0,0,0,3,26.9124,75.7873,1,1
29,0,0,6,0,0,0,3,20.5937,78.9629,1,5
42,1,0,1,0,2,3,2,20.5937,78.9629,1,1
42,0,1,7,0,1,2,0,20.5937,78.9629,0,5
42,0,1,8,0,2,3,2,20.5937,78.9629,2,1
42,0,0,3,4,0,0,2,20.5937,78.9629,1,1
42,0,1,12,3,0,0,3,20.5937,78.9629,0,4
42,1,1,3,3,3,3,2,20.5937,78.9629,1,3
42,0,1,1,4,3,3,2,20.5937,78.9629,1,0
42,1,1,5,0,2,4,0,20.5937,78.9629,1,4
42,0,1,14,1,2,3,2,20.5937,78.9629,2,3
42,0,0,13,4,0,0,0,20.5937,78.9629,3,3
42,2,0,15,1,4,1,0,20.5937,78.9629,1,1
42,2,0,3,2,0,0,0,20.5937,78.9629,0,1
42,0,0,8,0,3,4,3,20.5937,78.9629,1,0
26,2,1,5,4,0,0,2,12.9716,77.5946,2,1
42,0,0,6,4,3,3,0,20.5937,78.9629,3,6
42,0,0,2,0,0,0,0,20.5937,78.9629,0,4
25,0,0,7,0,0,0,0,20.5937,78.9629,1,2
4,0,0,1,3,3,2,0,20.5937,78.9629,0,2
4,2,0,12,4,4,4,0,20.5937,78.9629,2,1
4,0,0,6,0,3,3,0,20.5937,78.9629,1,5
4,1,0,7,0,2,1,1,20.5937,78.9629,1,4
4,2,0,3,0,2,4,3,20.5937,78.9629,3,5
4,0,0,12,0,2,0,2,20.5937,78.9629,1,6
4,0,1,3,0,4,2,1,20.5937,78.9629,1,2
4,0,0,3,4,0,0,0,20.5937,78.9629,2,0
4,0,0,2,0,1,3,0,20.5937,78.9629,1,6
4,0,0,16,4,0,0,0,20.5937,78.9629,1,6
4,0,0,12,0,4,1,1,20.5937,78.9629,3,1
4,0,0,8,2,4,3,3,20.5937,78.9629,1,1
28,0,0,12,0,0,0,2,20.5937,78.9629,0,6
4,0,0,2,0,2,1,2,20.5937,78.9629,1,1
4,1,0,6,4,3,0,0,20.5937,78.9629,1,4
4,2,0,3,0,4,1,0,20.5937,78.9629,0,3
4,1,0,8,4,0,0,3,20.5937,78.9629,0,1
4,0,0,0,4,3,4,0,20.5937,78.9629,1,0
4,0,0,0,3,4,4,3,20.5937,78.9629,3,1
4,0,0,8,1,2,2,0,20.5937,78.9629,0,1
4,0,0,8,4,4,4,0,20.5937,78.9629,0,2
47,0,0,8,0,0,0,0,20.5937,78.9629,0,1
48,1,0,7,0,0,0,0,20.5937,78.9629,0,1
4,0,0,12,0,4,3,0,20.5937,78.9629,0,4
4,0,0,3,1,4,3,0,20.5937,78.9629,1,1
4,1,0,2,2,3,3,0,20.5937,78.9629,1,1
4,0,0,12,0,4,0,0,20.5937,78.9629,1,1
4,2,0,12,0,4,1,2,20.5937,78.9629,1,5
4,0,2,8,3,1,3,0,20.5937,78.9629,0,1
4,0,0,5,0,1,1,1,20.5937,78.9629,1,1
10,1,0,3,0,0,0,0,20.5937,78.9629,1,0
4,0,0,3,0,3,2,0,20.5937,78.9629,1,2
4,0,1,8,0,0,0,0,20.5937,78.9629,2,4
4,1,0,8,0,2,2,0,20.5937,78.9629,0,2
4,1,0,16,1,4,3,1,20.5937,78.9629,0,2
21,0,0,13,0,2,4,3,20.5937,78.9629,0,1
21,0,1,6,0,0,0,2,20.5937,78.9629,0,4
21,0,0,7,0,0,0,2,20.5937,78.9629,3,1
21,0,0,6,3,2,4,0,20.5937,78.9629,1,3
24,0,1,5,1,0,0,0,20.5937,78.9629,0,6
21,0,0,5,3,3,1,0,20.5937,78.9629,3,6
21,0,1,0,4,0,0,2,20.5937,78.9629,0,6
21,1,1,8,3,0,0,3,20.5937,78.9629,1,1
21,0,1,0,1,1,4,2,20.5937,78.9629,3,1
21,0,0,6,4,4,0,0,20.5937,78.9629,1,5
21,0,0,12,1,3,4,0,20.5937,78.9629,3,3
21,0,0,8,4,0,0,0,20.5937,78.9629,2,5
21,0,0,5,0,1,4,0,20.5937,78.9629,0,1
21,1,0,3,0,3,2,2,20.5937,78.9629,0,2
21,1,0,8,0,2,2,3,20.5937,78.9629,1,3
21,2,0,12,0,3,3,0,20.5937,78.9629,2,4
21,0,1,8,2,3,3,0,20.5937,78.9629,0,1
6,1,0,6,2,0,0,0,20.5937,78.9629,2,5
21,1,0,3,2,0,0,0,20.5937,78.9629,0,4
21,0,0,7,2,4,4,1,20.5937,78.9629,1,6
39,0,0,6,0,0,0,0,20.5937,78.9629,1,2
21,1,0,2,0,4,4,3,20.5937,78.9629,3,5
21,2,0,17,0,0,0,0,20.5937,78.9629,2,0
21,0,0,14,0,2,3,3,20.5937,78.9629,0,5
47,2,1,12,1,0,0,2,20.5937,78.9629,3,3
35,1,1,14,2,0,0,0,18.5204,73.8567,1,6
40,1,1,12,0,0,0,2,20.5937,78.9629,3,1
21,2,1,7,2,4,1,3,20.5937,78.9629,1,1
21,0,0,12,0,1,3,2,20.5937,78.9629,0,1
21,0,1,3,3,0,0,0,20.5937,78.9629,0,1
21,0,0,0,4,2,2,2,20.5937,78.9629,3,1
21,0,1,12,3,0,0,0,20.5937,78.9629,1,2
21,0,0,3,3,4,3,0,20.5937,78.9629,1,2
4,0,0,12,0,0,0,2,20.5937,78.9629,0,5
21,0,0,12,0,2,2,0,20.5937,78.9629,3,4
21,0,0,12,3,3,2,1,20.5937,78.9629,2,2
25,0,0,3,3,0,0,2,20.5937,78.9629,3,6
25,0,0,3,0,2,3,0,20.5937,78.9629,1,0
25,0,0,12,0,4,4,3,20.5937,78.9629,2,1
25,0,0,1,2,2,4,0,20.5937,78.9629,3,6
25,1,0,3,1,3,4,2,20.5937,78.9629,3,0
25,0,0,8,4,2,1,2,20.5937,78.9629,0,0
25,0,0,5,0,2,1,0,20.5937,78.9629,1,5
16,1,0,3,2,0,0,3,20.5937,78.9629,3,5
25,0,0,3,0,1,4,0,20.5937,78.9629,1,5
1,0,1,1,2,0,0,1,27.1767,78.0081,2,1
25,0,0,5,1,2,0,2,20.5937,78.9629,1,4
25,2,0,14,2,4,3,2,20.5937,78.9629,1,1
25,1,1,1,1,1,1,0,20.5937,78.9629,1,4
25,0,0,6,1,0,0,0,20.5937,78.9629,3,6
34,0,1,0,0,0,0,0,25.5941,85.1376,3,0
17,0,1,5,4,0,0,2,20.5937,78.9629,2,0
25,0,0,6,0,1,2,3,20.5937,78.9629,2,1
25,0,0,7,0,2,3,0,20.5937,78.9629,0,1
25,1,0,3,4,1,1,3,20.5937,78.9629,3,2
25,1,0,3,1,4,2,0,20.5937,78.9629,2,5
25,1,0,3,0,3,1,3,20.5937,78.9629,3,3
25,1,0,14,0,0,0,2,20.5937,78.9629,1,6
44,0,0,2,0,0,0,2,20.5937,78.9629,1,0
25,0,0,0,0,2,2,0,20.5937,78.9629,2,2
25,0,0,13,2,2,2,0,20.5937,78.9629,0,1
25,1,0,0,0,3,3,0,20.5937,78.9629,0,4
25,0,0,8,2,4,1,0,20.5937,78.9629,0,0