Million_Plus_Cities,Age_band_of_driver,Accident_severity,Cause_of_accident,Weather Conditions,Road Type,Road Condition,Lighting Conditions,Latitude,Longitude,Time_Block,Vehicle Type Involved
25,0,0,5,0,4,3,0,20.5937,78.9629,1,3
25,0,0,6,4,4,2,0,20.5937,78.9629,2,3
25,0,0,3,0,0,0,3,20.5937,78.9629,2,1
25,0,1,5,1,4,2,1,20.5937,78.9629,3,3
25,1,1,8,0,0,0,0,20.5937,78.9629,1,5
44,0,0,12,1,0,0,0,20.5937,78.9629,2,3
25,0,1,8,3,1,2,2,20.5937,78.9629,0,5
25,1,0,0,3,2,2,0,20.5937,78.9629,3,0
25,0,0,8,0,4,3,3,20.5937,78.9629,3,2
36,2,0,0,2,0,0,0,25.3176,82.9739,1,5
36,0,0,7,0,0,0,0,25.3176,82.9739,1,5
36,1,0,2,0,1,4,0,25.3176,82.9739,1,5
36,0,1,8,1,1,4,0,25.3176,82.9739,0,4
36,1,1,5,4,3,2,3,25.3176,82.9739,1,0
36,1,0,8,0,0,0,2,25.3176,82.9739,1,6
36,0,0,7,2,1,4,2,25.3176,82.9739,1,0
36,0,0,0,0,2,2,0,25.3176,82.9739,2,4
21,1,0,7,4,0,0,0,20.5937,78.9629,1,1
36,0,0,8,0,0,0,0,25.3176,82.9739,0,6
36,0,0,7,1,2,3,0,25.3176,82.9739,1,4
36,0,0,12,4,3,1,3,25.3176,82.9739,2,2
36,1,0,9,0,3,2,2,25.3176,82.9739,1,2
36,0,0,12,0,0,0,3,25.3176,82.9739,3,4
36,0,0,2,3,4,1,1,25.3176,82.9739,0,3
36,0,0,0,1,4,3,0,25.3176,82.9739,1,0
36,0,0,1,0,1,2,0,25.3176,82.9739,0,4
24,1,1,2,0,0,0,3,20.5937,78.9629,2,0
36,0,1,3,2,4,3,0,25.3176,82.9739,1,0
36,1,1,1,0,0,0,0,25.3176,82.9739,3,4
36,0,0,4,3,4,2,0,25.3176,82.9739,2,6
36,0,0,5,2,1,1,3,25.3176,82.9739,0,1
36,0,0,6,0,0,0,1,25.3176,82.9739,0,4
36,1,0,3,1,1,2,0,25.3176,82.9739,0,6
36,1,1,0,3,0,0,0,25.3176,82.9739,1,0
36,0,0,2,0,0,0,2,25.3176,82.9739,0,0
36,0,0,7,1,0,0,1,25.3176,82.9739,0,3
36,0,0,8,0,1,1,2,25.3176,82.9739,1,2
36,1,0,6,0,2,3,0,25.3176,82.9739,3,6
36,2,0,8,4,2,3,0,25.3176,82.9739,2,4
37,0,0,8,4,0,0,0,20.5937,78.9629,3,3
17,0,0,0,2,0,0,3,20.5937,78.9629,0,2
36,0,1,3,2,1,1,0,25.3176,82.9739,2,1
12,0,0,7,0,0,0,0,28.6139,77.209,1,2
36,1,0,0,0,1,2,0,25.3176,82.9739,2,2
36,0,1,9,0,3,4,3,25.3176,82.9739,0,0
38,0,1,1,2,2,2,1,20.5937,78.9629,1,0
38,0,1,4,1,4,1,2,20.5937,78.9629,1,1
38,0,0,3,0,1,2,0,20.5937,78.9629,1,1
38,2,0,10,1,3,2,1,20.5937,78.9629,2,0
38,2,0,5,3,2,2,0,20.5937,78.9629,1,2
38,0,0,2,0,3,3,2,20.5937,78.9629,3,0
38,0,0,3,4,2,2,1,20.5937,78.9629,0,0
38,0,0,7,0,0,0,1,20.5937,78.9629,3,2
38,0,0,11,3,1,3,3,20.5937,78.9629,2,2
38,1,0,2,3,2,4,0,20.5937,78.9629,0,1
38,0,0,6,0,3,1,0,20.5937,78.9629,3,6
38,0,0,3,0,4,0,2,20.5937,78.9629,2,2
38,0,0,8,3,1,4,3,20.5937,78.9629,0,3
38,2,0,7,0,1,2,3,20.5937,78.9629,1,3
38,0,0,8,1,1,3,2,20.5937,78.9629,0,0
38,0,0,6,0,0,0,0,20.5937,78.9629,1,1
38,0,0,5,0,2,2,3,20.5937,78.9629,1,0
38,1,0,12,2,2,2,3,20.5937,78.9629,2,5
38,0,0,2,0,4,4,2,20.5937,78.9629,0,5
38,1,0,12,0,1,1,1,20.5937,78.9629,1,5
23,0,0,2,3,0,0,3,17.385,78.4867,3,6
38,1,0,6,0,3,3,0,20.5937,78.9629,1,2
41,0,1,8,0,0,0,3,20.5937,78.9629,2,2
38,0,0,3,2,0,0,0,20.5937,78.9629,3,5
38,0,0,3,0,3,4,3,20.5937,78.9629,2,1
38,0,0,13,0,4,0,1,20.5937,78.9629,1,1
6,0,0,8,4,0,0,1,20.5937,78.9629,0,0
38,1,1,3,4,0,0,0,20.5937,78.9629,1,1
19,0,0,2,0,0,0,0,20.5937,78.9629,3,1
38,0,0,9,2,3,0,0,20.5937,78.9629,0,5
38,0,0,5,0,3,1,0,20.5937,78.9629,0,5
38,0,0,5,4,3,3,3,20.5937,78.9629,0,3
38,0,0,8,0,4,1,0,20.5937,78.9629,3,2
38,0,0,6,4,4,4,2,20.5937,78.9629,3,4
38,1,0,1,4,4,1,2,20.5937,78.9629,0,6
38,0,0,7,4,4,3,0,20.5937,78.9629,0,3
48,0,0,8,3,2,1,2,20.5937,78.9629,0,5
48,0,0,3,0,1,3,1,20.5937,78.9629,0,1
48,0,0,12,0,4,4,0,20.5937,78.9629,0,3
48,0,0,3,0,2,3,0,20.5937,78.9629,0,1
48,0,0,1,0,0,0,0,20.5937,78.9629,0,3
48,1,0,5,1,0,0,3,20.5937,78.9629,1,5
48,0,0,14,1,0,0,0,20.5937,78.9629,2,0
48,0,1,13,1,3,4,0,20.5937,78.9629,0,1
48,0,0,15,1,0,0,3,20.5937,78.9629,3,5
48,0,0,3,4,4,4,1,20.5937,78.9629,1,1
48,0,0,8,3,4,2,0,20.5937,78.9629,3,2
48,2,0,5,3,2,3,3,20.5937,78.9629,0,3
48,0,1,6,3,3,3,1,20.5937,78.9629,3,1
48,1,0,2,1,3,1,0,20.5937,78.9629,1,0
48,2,0,7,3,2,1,3,20.5937,78.9629,0,4
40,1,0,1,0,0,0,3,20.5937,78.9629,1,2
48,2,0,12,1,0,0,2,20.5937,78.9629,0,3
48,1,0,6,3,0,0,0,20.5937,78.9629,3,3
48,2,0,7,0,0,0,0,20.5937,78.9629,1,4
48,1,0,3,4,2,1,0,20.5937,78.9629,1,0
48,1,0,12,1,1,2,0,20.5937,78.9629,3,1
48,1,1,3,0,3,4,0,20.5937,78.9629,0,0
48,0,1,3,2,2,2,0,20.5937,78.9629,2,5
48,2,1,2,0,2,0,1,20.5937,78.9629,2,3
16,1,0,16,2,0,0,0,20.5937,78.9629,3,5
48,0,0,12,0,0,0,0,20.5937,78.9629,0,6
48,0,0,8,3,3,0,3,20.5937,78.9629,3,5
48,0,0,12,3,0,0,0,20.5937,78.9629,3,1
48,0,0,2,3,0,0,0,20.5937,78.9629,3,5
48,0,0,6,0,0,0,0,20.5937,78.9629,1,3
48,1,0,3,0,4,3,0,20.5937,78.9629,0,1
48,1,0,8,0,2,1,0,20.5937,78.9629,0,1
48,0,1,0,0,0,0,3,20.5937,78.9629,3,2
48,0,0,0,1,1,3,0,20.5937,78.9629,1,2
48,0,0,8,3,1,2,3,20.5937,78.9629,0,2
48,0,0,8,0,4,2,0,20.5937,78.9629,3,5
1,0,0,8,0,2,0,0,27.1767,78.0081,0,0
1,1,0,7,2,1,3,0,27.1767,78.0081,1,1
1,0,1,12,0,0,0,0,27.1767,78.0081,1,5
1,0,0,3,0,0,0,0,27.1767,78.0081,2,1
1,0,0,2,3,4,2,3,27.1767,78.0081,0,6
23,0,0,12,0,0,0,0,17.385,78.4867,0,0
1,2,0,12,3,3,4,0,27.1767,78.0081,1,1
1,0,0,8,1,4,4,1,27.1767,78.0081,3,1
1,0,0,5,0,1,2,3,27.1767,78.0081,3,2
1,0,0,3,0,2,1,0,27.1767,78.0081,0,1
1,0,0,3,1,0,0,3,27.1767,78.0081,0,0
1,0,0,8,3,1,3,0,27.1767,78.0081,1,5
1,1,0,8,3,2,3,0,27.1767,78.0081,1,1
1,2,0,16,1,3,3,0,27.1767,78.0081,2,1
1,1,0,13,3,3,2,0,27.1767,78.0081,2,5
1,1,0,6,0,2,4,1,27.1767,78.0081,1,4
1,0,0,7,0,2,3,1,27.1767,78.0081,1,2
1,0,0,6,3,3,0,1,27.1767,78.0081,3,6
0,0,0,5,0,0,0,0,26.9124,75.7873,2,1
1,1,0,5,0,1,4,0,27.1767,78.0081,3,5
1,1,0,0,2,2,2,0,27.1767,78.0081,1,4
1,2,1,8,2,2,4,2,27.1767,78.0081,1,5
1,1,1,0,0,4,4,2,27.1767,78.0081,0,1
1,0,0,6,0,0,0,0,27.1767,78.0081,1,3
9,1,0,12,0,0,0,1,20.5937,78.9629,2,4
5,0,1,8,3,3,1,0,23.0225,72.5714,0,2
5,0,1,5,0,1,4,0,23.0225,72.5714,1,4
9,0,0,3,0,0,0,0,20.5937,78.9629,0,1
5,1,0,8,2,2,3,3,23.0225,72.5714,3,0
5,1,0,12,1,3,3,0,23.0225,72.5714,2,1
5,1,0,8,4,0,0,0,23.0225,72.5714,0,4
0,1,1,6,1,0,0,2,26.9124,75.7873,2,1
5,1,0,3,0,2,4,3,23.0225,72.5714,0,5
5,1,0,7,2,2,4,2,23.0225,72.5714,1,5
14,1,0,6,0,0,0,0,13.0827,80.2707,2,4
5,0,0,2,0,4,2,0,23.0225,72.5714,0,0
5,2,0,17,0,1,2,3,23.0225,72.5714,3,6
10,2,1,14,1,0,0,2,20.5937,78.9629,1,2
5,1,0,12,2,4,1,0,23.0225,72.5714,0,0
6,0,1,14,0,0,0,3,20.5937,78.9629,1,5
5,2,0,12,4,4,1,3,23.0225,72.5714,0,6
5,0,1,7,0,2,3,0,23.0225,72.5714,3,2
5,0,2,12,4,1,4,2,23.0225,72.5714,1,5
5,0,2,3,0,3,3,2,23.0225,72.5714,0,5
5,1,2,0,0,2,2,0,23.0225,72.5714,1,2
5,1,0,12,1,4,4,0,23.0225,72.5714,0,5
5,1,0,3,0,0,0,0,23.0225,72.5714,0,0
5,0,0,12,0,2,4,0,23.0225,72.5714,3,1
5,0,0,12,0,4,1,3,23.0225,72.5714,2,1
1,1,1,12,0,0,0,2,27.1767,78.0081,0,3
8,0,0,3,0,3,3,3,20.5937,78.9629,1,1
8,1,0,3,3,2,1,0,20.5937,78.9629,1,3
8,0,0,12,0,4,3,0,20.5937,78.9629,2,0
8,2,0,1,0,2,1,1,20.5937,78.9629,3,5
8,1,0,3,0,1,3,1,20.5937,78.9629,1,1
8,2,0,8,0,3,1,3,20.5937,78.9629,0,0
8,0,1,5,0,4,3,1,20.5937,78.9629,1,5
8,1,0,3,2,4,1,3,20.5937,78.9629,3,1
8,1,0,3,0,2,0,0,20.5937,78.9629,3,0
8,0,0,1,4,2,2,0,20.5937,78.9629,2,1
35,2,1,5,0,0,0,0,18.5204,73.8567,1,2
8,2,1,14,4,4,3,2,20.5937,78.9629,1,2
8,0,0,1,0,2,2,3,20.5937,78.9629,3,0
8,1,0,6,0,1,3,1,20.5937,78.9629,0,0
40,1,0,0,0,0,0,0,20.5937,78.9629,2,3
8,0,1,5,1,1,3,0,20.5937,78.9629,1,5
20,2,0,6,0,0,0,2,20.5937,78.9629,1,3
8,1,0,7,2,2,3,0,20.5937,78.9629,2,0
8,1,0,3,3,0,0,0,20.5937,78.9629,1,4
8,0,0,3,4,0,0,0,20.5937,78.9629,2,6
8,2,0,3,0,1,0,1,20.5937,78.9629,2,2
8,0,0,14,0,2,3,1,20.5937,78.9629,1,6
8,1,0,2,3,1,3,0,20.5937,78.9629,0,4
8,0,0,0,1,4,2,2,20.5937,78.9629,0,1
44,0,0,13,0,0,0,0,20.5937,78.9629,1,6
0,0,0,0,0,0,0,2,26.9124,75.7873,0,1
17,0,1,8,4,3,4,0,20.5937,78.9629,0,1
17,0,1,5,2,1,2,0,20.5937,78.9629,0,5
17,0,1,6,2,3,1,3,20.5937,78.9629,2,5
27,1,0,3,0,0,0,3,20.5937,78.9629,0,2
33,1,0,5,0,0,0,0,20.5937,78.9629,3,2
17,0,0,8,0,3,3,1,20.5937,78.9629,0,4
17,0,0,12,0,3,1,2,20.5937,78.9629,2,5
17,1,0,8,3,0,0,2,20.5937,78.9629,1,6
15,0,0,0,0,0,0,0,20.5937,78.9629,0,2
17,0,0,8,4,0,0,3,20.5937,78.9629,0,2
17,0,1,0,0,3,1,0,20.5937,78.9629,2,4
17,2,1,7,0,3,0,0,20.5937,78.9629,1,1
17,0,0,2,0,4,4,0,20.5937,78.9629,2,2
17,1,0,8,4,2,4,1,20.5937,78.9629,0,6
30,0,0,5,3,0,0,0,20.5937,78.9629,0,1
17,0,0,8,0,0,0,0,20.5937,78.9629,2,0
17,2,0,7,2,4,1,0,20.5937,78.9629,2,5
17,1,0,0,0,1,4,2,20.5937,78.9629,0,2
17,0,0,7,0,1,4,2,20.5937,78.9629,1,1
17,1,0,8,0,0,0,1,20.5937,78.9629,1,1
17,0,0,7,1,3,2,0,20.5937,78.9629,0,0
15,0,1,12,4,0,0,1,20.5937,78.9629,0,5
17,0,0,9,0,3,0,0,20.5937,78.9629,0,4
17,0,0,12,2,3,2,1,20.5937,78.9629,0,6
10,0,0,2,0,4,2,3,20.5937,78.9629,0,2
10,1,0,6,4,2,3,1,20.5937,78.9629,0,1
46,1,0,3,0,0,0,2,20.5937,78.9629,3,2
10,2,1,3,0,0,0,1,20.5937,78.9629,0,5
10,0,0,8,1,4,3,2,20.5937,78.9629,1,1
10,0,0,8,1,2,1,1,20.5937,78.9629,1,3
10,1,1,2,3,1,3,0,20.5937,78.9629,0,0
10,0,0,3,0,2,4,0,20.5937,78.9629,1,1
10,0,0,6,0,4,0,3,20.5937,78.9629,1,1
10,0,0,2,0,0,0,0,20.5937,78.9629,0,0
10,0,0,6,0,2,4,0,20.5937,78.9629,2,6
10,2,0,0,0,2,3,3,20.5937,78.9629,2,2
10,1,0,17,1,0,0,1,20.5937,78.9629,1,6
10,1,0,8,0,0,0,3,20.5937,78.9629,1,5
10,1,0,8,1,2,4,1,20.5937,78.9629,3,5
10,2,0,8,2,1,4,0,20.5937,78.9629,3,2
10,0,0,2,4,3,3,3,20.5937,78.9629,2,3
10,0,0,6,4,4,1,2,20.5937,78.9629,2,6
10,0,0,13,4,2,4,0,20.5937,78.9629,1,6
10,0,0,1,0,0,0,3,20.5937,78.9629,1,5
10,0,0,5,0,1,3,2,20.5937,78.9629,0,2
10,1,0,2,1,0,0,3,20.5937,78.9629,0,1
10,0,0,7,0,1,3,3,20.5937,78.9629,0,0
10,0,1,2,0,2,3,0,20.5937,78.9629,0,0
10,0,0,8,4,4,1,3,20.5937,78.9629,2,2
24,1,0,0,3,0,0,0,20.5937,78.9629,1,1
7,1,0,2,3,0,0,3,22.5726,88.3639,1,5
24,0,0,5,4,1,1,1,20.5937,78.9629,3,5
24,0,0,8,3,2,2,0,20.5937,78.9629,0,2
24,0,0,0,4,2,3,0,20.5937,78.9629,3,2
0,1,1,8,0,0,0,0,26.9124,75.7873,0,0
24,0,0,2,0,3,0,3,20.5937,78.9629,0,5
3,0,1,2,0,0,0,0,20.5937,78.9629,0,6
24,1,0,7,4,1,2,1,20.5937,78.9629,3,2
24,1,0,2,0,2,4,1,20.5937,78.9629,2,1
24,0,0,12,2,2,2,2,20.5937,78.9629,2,3
24,0,1,12,3,1,4,0,20.5937,78.9629,0,4
24,0,0,7,0,3,1,0,20.5937,78.9629,1,2
24,2,0,9,0,1,2,0,20.5937,78.9629,1,5
24,2,0,8,0,1,2,3,20.5937,78.9629,2,1
24,0,0,2,3,3,2,0,20.5937,78.9629,0,6
24,1,0,6,3,1,0,2,20.5937,78.9629,1,1
24,0,0,8,3,1,2,0,20.5937,78.9629,0,1
24,0,0,7,0,4,2,0,20.5937,78.9629,3,1
46,0,0,7,3,0,0,0,20.5937,78.9629,1,6
24,0,0,6,0,2,3,3,20.5937,78.9629,1,1
33,0,1,12,2,0,0,0,20.5937,78.9629,2,1
24,0,0,3,0,2,3,0,20.5937,78.9629,1,0
24,0,0,2,0,3,3,3,20.5937,78.9629,0,6
24,0,0,0,0,0,0,0,20.5937,78.9629,3,6
26,0,0,12,0,2,0,1,12.9716,77.5946,3,4
26,0,1,14,3,1,2,1,12.9716,77.5946,0,3
39,0,0,14,1,0,0,0,20.5937,78.9629,3,6
26,0,0,7,0,2,4,1,12.9716,77.5946,3,4
26,0,0,2,1,4,2,3,12.9716,77.5946,0,3
26,0,0,3,0,1,0,2,12.9716,77.5946,1,2
26,0,0,12,0,1,0,2,12.9716,77.5946,0,3
39,0,0,8,0,0,0,0,20.5937,78.9629,0,3
26,1,0,9,0,3,4,0,12.9716,77.5946,2,1
35,1,0,18,4,0,0,0,18.5204,73.8567,0,6
39,1,0,3,2,0,0,0,20.5937,78.9629,2,2
26,1,0,12,2,1,4,0,12.9716,77.5946,3,6
10,1,0,0,2,0,0,1,20.5937,78.9629,0,6
26,1,1,17,3,4,4,2,12.9716,77.5946,3,4
36,1,0,3,1,0,0,2,25.3176,82.9739,1,2
26,0,0,12,0,3,1,2,12.9716,77.5946,2,4
23,2,1,6,2,0,0,2,17.385,78.4867,0,0
26,0,0,0,2,4,2,0,12.9716,77.5946,3,4
26,0,0,2,0,4,4,2,12.9716,77.5946,3,4
26,0,0,16,0,0,0,0,12.9716,77.5946,0,2
26,0,0,8,0,2,2,0,12.9716,77.5946,1,5
26,1,0,12,0,1,3,0,12.9716,77.5946,2,0
26,1,0,8,0,3,3,2,12.9716,77.5946,0,0
26,0,0,2,2,0,0,3,12.9716,77.5946,1,6
26,0,0,7,0,3,1,0,12.9716,77.5946,2,2
28,0,0,8,3,1,4,0,20.5937,78.9629,3,5
28,0,0,8,2,1,3,3,20.5937,78.9629,3,1
28,0,0,2,2,2,1,0,20.5937,78.9629,3,1
28,1,1,8,4,0,0,0,20.5937,78.9629,0,1
28,1,0,2,0,3,3,0,20.5937,78.9629,0,3
28,0,1,8,4,0,0,0,20.5937,78.9629,0,5
28,1,0,8,2,0,0,3,20.5937,78.9629,1,5
31,0,1,8,0,0,0,0,26.8467,80.9462,0,6
28,0,0,2,1,2,3,2,20.5937,78.9629,2,1
13,0,0,3,0,0,0,1,20.5937,78.9629,1,3
28,0,0,0,2,1,4,3,20.5937,78.9629,3,6
28,2,1,3,0,0,0,2,20.5937,78.9629,3,0
28,2,1,8,1,2,3,0,20.5937,78.9629,3,5
28,0,0,1,4,0,0,0,20.5937,78.9629,1,3
46,1,0,5,0,0,0,3,20.5937,78.9629,1,1
19,0,0,5,0,0,0,1,20.5937,78.9629,1,3
28,0,0,3,3,2,2,0,20.5937,78.9629,0,0
28,1,0,7,0,3,3,0,20.5937,78.9629,3,0
28,0,0,6,4,0,0,3,20.5937,78.9629,2,4
28,1,0,2,0,0,0,0,20.5937,78.9629,0,5
10,2,1,2,1,0,0,0,20.5937,78.9629,3,2
28,0,1,1,0,3,4,0,20.5937,78.9629,3,2
28,0,0,8,4,4,1,3,20.5937,78.9629,2,5
28,0,0,6,4,3,2,0,20.5937,78.9629,1,5
4,0,1,3,1,0,0,3,20.5937,78.9629,3,0
29,0,0,2,3,1,0,3,20.5937,78.9629,1,0
29,0,0,8,1,3,2,3,20.5937,78.9629,3,1
29,1,0,12,3,2,2,3,20.5937,78.9629,0,0
29,1,0,7,1,3,1,1,20.5937,78.9629,3,0
29,0,0,12,3,3,2,3,20.5937,78.9629,1,5
29,0,0,0,0,1,1,1,20.5937,78.9629,2,6
37,0,0,8,2,0,0,0,20.5937,78.9629,0,2
29,0,0,8,0,0,0,0,20.5937,78.9629,0,4
29,1,0,8,0,3,3,0,20.5937,78.9629,0,3
29,0,0,2,0,1,0,1,20.5937,78.9629,1,0
29,0,0,2,2,2,4,2,20.5937,78.9629,1,4
29,0,0,0,4,3,1,0,20.5937,78.9629,2,5
29,0,0,3,0,2,4,3,20.5937,78.9629,0,5
29,1,0,6,4,4,4,2,20.5937,78.9629,0,1
29,1,0,0,0,1,4,1,20.5937,78.9629,0,1
43,1,1,12,0,0,0,2,20.5937,78.9629,1,4
7,0,0,12,1,0,0,1,22.5726,88.3639,2,4
29,1,0,18,3,2,1,3,20.5937,78.9629,3,5
29,1,0,7,4,0,0,2,20.5937,78.9629,3,3
29,1,0,6,4,2,2,2,20.5937,78.9629,2,1
35,0,0,12,2,0,0,0,18.5204,73.8567,3,6
29,0,1,0,2,2,3,2,20.5937,78.9629,3,3
26,0,0,12,3,0,0,0,12.9716,77.5946,0,6
12,1,1,6,0,0,0,0,28.6139,77.209,0,1
29,1,0,3,0,0,0,0,20.5937,78.9629,2,2
14,0,0,2,3,0,0,3,13.0827,80.2707,3,5
14,0,0,6,4,4,4,0,13.0827,80.2707,0,1
14,0,0,12,1,3,2,0,13.0827,80.2707,0,6
14,0,0,0,3,2,1,0,13.0827,80.2707,0,0
14,0,0,8,2,2,2,1,13.0827,80.2707,0,0
35,2,0,2,0,0,0,2,18.5204,73.8567,1,4
14,0,0,2,0,0,0,2,13.0827,80.2707,1,2
31,0,1,8,2,0,0,2,26.8467,80.9462,3,2
14,2,1,2,0,3,1,0,13.0827,80.2707,2,0
14,1,0,12,0,0,0,0,13.0827,80.2707,0,1
14,0,0,2,0,1,3,0,13.0827,80.2707,1,0
6,0,0,8,2,0,0,1,20.5937,78.9629,1,1
14,0,0,3,1,0,0,0,13.0827,80.2707,2,5
14,1,0,8,0,1,2,1,13.0827,80.2707,0,1
14,1,0,14,1,4,2,0,13.0827,80.2707,1,1
14,2,0,8,0,4,3,0,13.0827,80.2707,1,1
25,0,0,1,2,0,0,2,20.5937,78.9629,1,1
15,0,0,18,0,0,0,0,20.5937,78.9629,3,6
14,0,0,7,2,0,0,1,13.0827,80.2707,0,1
39,1,0,0,1,0,0,1,20.5937,78.9629,1,3
14,0,0,3,1,3,4,0,13.0827,80.2707,0,1
14,0,0,2,1,4,1,0,13.0827,80.2707,0,1
14,1,0,3,0,2,3,0,13.0827,80.2707,3,2
14,2,0,18,4,3,2,0,13.0827,80.2707,0,1
14,0,0,6,0,4,4,2,13.0827,80.2707,0,1
10,0,1,6,0,0,0,0,20.5937,78.9629,3,1
32,0,1,2,4,3,1,0,20.5937,78.9629,0,1
32,0,0,3,0,2,1,1,20.5937,78.9629,0,5
32,1,0,3,3,1,4,0,20.5937,78.9629,1,5
32,0,1,2,0,1,4,2,20.5937,78.9629,0,0
32,2,0,2,0,2,3,1,20.5937,78.9629,0,1
32,0,0,9,0,2,1,0,20.5937,78.9629,0,6
32,1,0,1,1,0,0,3,20.5937,78.9629,3,5
32,1,0,2,0,4,2,3,20.5937,78.9629,1,0
32,1,0,18,0,2,4,1,20.5937,78.9629,0,2
32,1,0,12,0,1,3,3,20.5937,78.9629,0,4
32,0,0,0,0,3,1,1,20.5937,78.9629,0,2
32,1,0,8,0,1,4,0,20.5937,78.9629,0,4
32,2,0,6,0,1,2,2,20.5937,78.9629,0,3
32,0,0,16,4,2,3,1,20.5937,78.9629,1,5
32,0,0,2,0,4,3,3,20.5937,78.9629,1,1
32,0,0,8,0,2,1,1,20.5937,78.9629,0,3
32,1,0,0,4,3,1,3,20.5937,78.9629,1,5
32,0,0,6,4,0,0,0,20.5937,78.9629,1,1
32,0,0,6,0,1,1,0,20.5937,78.9629,0,0
32,0,0,8,0,1,4,1,20.5937,78.9629,0,0
32,1,0,8,0,2,3,0,20.5937,78.9629,1,6
32,0,0,1,0,3,4,1,20.5937,78.9629,1,2
49,0,1,18,0,0,0,0,20.5937,78.9629,0,2
32,0,0,3,0,1,2,0,20.5937,78.9629,1,5
12,1,0,2,1,2,2,0,28.6139,77.209,2,0
12,2,0,12,3,4,0,0,28.6139,77.209,1,1
12,1,0,0,0,3,3,0,28.6139,77.209,0,6
12,0,0,0,2,2,4,0,28.6139,77.209,1,1
12,0,0,3,0,3,3,0,28.6139,77.209,0,2
12,0,0,6,0,3,3,2,28.6139,77.209,1,5
49,1,0,13,0,0,0,3,20.5937,78.9629,0,2
12,2,0,18,0,1,1,1,28.6139,77.209,2,5
12,0,0,3,0,0,0,0,28.6139,77.209,1,5
12,1,0,12,2,4,4,1,28.6139,77.209,1,5
12,1,0,8,0,0,0,0,28.6139,77.209,1,6
12,0,0,2,0,2,3,3,28.6139,77.209,1,0
3,1,0,8,0,0,0,1,20.5937,78.9629,3,1
12,0,0,8,0,1,1,0,28.6139,77.209,2,1
12,2,0,9,1,0,0,0,28.6139,77.209,2,6
12,2,0,1,0,3,2,3,28.6139,77.209,0,0
12,0,0,12,0,4,2,0,28.6139,77.209,1,4
12,1,0,18,3,3,2,2,28.6139,77.209,0,1
42,0,0,0,1,0,0,0,20.5937,78.9629,0,4
27,1,0,16,1,0,0,0,20.5937,78.9629,3,4
12,1,0,18,2,2,4,3,28.6139,77.209,1,5
12,2,0,3,0,2,1,0,28.6139,77.209,3,6
12,2,0,2,0,2,3,1,28.6139,77.209,0,1
12,2,0,8,0,3,2,2,28.6139,77.209,1,6
12,1,0,8,2,4,2,0,28.6139,77.209,0,2
37,0,0,6,4,3,1,0,20.5937,78.9629,1,6
37,0,0,0,0,1,3,0,20.5937,78.9629,1,1
37,2,0,0,3,3,3,0,20.5937,78.9629,0,1
38,2,0,9,0,0,0,0,20.5937,78.9629,1,2
7,0,0,2,4,0,0,0,22.5726,88.3639,0,6
37,0,0,2,4,1,3,0,20.5937,78.9629,2,3
37,0,0,6,0,0,0,0,20.5937,78.9629,0,0
37,0,0,3,0,0,0,0,20.5937,78.9629,0,1
37,0,0,3,0,3,4,3,20.5937,78.9629,2,2
37,1,0,12,3,2,4,3,20.5937,78.9629,3,6
37,2,0,2,2,0,0,0,20.5937,78.9629,3,6
37,1,0,3,1,1,3,2,20.5937,78.9629,1,0
37,0,0,18,2,0,0,3,20.5937,78.9629,3,1
37,0,0,12,3,4,3,0,20.5937,78.9629,2,3
37,0,0,8,1,3,1,2,20.5937,78.9629,0,6
37,0,0,6,3,0,0,2,20.5937,78.9629,3,6
37,0,0,6,0,3,2,3,20.5937,78.9629,3,0
37,0,0,6,3,0,0,2,20.5937,78.9629,3,5
37,1,0,2,2,0,0,0,20.5937,78.9629,0,1
37,0,0,0,4,4,4,2,20.5937,78.9629,0,5
37,0,0,12,0,2,2,2,20.5937,78.9629,1,1
2,1,1,18,1,0,0,0,19.076,72.8777,0,2
37,2,0,3,4,0,0,0,20.5937,78.9629,0,1
37,0,1,6,1,4,2,0,20.5937,78.9629,2,6
37,1,0,3,0,0,0,3,20.5937,78.9629,3,2
39,1,0,14,4,1,0,0,20.5937,78.9629,0,1
39,0,0,0,0,1,4,0,20.5937,78.9629,2,0
39,0,0,6,0,4,1,2,20.5937,78.9629,0,1
39,0,0,8,0,0,0,0,20.5937,78.9629,3,1
39,0,0,12,0,1,3,1,20.5937,78.9629,2,4
39,0,0,2,1,0,0,1,20.5937,78.9629,1,5
39,0,0,6,3,4,4,2,20.5937,78.9629,2,6
39,0,0,6,0,1,4,0,20.5937,78.9629,1,6
39,0,0,8,0,3,3,0,20.5937,78.9629,3,0
39,0,0,14,4,4,1,2,20.5937,78.9629,1,3
39,0,0,12,0,0,0,0,20.5937,78.9629,3,0
39,2,1,12,2,4,3,2,20.5937,78.9629,0,1