Million_Plus_Cities,Age_band_of_driver,Accident_severity,Cause_of_accident,Weather Conditions,Road Type,Road Condition,Lighting Conditions,Latitude,Longitude,Time_Block,Vehicle Type Involved
39,0,0,3,4,4,3,0,20.5937,78.9629,3,1
6,1,0,12,2,0,0,0,20.5937,78.9629,3,2
39,1,0,2,0,0,0,0,20.5937,78.9629,0,5
39,0,0,12,2,2,2,1,20.5937,78.9629,0,6
39,0,0,12,0,0,0,2,20.5937,78.9629,1,1
39,2,0,18,0,0,0,1,20.5937,78.9629,0,0
39,0,0,12,2,2,1,1,20.5937,78.9629,0,1
39,0,0,8,0,3,0,0,20.5937,78.9629,0,0
39,0,0,12,0,2,4,2,20.5937,78.9629,0,0
39,0,1,14,0,3,2,1,20.5937,78.9629,0,3
39,2,1,1,3,4,3,0,20.5937,78.9629,1,6
39,0,0,8,0,1,4,0,20.5937,78.9629,2,5
39,1,0,12,0,2,2,3,20.5937,78.9629,1,1
20,0,1,6,0,0,0,0,20.5937,78.9629,1,5
20,0,1,6,0,0,0,0,20.5937,78.9629,1,3
20,0,1,6,0,2,2,1,20.5937,78.9629,1,1
39,0,0,6,0,0,0,0,20.5937,78.9629,3,2
20,1,0,8,4,0,0,0,20.5937,78.9629,2,2
20,0,0,0,0,1,4,1,20.5937,78.9629,0,5
20,0,1,8,3,1,2,0,20.5937,78.9629,3,5
20,0,0,2,0,0,0,1,20.5937,78.9629,1,3
20,0,0,2,2,2,3,0,20.5937,78.9629,1,5
20,0,1,7,3,3,4,1,20.5937,78.9629,1,5
20,0,1,0,3,3,2,0,20.5937,78.9629,0,3
8,0,0,2,0,0,0,0,20.5937,78.9629,3,5
20,1,1,8,0,3,3,2,20.5937,78.9629,0,2
20,2,1,6,0,0,0,0,20.5937,78.9629,1,2
20,1,1,3,3,0,0,1,20.5937,78.9629,1,3
4,1,0,8,0,0,0,3,20.5937,78.9629,3,2
20,2,0,8,4,4,3,3,20.5937,78.9629,0,0
20,2,0,9,1,4,4,0,20.5937,78.9629,0,3
20,0,0,7,3,1,3,0,20.5937,78.9629,3,5
20,1,0,2,0,4,1,0,20.5937,78.9629,0,1
20,0,1,8,2,1,1,0,20.5937,78.9629,2,0
20,0,0,12,0,0,0,0,20.5937,78.9629,2,3
20,0,0,8,0,4,0,0,20.5937,78.9629,2,0
14,1,1,3,1,0,0,2,13.0827,80.2707,1,1
20,2,0,1,3,0,0,1,20.5937,78.9629,2,5
41,0,1,12,0,0,0,0,20.5937,78.9629,0,3
41,1,0,0,2,3,4,1,20.5937,78.9629,1,1
41,1,0,8,0,2,4,0,20.5937,78.9629,3,0
41,0,0,1,0,0,0,0,20.5937,78.9629,3,6
41,0,0,12,0,3,2,0,20.5937,78.9629,1,3
41,0,0,12,2,1,4,1,20.5937,78.9629,3,2
41,0,0,0,2,4,4,0,20.5937,78.9629,3,1
41,0,0,12,0,3,4,0,20.5937,78.9629,3,1
41,0,0,14,0,3,1,0,20.5937,78.9629,2,5
41,0,1,2,0,2,4,0,20.5937,78.9629,2,0
41,1,1,8,0,1,0,0,20.5937,78.9629,3,3
41,1,0,8,2,0,0,1,20.5937,78.9629,0,1
41,1,0,3,0,4,3,1,20.5937,78.9629,2,0
41,1,0,18,0,0,0,0,20.5937,78.9629,1,6
41,0,0,3,0,1,1,0,20.5937,78.9629,2,3
41,2,1,2,4,0,0,1,20.5937,78.9629,0,5
41,2,1,0,2,3,1,1,20.5937,78.9629,2,3
41,1,1,8,2,0,0,0,20.5937,78.9629,2,0
41,0,1,3,0,3,3,0,20.5937,78.9629,3,3
41,0,0,0,0,0,0,0,20.5937,78.9629,0,6
31,0,0,8,1,0,0,2,26.8467,80.9462,3,3
41,0,0,14,2,0,0,3,20.5937,78.9629,1,2
41,0,0,14,3,4,2,0,20.5937,78.9629,2,6
40,1,1,0,0,0,0,0,20.5937,78.9629,1,0
41,0,0,0,0,4,0,0,20.5937,78.9629,0,3
23,0,0,1,0,0,0,3,17.385,78.4867,2,5
23,1,0,12,0,0,0,0,17.385,78.4867,1,0
23,2,0,2,1,3,1,2,17.385,78.4867,0,6
23,0,0,18,3,2,1,0,17.385,78.4867,0,0
23,0,1,8,0,0,0,0,17.385,78.4867,3,0
23,0,1,0,0,3,2,2,17.385,78.4867,2,5
23,0,0,2,0,3,3,3,17.385,78.4867,0,2
23,2,0,3,0,4,4,3,17.385,78.4867,1,1
40,1,0,8,4,0,0,0,20.5937,78.9629,2,3
23,2,1,13,1,4,0,0,17.385,78.4867,2,1
23,0,0,3,0,0,0,0,17.385,78.4867,0,1
23,1,0,6,0,3,1,0,17.385,78.4867,2,2
23,1,0,8,0,1,2,0,17.385,78.4867,1,6
23,1,0,17,0,0,0,2,17.385,78.4867,0,4
23,2,0,8,0,1,3,0,17.385,78.4867,2,1
30,0,1,3,2,0,0,0,20.5937,78.9629,0,6
23,0,0,8,2,3,1,2,17.385,78.4867,0,1
23,1,0,2,0,3,4,0,17.385,78.4867,0,2
23,1,0,12,1,4,1,1,17.385,78.4867,2,1
23,0,1,3,3,2,1,2,17.385,78.4867,3,2
23,0,1,6,1,3,3,0,17.385,78.4867,1,0
39,1,0,8,4,0,0,2,20.5937,78.9629,1,6
23,0,0,7,0,0,0,3,17.385,78.4867,0,1
23,0,1,7,0,0,0,2,17.385,78.4867,2,1
23,1,0,6,2,1,2,1,17.385,78.4867,2,1
20,1,0,2,3,0,0,0,20.5937,78.9629,2,1
9,0,0,2,0,3,1,1,20.5937,78.9629,0,4
9,0,1,8,0,2,3,0,20.5937,78.9629,3,4
9,0,1,6,0,0,0,3,20.5937,78.9629,0,1
9,0,1,8,0,0,0,0,20.5937,78.9629,2,1
24,0,0,8,0,0,0,2,20.5937,78.9629,3,5
9,1,0,3,3,0,0,0,20.5937,78.9629,3,3
9,2,1,2,0,0,0,0,20.5937,78.9629,0,6
9,1,0,8,1,3,1,0,20.5937,78.9629,2,4
9,0,1,16,0,4,2,0,20.5937,78.9629,3,0
9,0,1,6,0,0,0,3,20.5937,78.9629,1,5
36,0,0,0,0,0,0,0,25.3176,82.9739,0,1
9,0,0,18,1,4,2,0,20.5937,78.9629,0,4
9,1,0,0,0,3,4,0,20.5937,78.9629,0,1
9,1,0,3,3,0,0,0,20.5937,78.9629,0,1
9,1,0,11,0,2,3,0,20.5937,78.9629,1,2
9,0,1,18,0,2,2,1,20.5937,78.9629,0,1
9,0,1,12,4,0,0,1,20.5937,78.9629,2,4
9,0,1,8,0,2,2,3,20.5937,78.9629,2,1
9,1,0,6,2,1,4,0,20.5937,78.9629,1,5
9,0,0,11,0,1,1,1,20.5937,78.9629,3,2
9,1,0,18,0,1,0,0,20.5937,78.9629,1,2
9,1,1,3,0,4,3,1,20.5937,78.9629,1,6
1,2,0,3,2,0,0,0,27.1767,78.0081,2,2
9,0,0,3,0,0,0,3,20.5937,78.9629,0,6
40,0,0,3,0,0,0,1,20.5937,78.9629,1,4
40,1,0,0,2,3,1,0,20.5937,78.9629,0,6
29,1,0,8,1,0,0,0,20.5937,78.9629,0,0
36,0,0,11,2,0,0,0,25.3176,82.9739,1,3
40,0,1,8,3,1,2,3,20.5937,78.9629,2,4
40,1,1,12,0,4,3,0,20.5937,78.9629,1,1
40,2,0,0,2,0,0,0,20.5937,78.9629,1,1
40,0,0,1,0,2,3,3,20.5937,78.9629,0,1
42,2,0,2,0,0,0,2,20.5937,78.9629,3,0
20,0,0,3,3,0,0,0,20.5937,78.9629,1,6
40,0,0,1,4,3,1,1,20.5937,78.9629,3,3
40,0,0,4,0,0,0,2,20.5937,78.9629,1,6
30,0,0,5,0,0,0,2,20.5937,78.9629,2,0
40,2,0,6,0,4,2,2,20.5937,78.9629,3,3
40,0,0,3,0,3,2,1,20.5937,78.9629,2,0
40,0,0,0,4,2,3,0,20.5937,78.9629,3,0
40,1,0,2,1,2,3,2,20.5937,78.9629,1,6
40,1,0,7,0,3,4,1,20.5937,78.9629,0,3
40,0,1,8,0,2,1,1,20.5937,78.9629,0,2
40,0,1,6,0,0,0,2,20.5937,78.9629,1,1
40,0,0,8,0,1,2,3,20.5937,78.9629,1,1
28,2,0,8,4,0,0,2,20.5937,78.9629,3,1
40,0,0,0,0,1,2,1,20.5937,78.9629,0,0
31,0,0,3,0,0,0,0,26.8467,80.9462,2,0
40,1,0,7,0,3,0,0,20.5937,78.9629,1,0
27,1,1,0,2,0,0,1,20.5937,78.9629,3,6
0,0,0,9,3,0,0,0,26.9124,75.7873,1,3
0,0,1,1,2,0,0,1,26.9124,75.7873,0,5
0,0,0,4,1,0,0,0,26.9124,75.7873,2,2
0,1,0,3,0,0,0,1,26.9124,75.7873,2,6
0,1,0,10,0,1,2,3,26.9124,75.7873,3,5
0,0,1,5,2,0,0,0,26.9124,75.7873,1,4
0,1,0,2,3,1,3,1,26.9124,75.7873,1,6
0,1,0,3,2,3,3,2,26.9124,75.7873,1,5
0,1,0,7,0,1,3,3,26.9124,75.7873,0,4
0,0,1,11,0,3,4,0,26.9124,75.7873,0,1
0,0,0,2,1,0,0,0,26.9124,75.7873,1,1
0,0,0,6,1,2,1,1,26.9124,75.7873,0,5
0,0,0,3,2,2,2,0,26.9124,75.7873,1,2
0,2,0,8,0,4,3,2,26.9124,75.7873,3,0
0,0,0,7,0,2,4,1,26.9124,75.7873,2,0
0,0,0,8,0,4,4,0,26.9124,75.7873,3,1
0,0,0,6,1,2,4,0,26.9124,75.7873,1,4
0,1,1,5,0,0,0,3,26.9124,75.7873,2,6
0,0,0,12,0,4,1,0,26.9124,75.7873,1,5
0,1,0,2,2,2,2,2,26.9124,75.7873,0,0
0,0,0,12,0,1,4,3,26.9124,75.7873,0,5
17,0,0,2,0,0,0,0,20.5937,78.9629,3,4
36,0,1,6,0,0,0,0,25.3176,82.9739,0,2
0,0,0,8,0,1,0,2,26.9124,75.7873,2,0
11,1,0,3,0,4,1,0,20.5937,78.9629,2,1
11,0,0,3,3,3,3,0,20.5937,78.9629,1,0
11,2,0,13,0,4,1,3,20.5937,78.9629,3,1
11,0,1,8,4,4,0,1,20.5937,78.9629,0,2
11,1,1,3,0,1,1,0,20.5937,78.9629,3,0
11,0,0,2,4,3,1,1,20.5937,78.9629,3,6
11,1,0,9,4,0,0,0,20.5937,78.9629,0,1
1,2,0,5,3,0,0,1,27.1767,78.0081,0,5
11,0,0,5,0,1,4,3,20.5937,78.9629,0,2
11,0,0,8,0,4,2,0,20.5937,78.9629,2,3
11,0,0,6,0,2,1,3,20.5937,78.9629,0,5
11,0,0,1,0,4,2,0,20.5937,78.9629,0,4
11,1,1,7,1,0,0,0,20.5937,78.9629,2,0
11,0,0,8,0,0,0,0,20.5937,78.9629,2,0
11,1,0,3,0,0,0,3,20.5937,78.9629,1,6
11,0,1,12,2,4,4,0,20.5937,78.9629,1,1
11,2,1,3,0,4,0,0,20.5937,78.9629,3,3
11,0,1,1,3,2,4,0,20.5937,78.9629,0,2
7,0,0,5,0,0,0,0,22.5726,88.3639,0,1
11,1,1,14,1,3,2,0,20.5937,78.9629,2,1
11,2,0,13,2,4,3,0,20.5937,78.9629,3,3
11,0,0,15,3,4,2,0,20.5937,78.9629,0,1
11,0,0,3,1,3,0,1,20.5937,78.9629,0,0
11,0,0,8,0,1,3,0,20.5937,78.9629,3,1
39,0,0,5,4,0,0,3,20.5937,78.9629,0,3
30,1,0,6,4,0,0,2,20.5937,78.9629,0,6
30,0,0,2,4,2,2,3,20.5937,78.9629,1,6
30,1,0,7,2,3,4,3,20.5937,78.9629,2,2
30,1,0,1,0,0,0,3,20.5937,78.9629,1,3
30,2,0,12,0,4,2,0,20.5937,78.9629,0,1
30,0,0,6,3,4,4,1,20.5937,78.9629,0,3
30,0,0,7,4,4,2,1,20.5937,78.9629,3,5
5,1,0,3,1,0,0,3,23.0225,72.5714,0,5
45,0,1,12,4,0,0,0,26.4499,80.3319,1,0
30,1,0,3,4,4,0,3,20.5937,78.9629,1,1
30,0,1,3,0,0,0,0,20.5937,78.9629,3,1
45,1,0,2,0,0,0,0,26.4499,80.3319,1,2
30,0,0,16,1,4,1,1,20.5937,78.9629,0,1
30,2,0,12,4,2,2,0,20.5937,78.9629,0,5
30,1,0,8,0,2,2,0,20.5937,78.9629,1,3
18,0,0,12,1,0,0,3,21.1702,72.8311,2,4
30,0,0,2,0,3,2,2,20.5937,78.9629,0,6
40,1,1,6,1,0,0,2,20.5937,78.9629,1,3
30,1,0,3,0,2,4,3,20.5937,78.9629,0,2
9,0,0,8,4,0,0,2,20.5937,78.9629,0,5
30,1,0,0,0,2,0,3,20.5937,78.9629,3,4
31,0,0,0,1,0,0,1,26.8467,80.9462,3,0
26,0,1,8,1,0,0,0,12.9716,77.5946,0,5
30,1,0,8,3,2,2,0,20.5937,78.9629,0,5
30,0,0,8,2,2,3,0,20.5937,78.9629,1,6
44,0,0,7,2,3,0,1,20.5937,78.9629,3,1
44,0,0,12,2,3,1,0,20.5937,78.9629,2,6
44,0,0,3,1,4,4,2,20.5937,78.9629,2,6
44,0,0,2,1,2,2,0,20.5937,78.9629,3,4
44,0,0,12,3,4,4,0,20.5937,78.9629,0,6
44,0,0,12,3,0,0,1,20.5937,78.9629,3,5
44,1,0,8,0,1,2,1,20.5937,78.9629,3,0
26,0,1,5,3,0,0,3,12.9716,77.5946,0,3
40,0,0,3,0,0,0,1,20.5937,78.9629,3,1
44,0,0,3,3,3,2,1,20.5937,78.9629,1,5
17,0,0,8,3,0,0,3,20.5937,78.9629,2,2
44,0,0,8,0,0,0,2,20.5937,78.9629,2,1
44,0,0,16,4,1,3,1,20.5937,78.9629,1,1
44,0,0,13,2,0,0,1,20.5937,78.9629,1,1
44,2,0,6,3,0,0,0,20.5937,78.9629,2,5
44,0,0,7,0,3,3,0,20.5937,78.9629,1,3
44,0,0,6,3,4,3,3,20.5937,78.9629,0,1
44,2,0,5,3,1,1,1,20.5937,78.9629,2,3
44,0,0,5,3,1,3,3,20.5937,78.9629,0,1
44,0,0,0,3,2,0,1,20.5937,78.9629,2,2
44,0,0,8,2,0,0,0,20.5937,78.9629,1,1
44,0,1,0,0,0,0,0,20.5937,78.9629,2,6
44,0,1,6,4,3,2,0,20.5937,78.9629,1,1
44,2,0,12,0,0,0,3,20.5937,78.9629,1,6
44,1,0,8,0,0,0,2,20.5937,78.9629,3,5
45,0,0,5,1,1,3,3,26.4499,80.3319,2,6
45,2,0,3,0,0,0,3,26.4499,80.3319,0,1
45,1,1,8,0,0,0,1,26.4499,80.3319,1,0
45,1,0,12,0,0,0,0,26.4499,80.3319,1,5
45,0,0,8,0,3,4,0,26.4499,80.3319,0,1
45,0,0,6,1,2,0,1,26.4499,80.3319,1,6
45,1,0,3,4,0,0,0,26.4499,80.3319,3,6
45,0,1,7,2,3,3,0,26.4499,80.3319,2,0
43,0,0,6,0,0,0,2,20.5937,78.9629,2,6
45,0,0,2,1,3,1,1,26.4499,80.3319,2,1
45,1,2,17,3,4,2,3,26.4499,80.3319,0,3
45,0,2,14,2,4,2,3,26.4499,80.3319,2,0
37,1,0,12,2,0,0,0,20.5937,78.9629,1,4
45,1,0,14,0,1,0,2,26.4499,80.3319,2,5
24,0,0,12,4,0,0,3,20.5937,78.9629,0,3
18,0,1,7,3,0,0,3,21.1702,72.8311,3,1
37,0,0,12,0,0,0,0,20.5937,78.9629,1,0
35,0,0,3,2,0,0,0,18.5204,73.8567,0,0
45,0,0,0,0,1,3,0,26.4499,80.3319,3,2
45,0,0,12,3,2,3,0,26.4499,80.3319,0,0
45,0,0,3,0,3,3,0,26.4499,80.3319,0,5
45,1,0,12,1,3,2,2,26.4499,80.3319,0,0
47,0,0,12,1,0,0,1,20.5937,78.9629,2,5
45,0,0,12,2,0,0,0,26.4499,80.3319,1,3
15,0,0,3,4,0,0,1,20.5937,78.9629,3,2
47,2,0,3,0,4,1,0,20.5937,78.9629,1,2
47,0,0,12,3,3,3,0,20.5937,78.9629,0,0
47,0,1,1,0,2,1,0,20.5937,78.9629,1,6
47,1,1,3,4,1,4,1,20.5937,78.9629,3,6
47,1,1,8,4,0,0,0,20.5937,78.9629,1,2
47,1,0,5,2,4,3,0,20.5937,78.9629,0,0
47,0,0,3,3,4,3,2,20.5937,78.9629,2,0
47,0,0,3,0,1,2,0,20.5937,78.9629,1,2
24,2,1,1,0,0,0,2,20.5937,78.9629,1,1
47,0,0,5,0,0,0,0,20.5937,78.9629,0,4
47,0,0,14,0,0,0,3,20.5937,78.9629,0,6
47,0,0,1,0,2,3,2,20.5937,78.9629,3,5
47,1,0,6,0,3,0,1,20.5937,78.9629,1,1
29,1,0,0,1,0,0,2,20.5937,78.9629,1,1
47,0,0,5,1,2,4,3,20.5937,78.9629,0,5
47,0,0,6,4,1,4,2,20.5937,78.9629,2,1
47,0,0,7,1,0,0,3,20.5937,78.9629,2,3
47,1,0,3,3,4,3,1,20.5937,78.9629,2,1
47,0,0,3,0,4,0,3,20.5937,78.9629,3,6
47,0,0,3,4,4,2,0,20.5937,78.9629,1,1
47,1,0,14,0,3,4,1,20.5937,78.9629,3,1
47,1,1,2,0,3,3,2,20.5937,78.9629,3,0
47,0,1,0,0,4,1,2,20.5937,78.9629,1,2
47,0,0,13,0,0,0,3,20.5937,78.9629,2,2
47,0,1,0,0,3,2,1,20.5937,78.9629,0,4
22,1,0,8,4,0,0,2,20.5937,78.9629,0,0
7,1,0,5,1,0,0,1,22.5726,88.3639,0,2
22,1,0,6,0,2,4,2,20.5937,78.9629,0,5
22,2,0,3,2,1,4,1,20.5937,78.9629,2,0
22,0,0,5,4,1,2,3,20.5937,78.9629,3,1
22,2,0,8,0,3,4,1,20.5937,78.9629,1,0
22,2,0,12,3,0,0,3,20.5937,78.9629,0,5
22,0,0,8,0,3,3,0,20.5937,78.9629,0,4
22,0,0,0,0,2,4,3,20.5937,78.9629,1,1
22,0,0,8,3,2,3,0,20.5937,78.9629,2,1
22,0,0,0,1,4,1,3,20.5937,78.9629,0,6
22,0,0,7,0,3,4,1,20.5937,78.9629,1,6
22,1,1,2,3,0,0,2,20.5937,78.9629,3,5
22,1,0,8,0,1,1,1,20.5937,78.9629,0,2
46,1,1,5,0,0,0,1,20.5937,78.9629,3,1
22,1,0,8,2,0,0,3,20.5937,78.9629,1,1
22,0,0,7,0,4,2,1,20.5937,78.9629,1,1
22,0,0,0,4,4,3,0,20.5937,78.9629,0,0
22,0,0,7,0,0,0,0,20.5937,78.9629,0,0
22,2,0,8,1,0,0,0,20.5937,78.9629,1,6
22,0,0,7,1,4,1,0,20.5937,78.9629,0,3
22,0,0,12,0,4,3,0,20.5937,78.9629,1,2
22,1,0,9,4,2,1,1,20.5937,78.9629,1,2
22,1,0,12,0,3,0,0,20.5937,78.9629,1,2
22,1,0,2,0,0,0,0,20.5937,78.9629,2,0
7,0,0,6,3,3,3,2,22.5726,88.3639,3,1
7,1,0,3,3,3,2,1,22.5726,88.3639,3,3
7,1,0,3,0,4,4,2,22.5726,88.3639,1,5
7,0,0,8,4,3,4,2,22.5726,88.3639,0,4
7,1,0,8,0,1,4,0,22.5726,88.3639,0,6
27,0,0,2,0,0,0,0,20.5937,78.9629,1,2
7,0,0,3,0,2,2,0,22.5726,88.3639,3,1
7,0,0,6,3,2,0,1,22.5726,88.3639,0,1
7,0,0,2,0,1,3,3,22.5726,88.3639,0,6
15,0,0,6,0,0,0,0,20.5937,78.9629,2,3
7,0,1,0,0,0,0,1,22.5726,88.3639,0,1
7,2,1,17,4,0,0,1,22.5726,88.3639,0,0
7,1,0,8,1,3,0,1,22.5726,88.3639,1,4
7,1,1,8,0,4,2,0,22.5726,88.3639,1,5
7,2,0,8,0,3,3,0,22.5726,88.3639,3,0
7,1,0,2,1,3,1,0,22.5726,88.3639,1,5
7,0,0,6,4,3,2,0,22.5726,88.3639,0,3
7,1,0,13,0,3,1,0,22.5726,88.3639,1,1
7,2,0,1,1,0,0,1,22.5726,88.3639,3,1
7,1,0,5,0,4,4,3,22.5726,88.3639,3,2
7,0,0,2,3,3,4,0,22.5726,88.3639,2,1
7,2,0,7,0,0,0,0,22.5726,88.3639,0,0
7,0,1,2,0,2,2,2,22.5726,88.3639,3,6
7,2,0,8,3,0,0,2,22.5726,88.3639,0,3
30,0,0,0,1,0,0,1,20.5937,78.9629,2,6
33,1,0,2,0,0,0,3,20.5937,78.9629,0,2
33,0,0,5,0,0,0,0,20.5937,78.9629,1,4
33,1,1,8,4,2,2,3,20.5937,78.9629,3,2
33,1,1,0,0,3,4,0,20.5937,78.9629,3,3
33,0,1,8,2,4,2,3,20.5937,78.9629,3,5
33,0,1,2,3,3,4,0,20.5937,78.9629,3,4
33,1,0,2,0,0,0,0,20.5937,78.9629,2,4
33,2,1,7,3,0,0,1,20.5937,78.9629,3,5
33,0,1,2,0,1,0,3,20.5937,78.9629,1,0
33,0,1,12,0,3,1,0,20.5937,78.9629,0,2
33,0,1,12,2,2,0,1,20.5937,78.9629,0,1
33,1,1,7,1,1,3,0,20.5937,78.9629,3,0
33,0,0,9,3,2,4,3,20.5937,78.9629,1,1
33,0,0,8,3,2,3,3,20.5937,78.9629,3,3
33,0,0,2,3,2,2,0,20.5937,78.9629,0,2
33,0,0,6,0,0,0,2,20.5937,78.9629,3,3
33,0,0,8,0,0,0,2,20.5937,78.9629,3,3
33,0,0,7,0,1,3,0,20.5937,78.9629,3,5
33,1,0,7,0,0,0,1,20.5937,78.9629,1,3
33,0,0,6,2,2,4,0,20.5937,78.9629,0,1
4,0,0,12,0,0,0,2,20.5937,78.9629,2,1
33,0,0,3,4,1,2,0,20.5937,78.9629,1,6
33,0,0,2,1,3,2,0,20.5937,78.9629,0,0
33,0,1,0,0,0,0,2,20.5937,78.9629,0,0
33,0,1,12,0,0,0,0,20.5937,78.9629,2,2
16,0,1,14,3,2,1,0,20.5937,78.9629,0,5
11,1,0,14,1,0,0,0,20.5937,78.9629,1,3
16,0,0,7,0,0,0,0,20.5937,78.9629,0,1
16,0,0,2,1,4,4,1,20.5937,78.9629,1,1
16,0,0,3,0,2,4,3,20.5937,78.9629,0,5
16,0,0,12,4,2,4,2,20.5937,78.9629,1,1
16,0,0,8,0,1,1,0,20.5937,78.9629,3,1
16,0,0,9,2,1,3,3,20.5937,78.9629,1,4
46,1,0,18,1,0,0,3,20.5937,78.9629,1,2
16,1,0,3,2,4,1,3,20.5937,78.9629,2,0
16,0,0,12,0,2,4,2,20.5937,78.9629,1,2
16,2,0,0,4,4,1,2,20.5937,78.9629,1,0
16,0,0,17,0,1,1,0,20.5937,78.9629,1,6
16,0,0,3,0,2,2,0,20.5937,78.9629,0,0
16,0,0,12,0,1,4,0,20.5937,78.9629,1,4
16,0,0,6,4,4,4,2,20.5937,78.9629,3,0
16,1,0,0,4,1,3,0,20.5937,78.9629,2,5
16,0,0,2,0,4,3,0,20.5937,78.9629,0,2
16,1,0,16,0,1,4,0,20.5937,78.9629,0,2
16,1,0,8,0,2,4,0,20.5937,78.9629,0,6
16,1,0,12,3,4,3,0,20.5937,78.9629,0,0
16,0,0,8,0,4,4,0,20.5937,78.9629,2,5
16,1,0,2,3,2,3,0,20.5937,78.9629,2,3
16,1,0,7,0,0,0,0,20.5937,78.9629,3,5
16,1,0,8,0,0,0,1,20.5937,78.9629,0,0
15,2,1,8,2,0,0,0,20.5937,78.9629,0,4
31,0,0,2,0,0,0,0,26.8467,80.9462,3,6
31,0,0,8,0,4,1,2,26.8467,80.9462,2,6
31,0,1,2,2,4,2,3,26.8467,80.9462,3,0
31,2,0,8,0,2,1,3,26.8467,80.9462,0,4
31,0,0,8,0,4,0,1,26.8467,80.9462,3,5
31,0,0,8,3,3,1,0,26.8467,80.9462,1,3
31,0,0,2,0,4,3,0,26.8467,80.9462,1,0
31,0,0,3,0,4,4,0,26.8467,80.9462,3,2
31,0,0,0,0,1,3,2,26.8467,80.9462,2,2
31,1,0,3,0,0,0,2,26.8467,80.9462,1,0
49,0,1,8,0,0,0,0,20.5937,78.9629,0,1
31,1,1,1,0,0,0,2,26.8467,80.9462,3,0
31,1,1,5,0,1,1,0,26.8467,80.9462,3,4
31,0,0,5,4,3,2,2,26.8467,80.9462,1,2
31,1,0,3,0,2,4,0,26.8467,80.9462,1,6
31,0,0,7,2,3,3,1,26.8467,80.9462,0,1
31,0,0,6,0,1,4,0,26.8467,80.9462,1,3
31,0,0,2,0,4,2,1,26.8467,80.9462,0,2
31,0,0,2,0,0,0,0,26.8467,80.9462,3,2
31,2,0,1,3,2,2,0,26.8467,80.9462,3,4
31,0,0,8,2,1,4,3,26.8467,80.9462,0,3
31,1,0,6,4,3,4,0,26.8467,80.9462,1,2
31,1,0,3,3,4,3,0,26.8467,80.9462,3,1
31,0,0,2,4,2,4,2,26.8467,80.9462,2,0
43,0,0,8,3,0,0,0,20.5937,78.9629,0,3
43,0,1,12,2,4,3,1,20.5937,78.9629,2,5
37,0,0,7,1,0,0,1,20.5937,78.9629,1,5
1,0,0,12,0,0,0,0,27.1767,78.0081,1,0
43,1,0,0,2,4,2,0,20.5937,78.9629,0,0
43,0,0,8,2,3,0,1,20.5937,78.9629,3,0
43,0,0,8,4,0,0,0,20.5937,78.9629,3,5
43,0,0,8,0,2,4,2,20.5937,78.9629,1,1
43,1,1,2,0,2,1,0,20.5937,78.9629,1,4
43,2,1,2,0,2,1,1,20.5937,78.9629,2,0
43,2,1,0,2,0,0,1,20.5937,78.9629,0,3
43,0,0,3,3,0,0,1,20.5937,78.9629,0,4
43,0,2,6,3,3,3,0,20.5937,78.9629,2,0
43,0,0,0,0,2,3,3,20.5937,78.9629,3,5
43,1,0,12,0,1,2,2,20.5937,78.9629,3,1
43,0,0,12,3,2,1,1,20.5937,78.9629,0,6
43,1,0,18,3,3,3,0,20.5937,78.9629,2,2
43,0,0,7,3,2,4,0,20.5937,78.9629,1,5
11,0,0,6,1,0,0,1,20.5937,78.9629,0,6
43,0,2,12,1,1,4,2,20.5937,78.9629,1,1
43,0,0,0,0,0,0,2,20.5937,78.9629,3,5
43,0,2,12,0,1,3,2,20.5937,78.9629,3,6
43,1,0,6,0,3,4,2,20.5937,78.9629,0,4
43,1,0,3,0,2,0,3,20.5937,78.9629,0,1
43,1,0,2,3,1,1,0,20.5937,78.9629,3,2
19,1,0,6,0,3,1,0,20.5937,78.9629,0,3
19,0,0,12,0,4,2,0,20.5937,78.9629,1,6
19,2,0,0,4,2,2,1,20.5937,78.9629,1,5
19,0,0,8,4,4,4,0,20.5937,78.9629,1,2
19,2,0,2,2,3,3,0,20.5937,78.9629,1,5
26,2,0,2,0,0,0,0,12.9716,77.5946,0,5
19,0,0,8,0,0,0,0,20.5937,78.9629,3,4
19,0,0,2,0,1,2,3,20.5937,78.9629,0,6
10,0,1,12,1,0,0,2,20.5937,78.9629,1,0
19,1,0,2,3,1,2,3,20.5937,78.9629,0,5
49,0,0,8,1,0,0,2,20.5937,78.9629,1,0
19,1,0,3,1,2,4,1,20.5937,78.9629,2,1
19,0,0,8,0,4,3,0,20.5937,78.9629,0,2
19,1,1,14,2,2,4,0,20.5937,78.9629,0,1
19,1,0,8,1,1,3,3,20.5937,78.9629,0,1
19,0,0,1,1,3,4,0,20.5937,78.9629,3,5