Million_Plus_Cities,Age_band_of_driver,Accident_severity,Cause_of_accident,Weather Conditions,Road Type,Road Condition,Lighting Conditions,Latitude,Longitude,Time_Block,Vehicle Type Involved
19,0,0,18,0,4,2,0,20.5937,78.9629,2,6
19,0,0,7,1,2,2,2,20.5937,78.9629,3,6
19,0,0,0,0,3,1,1,20.5937,78.9629,0,0
19,0,0,3,0,1,2,2,20.5937,78.9629,0,3
19,0,0,2,3,1,3,0,20.5937,78.9629,1,3
19,0,0,3,3,0,0,0,20.5937,78.9629,2,2
19,0,0,18,0,3,3,0,20.5937,78.9629,3,4
19,0,0,6,2,2,3,0,20.5937,78.9629,0,4
17,0,0,6,0,0,0,1,20.5937,78.9629,3,2
3,1,1,2,0,0,0,1,20.5937,78.9629,3,2
3,0,1,3,0,3,3,0,20.5937,78.9629,2,2
3,0,1,3,2,4,2,2,20.5937,78.9629,0,6
3,0,0,2,4,2,2,0,20.5937,78.9629,1,0
3,0,0,2,0,3,2,3,20.5937,78.9629,0,0
3,2,0,9,1,3,3,1,20.5937,78.9629,3,2
3,0,0,1,4,1,1,3,20.5937,78.9629,1,0
3,0,0,2,0,0,0,0,20.5937,78.9629,2,3
3,0,0,18,2,1,3,1,20.5937,78.9629,0,4
3,2,0,12,0,1,1,0,20.5937,78.9629,3,5
3,1,1,0,0,3,1,2,20.5937,78.9629,0,6
3,0,0,8,0,4,3,0,20.5937,78.9629,1,1
3,0,0,6,2,0,0,0,20.5937,78.9629,2,6
23,0,0,16,0,0,0,3,17.385,78.4867,1,1
3,2,0,2,4,3,1,0,20.5937,78.9629,0,1
3,0,0,8,0,3,2,1,20.5937,78.9629,3,6
3,0,0,0,3,0,0,1,20.5937,78.9629,3,3
3,2,0,6,1,0,0,2,20.5937,78.9629,0,1
3,0,1,6,2,0,0,0,20.5937,78.9629,1,5
3,0,0,8,4,4,4,1,20.5937,78.9629,2,6
3,0,1,8,0,0,0,1,20.5937,78.9629,3,4
3,1,0,1,0,1,3,3,20.5937,78.9629,1,1
3,0,1,18,1,2,3,3,20.5937,78.9629,3,1
3,1,1,3,4,0,0,0,20.5937,78.9629,3,5
3,0,1,2,3,2,0,0,20.5937,78.9629,2,1
13,0,1,12,3,0,0,0,20.5937,78.9629,2,6
13,1,1,0,0,4,4,1,20.5937,78.9629,2,0
13,0,1,0,4,2,2,0,20.5937,78.9629,1,0
13,0,1,3,0,0,0,2,20.5937,78.9629,3,1
13,1,0,6,0,1,0,2,20.5937,78.9629,1,2
13,1,0,13,0,2,1,0,20.5937,78.9629,0,1
13,0,0,18,0,3,1,2,20.5937,78.9629,1,2
13,0,0,3,1,1,4,0,20.5937,78.9629,0,0
30,2,1,12,2,0,0,1,20.5937,78.9629,1,1
13,0,0,8,1,0,0,0,20.5937,78.9629,1,0
13,1,0,2,3,3,4,0,20.5937,78.9629,0,2
15,0,1,8,0,0,0,2,20.5937,78.9629,1,6
17,0,0,8,1,0,0,2,20.5937,78.9629,0,1
13,0,1,9,1,3,2,0,20.5937,78.9629,3,3
43,0,0,1,0,0,0,3,20.5937,78.9629,0,6
13,1,1,12,2,1,1,0,20.5937,78.9629,2,4
13,1,1,18,0,1,1,0,20.5937,78.9629,1,5
42,0,0,0,0,0,0,1,20.5937,78.9629,2,2
13,0,0,16,0,0,0,3,20.5937,78.9629,3,1
13,1,0,18,0,0,0,2,20.5937,78.9629,1,1
13,0,1,3,0,3,3,1,20.5937,78.9629,3,5
13,1,0,2,0,3,1,3,20.5937,78.9629,1,1
13,1,0,8,0,2,3,2,20.5937,78.9629,1,2
13,1,0,8,4,2,2,0,20.5937,78.9629,1,6
13,0,0,6,0,1,3,1,20.5937,78.9629,1,6
2,0,0,0,0,3,4,0,19.076,72.8777,2,5
2,1,0,0,0,4,3,0,19.076,72.8777,1,3
2,0,0,9,0,3,3,0,19.076,72.8777,1,6
2,1,0,2,0,1,4,0,19.076,72.8777,0,2
2,0,0,2,4,1,2,3,19.076,72.8777,3,0
2,0,0,6,0,2,1,1,19.076,72.8777,2,1
2,0,1,3,2,1,3,0,19.076,72.8777,0,1
2,0,1,3,0,1,2,1,19.076,72.8777,0,5
2,0,1,12,3,2,2,2,19.076,72.8777,0,1
2,2,0,2,1,0,0,3,19.076,72.8777,0,5
2,0,0,3,0,3,3,2,19.076,72.8777,0,4
2,2,0,18,0,0,0,0,19.076,72.8777,2,0
16,2,1,12,2,0,0,0,20.5937,78.9629,1,6
2,1,1,8,1,1,2,2,19.076,72.8777,3,5
23,1,1,6,0,0,0,0,17.385,78.4867,3,1
2,1,1,6,1,3,2,1,19.076,72.8777,2,0
2,1,0,6,0,1,3,0,19.076,72.8777,0,0
2,2,0,2,4,4,2,0,19.076,72.8777,0,3
2,1,0,0,3,1,3,3,19.076,72.8777,1,2
2,0,1,12,1,0,0,0,19.076,72.8777,0,4
2,1,0,18,0,1,3,1,19.076,72.8777,3,1
2,1,0,3,0,1,1,0,19.076,72.8777,1,3
2,1,0,6,0,2,3,3,19.076,72.8777,0,1
2,0,0,3,1,3,2,0,19.076,72.8777,3,1
46,1,0,14,3,0,0,2,20.5937,78.9629,3,2
46,1,0,0,2,1,3,2,20.5937,78.9629,0,1
46,0,0,6,0,0,0,0,20.5937,78.9629,0,5
46,1,0,8,2,4,4,3,20.5937,78.9629,0,5
46,1,0,12,1,2,2,0,20.5937,78.9629,2,4
46,0,0,2,3,2,2,1,20.5937,78.9629,1,1
46,0,0,6,2,2,1,2,20.5937,78.9629,1,2
46,0,0,6,3,1,2,3,20.5937,78.9629,1,1
46,0,0,8,0,4,4,0,20.5937,78.9629,3,5
46,0,0,14,0,2,3,0,20.5937,78.9629,2,3
46,0,0,12,1,3,2,1,20.5937,78.9629,2,4
46,0,0,12,0,1,4,2,20.5937,78.9629,3,4
46,2,0,3,0,0,0,1,20.5937,78.9629,3,4
46,0,0,12,3,1,1,3,20.5937,78.9629,3,2
46,0,0,2,0,3,2,2,20.5937,78.9629,0,1
46,0,0,12,3,0,0,0,20.5937,78.9629,1,3
46,2,0,12,0,2,2,1,20.5937,78.9629,3,1
46,0,0,18,2,1,1,0,20.5937,78.9629,1,2
46,0,0,12,0,3,2,3,20.5937,78.9629,1,0
46,0,0,8,0,1,1,0,20.5937,78.9629,1,6
46,1,1,12,0,0,0,3,20.5937,78.9629,0,4
46,0,0,14,0,2,3,1,20.5937,78.9629,1,0
46,0,0,1,0,4,2,2,20.5937,78.9629,0,4
46,0,1,8,0,0,0,1,20.5937,78.9629,3,4
46,1,0,12,1,1,4,1,20.5937,78.9629,0,4
46,1,0,6,0,1,4,0,20.5937,78.9629,0,1
27,1,0,6,1,2,1,3,20.5937,78.9629,3,2
27,0,0,6,0,2,0,1,20.5937,78.9629,0,0
27,0,0,6,0,3,1,1,20.5937,78.9629,1,2
27,0,0,8,0,2,3,0,20.5937,78.9629,3,0
27,1,0,0,0,4,4,1,20.5937,78.9629,2,6
27,0,0,8,0,3,3,0,20.5937,78.9629,1,2
27,0,0,2,0,4,2,0,20.5937,78.9629,1,1
27,1,0,2,1,1,4,0,20.5937,78.9629,0,1
27,0,0,7,0,3,4,0,20.5937,78.9629,2,3
27,0,0,0,4,3,0,0,20.5937,78.9629,0,2
27,1,0,2,4,2,1,1,20.5937,78.9629,0,5
27,0,0,8,0,3,3,3,20.5937,78.9629,2,2
27,0,0,6,0,0,0,0,20.5937,78.9629,2,2
8,1,1,3,0,0,0,2,20.5937,78.9629,0,2
27,1,0,8,2,4,3,2,20.5937,78.9629,1,1
27,0,0,8,0,0,0,1,20.5937,78.9629,0,2
27,0,1,9,0,0,0,2,20.5937,78.9629,3,5
27,0,0,7,0,1,2,3,20.5937,78.9629,1,1
27,0,0,2,2,1,4,0,20.5937,78.9629,2,3
27,1,0,8,0,3,2,1,20.5937,78.9629,1,4
27,0,0,12,0,2,2,3,20.5937,78.9629,0,0
48,0,1,8,3,0,0,0,20.5937,78.9629,0,6
27,0,1,3,0,0,0,0,20.5937,78.9629,0,4
27,0,0,1,0,2,2,3,20.5937,78.9629,0,2
27,0,0,12,3,2,2,2,20.5937,78.9629,1,3
34,0,0,0,0,4,4,0,25.5941,85.1376,0,5
34,0,0,8,4,3,2,2,25.5941,85.1376,1,4
34,0,0,1,0,2,1,2,25.5941,85.1376,2,0
34,0,0,12,3,3,0,1,25.5941,85.1376,1,0
13,0,0,12,0,0,0,0,20.5937,78.9629,2,6
34,1,0,0,0,1,1,2,25.5941,85.1376,3,5
25,0,0,12,0,0,0,2,20.5937,78.9629,3,6
8,0,0,14,4,0,0,3,20.5937,78.9629,2,1
34,0,0,2,2,3,0,0,25.5941,85.1376,1,0
34,0,0,8,1,3,2,1,25.5941,85.1376,3,1
34,0,0,8,0,2,1,0,25.5941,85.1376,0,1
34,0,0,3,3,0,0,0,25.5941,85.1376,1,2
34,0,0,18,0,0,0,1,25.5941,85.1376,1,2
34,0,0,3,3,4,2,0,25.5941,85.1376,2,0
34,0,0,2,0,4,3,0,25.5941,85.1376,2,3
34,0,1,0,0,0,0,2,25.5941,85.1376,1,5
34,1,0,8,0,4,2,1,25.5941,85.1376,2,2
34,0,0,3,2,0,0,0,25.5941,85.1376,1,3
34,0,0,0,0,1,0,0,25.5941,85.1376,0,6
34,0,0,8,2,3,1,1,25.5941,85.1376,1,4
34,0,0,14,0,0,0,1,25.5941,85.1376,0,6
39,0,0,14,0,0,0,0,20.5937,78.9629,1,3
34,0,0,0,2,3,4,0,25.5941,85.1376,3,1
34,0,0,0,4,0,0,1,25.5941,85.1376,3,6
34,0,0,1,1,0,0,1,25.5941,85.1376,1,2
35,1,0,12,4,2,1,3,18.5204,73.8567,0,1
35,0,0,2,2,4,2,3,18.5204,73.8567,0,0
35,0,0,18,1,1,3,3,18.5204,73.8567,1,1
35,1,0,8,0,0,0,1,18.5204,73.8567,3,6
35,1,0,0,0,3,3,0,18.5204,73.8567,1,5
35,0,0,2,0,0,0,3,18.5204,73.8567,1,5
35,0,1,3,1,1,0,1,18.5204,73.8567,3,2
35,1,0,8,3,3,2,3,18.5204,73.8567,0,6
35,1,0,13,0,0,0,2,18.5204,73.8567,0,5
35,2,0,3,0,3,4,0,18.5204,73.8567,1,6
41,2,0,6,0,0,0,0,20.5937,78.9629,3,4
35,1,0,8,1,2,0,2,18.5204,73.8567,0,6
35,0,0,17,3,2,3,2,18.5204,73.8567,3,6
35,0,1,8,4,0,0,0,18.5204,73.8567,1,1
35,0,0,3,3,0,0,0,18.5204,73.8567,0,5
35,0,0,8,2,0,0,0,18.5204,73.8567,2,0
35,2,0,2,0,1,0,0,18.5204,73.8567,0,4
35,0,0,12,0,3,0,0,18.5204,73.8567,0,0
35,1,0,3,3,1,1,0,18.5204,73.8567,0,1
35,0,0,6,1,0,0,0,18.5204,73.8567,3,3
26,0,1,8,0,0,0,0,12.9716,77.5946,0,2
3,1,0,7,4,0,0,0,20.5937,78.9629,2,1
35,0,0,7,0,1,3,0,18.5204,73.8567,1,0
35,0,0,6,0,1,3,0,18.5204,73.8567,0,6
35,0,0,2,3,1,2,1,18.5204,73.8567,3,2
6,1,0,2,0,1,4,2,20.5937,78.9629,1,0
6,1,0,8,0,4,1,0,20.5937,78.9629,3,0
6,1,0,6,4,4,2,0,20.5937,78.9629,1,6
12,1,1,8,3,0,0,0,28.6139,77.209,1,0
2,0,0,8,1,0,0,0,19.076,72.8777,1,0
6,0,0,3,0,4,4,0,20.5937,78.9629,1,6
6,0,1,2,4,0,0,1,20.5937,78.9629,0,1
6,0,0,8,0,3,3,3,20.5937,78.9629,2,2
6,0,1,16,1,4,4,3,20.5937,78.9629,0,0
31,0,0,6,1,0,0,1,26.8467,80.9462,1,5
46,1,0,0,0,0,0,0,20.5937,78.9629,1,1
6,1,1,18,2,4,0,3,20.5937,78.9629,0,0
40,1,0,0,2,0,0,1,20.5937,78.9629,1,5
6,0,0,3,0,0,0,0,20.5937,78.9629,0,3
30,0,1,11,0,0,0,1,20.5937,78.9629,0,0
6,0,0,18,2,0,0,0,20.5937,78.9629,3,5
6,0,1,12,0,4,1,2,20.5937,78.9629,0,5
6,0,1,8,0,4,1,3,20.5937,78.9629,1,0
6,0,0,6,0,0,0,1,20.5937,78.9629,0,1
6,0,0,11,3,4,3,3,20.5937,78.9629,0,3
0,1,0,18,0,0,0,3,26.9124,75.7873,1,3
6,0,0,3,0,4,4,1,20.5937,78.9629,1,0
6,0,0,3,0,0,0,2,20.5937,78.9629,3,0
6,0,1,3,1,0,0,2,20.5937,78.9629,2,2
6,0,2,3,0,4,2,1,20.5937,78.9629,3,1
49,2,2,0,2,2,1,0,20.5937,78.9629,0,6
49,1,0,8,3,0,0,0,20.5937,78.9629,1,2
49,0,2,11,0,1,4,0,20.5937,78.9629,0,5
49,0,0,8,0,3,4,0,20.5937,78.9629,2,0
49,0,1,12,1,1,1,0,20.5937,78.9629,3,0
49,0,0,8,4,0,0,0,20.5937,78.9629,2,1
49,1,0,8,0,0,0,0,20.5937,78.9629,1,5
49,0,0,8,0,1,0,3,20.5937,78.9629,3,0
18,1,1,3,0,0,0,1,21.1702,72.8311,0,6
49,0,0,8,4,2,4,0,20.5937,78.9629,0,6
49,0,0,6,0,2,3,1,20.5937,78.9629,0,6
49,0,0,2,1,0,0,3,20.5937,78.9629,0,2
49,1,0,0,4,3,4,3,20.5937,78.9629,3,0
49,0,0,12,4,1,4,1,20.5937,78.9629,0,0
49,2,1,2,1,0,0,2,20.5937,78.9629,3,0
49,0,0,7,1,4,4,0,20.5937,78.9629,0,6
49,1,0,8,4,3,3,0,20.5937,78.9629,0,2
49,0,1,8,0,0,0,1,20.5937,78.9629,0,1
49,2,0,16,0,1,2,0,20.5937,78.9629,2,3
31,0,1,8,3,0,0,0,26.8467,80.9462,0,2
49,0,0,19,3,1,1,0,20.5937,78.9629,2,0
49,0,0,0,0,1,3,3,20.5937,78.9629,0,0
49,0,0,7,0,4,1,2,20.5937,78.9629,3,5
49,1,0,2,0,3,2,1,20.5937,78.9629,0,6
49,1,0,2,0,3,2,0,20.5937,78.9629,1,1
15,0,0,9,0,3,2,0,20.5937,78.9629,1,5
15,1,0,8,2,0,0,0,20.5937,78.9629,1,1
4,1,0,3,0,0,0,0,20.5937,78.9629,3,5
15,0,2,3,4,3,2,1,20.5937,78.9629,3,6
15,0,2,0,3,1,4,0,20.5937,78.9629,0,5
27,0,0,13,2,0,0,3,20.5937,78.9629,2,1
15,0,2,2,1,4,4,0,20.5937,78.9629,0,0
15,0,0,0,0,3,2,2,20.5937,78.9629,0,0
15,1,0,1,1,1,4,0,20.5937,78.9629,0,2
15,1,1,2,2,0,0,0,20.5937,78.9629,1,1
15,0,0,3,0,2,1,0,20.5937,78.9629,0,0
15,1,0,1,0,0,0,3,20.5937,78.9629,2,3
15,0,0,4,1,4,4,0,20.5937,78.9629,1,6
15,2,0,5,0,2,2,0,20.5937,78.9629,0,5
15,2,0,6,3,3,2,0,20.5937,78.9629,1,2
15,0,0,3,0,2,4,0,20.5937,78.9629,1,3
15,2,0,0,0,4,0,0,20.5937,78.9629,1,6
15,2,0,2,0,0,0,0,20.5937,78.9629,0,2
9,0,0,7,0,0,0,0,20.5937,78.9629,3,0
15,1,1,8,0,2,2,0,20.5937,78.9629,0,4
15,1,1,6,0,1,4,2,20.5937,78.9629,0,6
15,0,0,8,0,3,4,3,20.5937,78.9629,0,6
15,0,0,8,3,1,3,0,20.5937,78.9629,1,3
15,1,0,0,0,1,1,2,20.5937,78.9629,1,5
23,0,0,3,4,0,0,0,17.385,78.4867,1,6
18,0,0,7,2,0,0,0,21.1702,72.8311,0,0
18,1,0,0,3,3,3,0,21.1702,72.8311,0,6
18,2,0,9,0,4,2,0,21.1702,72.8311,3,4
18,1,0,1,0,1,1,1,21.1702,72.8311,0,1
18,0,1,4,3,4,0,1,21.1702,72.8311,0,0
18,1,0,3,0,0,0,0,21.1702,72.8311,1,4
18,0,1,10,0,4,4,2,21.1702,72.8311,0,5
18,1,0,5,0,1,4,2,21.1702,72.8311,0,4
18,1,0,2,2,2,1,0,21.1702,72.8311,2,1
18,0,0,3,0,3,1,0,21.1702,72.8311,1,2
18,0,0,7,1,2,3,0,21.1702,72.8311,2,0
18,0,0,11,3,1,2,0,21.1702,72.8311,1,3
18,0,1,2,1,0,0,3,21.1702,72.8311,0,6
18,1,0,6,0,2,4,1,21.1702,72.8311,0,4
25,2,0,3,0,0,0,0,20.5937,78.9629,2,6
18,1,0,8,1,3,1,0,21.1702,72.8311,2,3
18,0,1,7,0,0,0,3,21.1702,72.8311,0,1
23,0,0,8,0,0,0,0,17.385,78.4867,3,0
18,0,1,6,4,0,0,0,21.1702,72.8311,1,5
18,1,0,5,2,4,2,0,21.1702,72.8311,1,6
18,0,1,12,2,0,0,0,21.1702,72.8311,2,2
18,1,0,2,1,1,1,3,21.1702,72.8311,1,6
18,0,0,12,0,0,0,0,21.1702,72.8311,0,2
36,0,0,2,3,0,0,0,25.3176,82.9739,2,5
18,0,0,6,0,4,1,3,21.1702,72.8311,2,5
4,0,0,8,3,0,0,0,20.5937,78.9629,1,2
42,0,0,3,0,4,2,3,20.5937,78.9629,3,6
42,0,1,3,4,3,2,2,20.5937,78.9629,3,4
42,0,1,13,2,3,1,1,20.5937,78.9629,0,3
42,0,1,8,1,2,4,0,20.5937,78.9629,3,1
42,1,1,3,2,0,0,3,20.5937,78.9629,1,2
42,1,1,2,4,0,0,1,20.5937,78.9629,0,1
42,1,1,9,2,2,2,2,20.5937,78.9629,1,0
42,0,0,5,3,3,2,0,20.5937,78.9629,3,3
16,0,0,5,0,0,0,0,20.5937,78.9629,1,3
42,2,0,8,4,3,3,2,20.5937,78.9629,0,1
42,0,0,6,4,3,2,0,20.5937,78.9629,0,6
42,0,0,1,0,1,2,3,20.5937,78.9629,0,4
35,1,1,7,0,0,0,2,18.5204,73.8567,0,1
3,1,1,8,4,0,0,0,20.5937,78.9629,0,0
42,2,0,3,1,3,3,0,20.5937,78.9629,1,4
42,1,0,12,2,0,0,1,20.5937,78.9629,1,1
30,0,1,3,0,0,0,3,20.5937,78.9629,3,6
42,0,0,1,3,1,3,0,20.5937,78.9629,0,1
42,0,0,5,4,2,2,1,20.5937,78.9629,3,0
42,0,0,14,4,0,0,3,20.5937,78.9629,1,6
13,2,0,13,0,0,0,3,20.5937,78.9629,3,3
42,2,1,15,0,4,3,0,20.5937,78.9629,0,1
42,0,1,3,3,1,3,3,20.5937,78.9629,3,2
42,0,1,8,4,1,3,3,20.5937,78.9629,0,5
4,0,1,5,4,4,3,3,20.5937,78.9629,1,0
4,1,1,6,1,0,0,2,20.5937,78.9629,3,1
4,0,0,2,3,3,4,1,20.5937,78.9629,0,1
4,1,0,7,3,0,0,0,20.5937,78.9629,0,2
4,0,0,1,4,1,2,0,20.5937,78.9629,0,0
4,0,0,12,0,0,0,0,20.5937,78.9629,3,2
4,1,0,6,2,0,0,1,20.5937,78.9629,0,1
4,2,0,7,0,4,1,3,20.5937,78.9629,2,4
4,0,0,3,4,1,1,0,20.5937,78.9629,1,1
4,0,1,12,1,4,4,0,20.5937,78.9629,0,5
4,0,1,3,0,2,0,0,20.5937,78.9629,2,5
4,0,0,3,0,0,0,0,20.5937,78.9629,2,5
4,1,0,2,1,0,0,3,20.5937,78.9629,1,1
4,1,0,16,0,3,4,2,20.5937,78.9629,1,5
4,1,0,12,0,1,0,1,20.5937,78.9629,0,5
4,1,0,8,0,0,0,1,20.5937,78.9629,3,1
28,1,0,12,0,0,0,0,20.5937,78.9629,0,6
38,1,1,2,3,0,0,0,20.5937,78.9629,0,1
14,1,0,6,0,0,0,1,13.0827,80.2707,1,0
4,2,0,3,0,0,0,0,20.5937,78.9629,1,2
4,0,0,8,0,0,0,2,20.5937,78.9629,3,0
32,0,1,0,4,0,0,3,20.5937,78.9629,0,2
4,0,0,0,3,0,0,0,20.5937,78.9629,0,0
34,0,0,8,0,0,0,0,25.5941,85.1376,3,4
4,0,0,8,0,1,2,0,20.5937,78.9629,0,5
21,1,1,8,1,0,0,3,20.5937,78.9629,0,6
21,0,0,7,4,2,2,0,20.5937,78.9629,0,2
21,1,0,12,4,1,4,0,20.5937,78.9629,2,4
21,1,0,3,4,0,0,0,20.5937,78.9629,0,4
21,1,0,2,2,4,1,1,20.5937,78.9629,0,4
21,1,0,12,0,0,0,0,20.5937,78.9629,3,3
21,1,0,12,0,3,4,2,20.5937,78.9629,1,6
21,1,0,8,0,4,4,1,20.5937,78.9629,3,0
21,0,1,5,3,2,2,3,20.5937,78.9629,3,3
21,0,1,3,0,4,3,1,20.5937,78.9629,3,5
21,1,1,3,0,4,3,3,20.5937,78.9629,1,4
21,1,1,8,0,0,0,0,20.5937,78.9629,1,1
21,0,0,8,0,1,2,3,20.5937,78.9629,2,1
21,0,0,16,2,3,1,0,20.5937,78.9629,0,3
21,0,0,13,0,4,4,3,20.5937,78.9629,1,0
21,1,0,6,1,3,3,1,20.5937,78.9629,1,6
21,1,1,7,0,3,3,2,20.5937,78.9629,0,1
21,0,1,6,0,3,1,0,20.5937,78.9629,2,5
21,0,1,5,0,1,2,3,20.5937,78.9629,3,1
21,1,1,5,2,1,3,2,20.5937,78.9629,3,1
45,0,1,0,0,0,0,1,26.4499,80.3319,0,0
21,2,1,8,2,4,2,2,20.5937,78.9629,1,2
21,0,1,0,3,2,4,0,20.5937,78.9629,2,6
21,0,0,6,0,1,4,2,20.5937,78.9629,0,3
21,0,0,12,0,2,4,2,20.5937,78.9629,3,6
25,0,1,8,1,0,0,2,20.5937,78.9629,0,4
25,0,0,5,2,0,0,0,20.5937,78.9629,0,1
25,1,1,3,1,2,0,0,20.5937,78.9629,3,6
25,1,1,8,1,3,2,3,20.5937,78.9629,1,1
25,0,1,12,1,3,3,2,20.5937,78.9629,1,5
25,0,1,8,0,0,0,0,20.5937,78.9629,0,2
25,0,0,6,1,0,0,1,20.5937,78.9629,2,2
25,0,0,3,1,2,1,2,20.5937,78.9629,3,6
25,0,0,7,1,4,1,1,20.5937,78.9629,2,3
25,0,0,6,0,3,4,0,20.5937,78.9629,2,4
25,1,0,2,2,0,0,3,20.5937,78.9629,1,2
25,1,0,17,0,1,2,2,20.5937,78.9629,0,1
24,1,1,14,3,0,0,1,20.5937,78.9629,1,5
25,0,0,12,1,1,3,3,20.5937,78.9629,0,5
25,0,0,14,3,4,1,2,20.5937,78.9629,2,1
25,0,0,12,1,1,3,1,20.5937,78.9629,1,1
25,0,0,7,0,0,0,3,20.5937,78.9629,2,2
25,0,0,12,3,2,3,0,20.5937,78.9629,3,1
25,0,0,3,0,1,2,0,20.5937,78.9629,0,2
25,0,1,0,0,3,2,0,20.5937,78.9629,0,1
25,1,0,12,0,1,1,3,20.5937,78.9629,0,6
25,1,0,3,0,0,0,3,20.5937,78.9629,3,0
25,0,0,12,3,3,2,1,20.5937,78.9629,1,2
25,1,1,12,2,3,4,0,20.5937,78.9629,0,6
25,1,1,12,1,1,4,0,20.5937,78.9629,1,0
36,1,1,3,0,4,2,2,25.3176,82.9739,2,5
36,0,1,3,4,4,4,3,25.3176,82.9739,0,2
36,0,1,12,4,3,2,0,25.3176,82.9739,3,5
36,0,1,1,2,0,0,2,25.3176,82.9739,2,6
0,1,0,3,0,0,0,3,26.9124,75.7873,3,3
21,0,1,8,0,0,0,0,20.5937,78.9629,0,2
36,0,0,5,2,0,0,0,25.3176,82.9739,0,5
36,0,0,3,0,4,0,0,25.3176,82.9739,0,0
36,0,0,3,2,4,1,0,25.3176,82.9739,3,3
36,0,1,1,1,1,3,1,25.3176,82.9739,3,1
36,0,0,5,2,0,0,0,25.3176,82.9739,0,2
36,1,0,14,4,0,0,1,25.3176,82.9739,3,3
36,1,0,1,0,1,3,1,25.3176,82.9739,2,0
36,0,0,6,0,0,0,0,25.3176,82.9739,2,5
37,1,0,0,0,0,0,2,20.5937,78.9629,0,2
36,0,0,5,0,3,0,0,25.3176,82.9739,2,4
36,0,0,6,0,1,3,0,25.3176,82.9739,3,4
36,0,0,7,2,3,2,0,25.3176,82.9739,2,5
36,2,0,3,0,2,4,1,25.3176,82.9739,2,0
36,1,0,3,0,1,4,0,25.3176,82.9739,2,6
36,0,1,3,0,4,3,0,25.3176,82.9739,2,2
36,0,0,14,3,4,3,0,25.3176,82.9739,1,1
36,0,0,2,0,1,1,1,25.3176,82.9739,0,5
46,0,0,0,0,0,0,0,20.5937,78.9629,0,3
36,1,0,13,2,2,2,0,25.3176,82.9739,0,4
38,0,0,0,4,4,4,0,20.5937,78.9629,0,1
38,0,0,8,2,0,0,1,20.5937,78.9629,1,0
38,0,0,5,1,4,1,1,20.5937,78.9629,1,0
38,2,0,6,4,2,4,1,20.5937,78.9629,0,6
38,0,0,3,0,4,2,2,20.5937,78.9629,3,6
38,0,0,5,1,3,4,0,20.5937,78.9629,2,5
38,1,0,8,4,2,4,0,20.5937,78.9629,0,0
44,0,0,12,1,0,0,0,20.5937,78.9629,3,1
38,0,0,8,3,3,3,0,20.5937,78.9629,0,0
38,0,0,0,0,3,0,0,20.5937,78.9629,1,3
38,0,0,8,3,3,2,2,20.5937,78.9629,1,2
38,1,0,0,2,3,2,0,20.5937,78.9629,1,6
38,0,0,7,2,0,0,0,20.5937,78.9629,0,2
38,1,1,2,3,0,0,0,20.5937,78.9629,1,5
38,0,0,8,1,0,0,2,20.5937,78.9629,3,0
38,1,0,5,1,3,4,0,20.5937,78.9629,1,1
38,0,0,8,4,4,3,0,20.5937,78.9629,1,1
38,0,1,7,0,0,0,2,20.5937,78.9629,2,5
38,0,0,0,0,2,2,0,20.5937,78.9629,2,6
38,0,0,7,0,4,3,1,20.5937,78.9629,1,4
38,0,0,8,3,0,0,3,20.5937,78.9629,1,2
38,0,0,7,4,3,3,1,20.5937,78.9629,1,4
38,1,1,12,1,0,0,0,20.5937,78.9629,1,1
38,2,1,9,4,2,4,1,20.5937,78.9629,1,2
38,1,0,12,2,4,4,3,20.5937,78.9629,3,2
48,1,0,2,3,2,1,0,20.5937,78.9629,1,6
48,0,0,6,0,4,4,1,20.5937,78.9629,3,2
48,1,0,3,1,3,3,2,20.5937,78.9629,1,4
48,0,0,3,0,0,0,2,20.5937,78.9629,1,6
48,1,0,8,0,4,1,3,20.5937,78.9629,3,5
46,0,0,8,0,0,0,3,20.5937,78.9629,0,1
48,1,0,2,0,1,0,3,20.5937,78.9629,1,6
48,0,0,3,2,4,1,0,20.5937,78.9629,3,5
48,1,0,6,0,3,2,0,20.5937,78.9629,0,3
48,1,0,2,0,0,0,0,20.5937,78.9629,3,6
48,1,0,6,0,0,0,0,20.5937,78.9629,1,1
47,1,1,0,0,0,0,2,20.5937,78.9629,0,6
48,1,0,17,2,1,1,3,20.5937,78.9629,1,0
48,0,0,8,0,2,1,0,20.5937,78.9629,2,2
48,0,0,8,3,3,2,0,20.5937,78.9629,0,6
48,0,0,8,0,4,3,1,20.5937,78.9629,0,6
48,0,0,2,0,1,1,1,20.5937,78.9629,3,2
48,0,0,6,1,2,0,2,20.5937,78.9629,2,6
48,2,0,13,1,4,0,0,20.5937,78.9629,2,1
48,0,1,1,0,4,3,2,20.5937,78.9629,0,6
48,0,1,5,2,0,0,1,20.5937,78.9629,3,5